BSU	Gene	A22	Acriflavine	Actinomycin_D	Aztreonam	Benzalkonium	Cefaclor	Cefoxitin	Cerulenin	Chlorhexidine	Ciprofloxacin	Copper(II)_stress	Cycloserine_D	Dibucaine	Dipyridyl	Doxycycline	EDTA	Ethidium_bromide	Fosfomycin	Fusidic_acid	Gliotoxin	Holomycin	Iron(II)_stress	Mupirocin	Nalidixic_acid	Novobiocin	PAC-holo	Phenazine_monosulfate	Propidium_iodide	Puromycin	Rifampicin	SDS	Sulfamonomethoxine	Thiolutin	Triclosan	Trimethoprim	Vancomycin
BSU00010	dnaA	-1.407982749	1.023839744	5.101031617	0.610596327	0.8268553225	0.17371365	-0.9510913755	0.078390975	-0.821170144	0.093820761	-2.132408448	-2.847111287	-0.202133747	-0.1501973355	2.202766614	-1.760807568	-1.024809516	-0.532298881	1.231893037	0.005140261	0.154422494	0.859502218	-1.032398869	-0.453062495	-0.602306157	0.714288196	0.387396686	-1.005819893	-2.322398019	-0.1108679245	1.353327541	-0.085206614	0.610552476	0.980265632	1.021786855	0.4028317285
BSU00020	dnaN	0.626242856	-0.721384875	5.894369372	-3.954725059	0.718663976	-3.382799647	-1.458499086	1.164553156	1.114911007	-3.659379825	-1.028717914	-1.359498959	0.349952545	-1.5789291125	0.581282921	0.15427007	-0.388813992	-1.2153072035	2.311030345	-0.874325888	-1.771889691	0.194208285	0.332412361	-3.94537254	0.076239334	1.337704503	0.544047773	0.501092347	0.003325852	0.0906661825	0.380844725	-0.266591622	-1.661392891	2.383468664	0.48699374	-0.00295722800000001
BSU00060	gyrB	0.486172815	-1.389452796	1.813881834	-1.460451222	0.594149155	5.889372149	0.685148406	0.1825161	-0.356768032	-0.034420031	1.253352326	0.489348927	0.522946184	-0.178587266	-1.687801457	-0.452606301	-1.807044445	1.2249985025	2.56473321	-2.667327395	-1.173628391	0.0011631025	-0.11166641	-0.70514253	-2.275943579	0.469955416	-2.071097885	0.063896417	-0.367295807	0.817368928	-0.098988294	1.027410744	-1.176445943	1.740929876	0.3574028655	1.624851163
BSU00070	gyrA	0.24059442	-2.167055609	2.697875066	-0.5592600345	-0.194740457	6.264410195	-0.1675617245	0.868460891	0.13459452	-1.580740453	1.138955284	0.862015246	0.306247556	4.1973208975	-0.913661441	0.331713831	-1.487670487	0.4776557255	0.994803988	0.270162983	-0.14617044	0.205446053	-0.927648528	-1.319319947	-2.057399689	-2.428797367	-0.379492328	0.119282302	0.23654987	0.985339808	0.894539231	1.280524084	-0.383520956	1.114043009	0.531777796	0.814489352
BSU00090	guaB	-0.1879543895	-0.157443148	-2.145583267	-1.4467571675	-1.0962553025	0.746831771	-0.3108873565	-0.251330616	-1.047186071	0.649103889	-0.4617786	-0.386622869	-1.293749173	-0.7330764865	0.127750239	-0.455588306	-0.926049675	-0.055958365	1.702196975	-0.560621403	-0.676562575	0.709556045	0.562083524	1.326290215	0.842611626	0.5237931985	-0.177996351	-0.314127669	-0.865802788	0.011990605	-0.091477125	0.042626572	-1.446613085	2.246706862	0.471600213	-0.691199233
BSU00130	serS	-0.0663753295	0.014435212	-0.394611924	-0.4947192205	0.1189672355	-0.263152894	-0.268858871	-0.910203555	-0.625462274	0.660258662	-0.22564788	0.420774041	-0.30657612	0.0423193985	-1.318229213	0.770462651	-0.42455312	-0.39260109	-0.027726188	0.36390176	1.064346841	-0.6431029415	0.106830211	0.537352027	-0.202582689	-0.0466088865	1.303804468	0.297651717	0.607107721	-0.1672762255	-0.189307749	0.244964737	0.134369617	-0.572268676	0.716629059	-0.320133909
BSU00190	dnaX	0.9157500125	-2.175561049	6.613244075	-3.5861464875	1.646321256	-5.092878901	-1.620033208	1.603342848	1.128906324	-2.056294692	-1.4360694	-0.691899931	0.157232351	-0.3147263685	-0.652398156	0.068756485	-3.626114765	-1.1011888885	3.334917959	0.605841898	1.08495595	0.5721214865	0.116699369	-2.762733871	1.699596309	2.8288334675	1.206300788	0.052351869	-0.4685668	0.474906354	0.451211851	-0.208277231	0.208134253	0.972659723	0.5835705375	0.735874618
BSU00310	holB	0.757490451	2.049214014	2.962355731	3.322693427	1.4650886735	-0.416837677	0.290767975	-0.856096962	0.83100662	0.775046548	0.024105809	0.651652219	1.35366064	0.39106202	1.430511999	0.872310004	0.520790321	-0.409808169	-0.357643194	0.527998922	0.255666129	-0.342589653	-0.775640819	0.416158563	-0.680697576	1.5624057565	-0.135157772	0.242903743	1.020746154	0.0137813545	-0.525825655	0.126787354	-0.503402114	-2.665629501	-1.692748934	0.955973534
BSU00380	metS	-0.234827433	-0.135951151	-0.346888675	0.407932717	-0.7320145935	1.578564806	-0.17566814	-0.230843898	0.281631621	0.605889704	1.991520503	-0.141440722	-0.256340985	-2.2072209735	-0.417025796	-0.221324825	-0.195712922	-0.164168018	-0.973054885	0.909504618	2.744822734	-1.130035925	0.864549275	0.9507491	-0.771455177	-0.078966154	0.497938796	0.726712074	0.173783961	0.105350833	-0.773925847	0.477086647	1.225522511	-1.413740277	0.7899282105	-0.9728668705
BSU00460	ipk	0.410760483	0.365273189	-1.052761798	1.1261865995	-1.109200102	0.544298795	0.970880263	1.021346468	-0.781175394	0.009702491	-1.143582054	1.157312647	-1.090105414	-1.4304510655	0.973437169	-0.163436561	0.472993038	3.450346789	1.7510892635	0.058096936	-1.507792489	-1.6810050705	-0.214563747	0.470540929	-1.283331532	0.6475165055	0.099291493	-0.855190998	-0.447422713	0.5890203175	-1.443760529	0.059446335	-1.301392489	-0.570543398	0.037889256	0.2176170605
BSU00500	glmU	0.713717609	-0.75346031	0.685887417	-0.6911045535	0.779200415	-1.664872532	-0.4174391665	-0.290839064	1.873515051	0.278291568	1.732422889	1.179816048	0.239429754	0.659245731	1.530851738	0.679259764	-1.188311621	1.0902922505	-0.1321508325	2.058551263	2.214064144	-3.103371336	0.036727852	-0.197658031	-1.473945199	1.58392639	0.536157549	-0.17352225	0.408560575	0.758324734	-1.211954588	0.280858653	2.766398381	0.783333667	-0.230103752	-0.474982811
BSU00510	prs	0.457633562	-0.24135905	0.160432532	-0.559924614	0.748951243	0.504147878	-0.351720751	-0.63373133	1.449130591	0.361117425	3.800666971	-0.043435555	0.628557175	1.9655423025	1.960515222	0.954190868	0.962334015	-0.09531752	-0.7093350725	0.854914059	3.483075909	-3.249660361	-0.289292591	1.028151099	-2.535437423	-0.847838258	2.484420017	-0.661711696	0.313183795	0.252632271	-0.176799619	-0.041155515	2.527499141	1.957333941	-0.8995320345	-0.50318713
BSU00530	pth	0.0895067425	-0.51675489	1.908357678	-1.077287922	0.370876602	0.988412249	-0.392279477	0.248901379	-0.871084184	0.149364363	0.0123733	0.847905143	-0.843179927	-0.898151381	-0.765648218	0.392533271	-0.097198295	1.2951466845	0.0531561655	-0.30801253	-1.369234975	-1.0312563055	0.987734536	-0.168182864	0.216213085	0.796107052	-0.173994582	-0.498833101	-0.813899418	0.476302069	-0.131523987	-0.31673576	-0.770325055	1.361363008	-0.4914263865	0.532100574
BSU00620	divIC	-0.43883662	-1.17031781	-2.97743811	-2.8628897135	-0.7562572825	-0.057383642	-1.519519157	1.456228015	2.386658093	-1.879579195	-0.383762461	-1.917055293	-0.03677191	0.4697188045	-1.158854363	-1.079651474	-4.738731132	-4.695657715	0.087405939	-1.720882853	-2.054326523	3.9181543095	0.35111643	-2.137849651	0.036551912	-0.752594816	0.209493969	2.946173672	-0.279769844	-0.32334984	1.627921529	2.178349773	-0.602941664	-0.436267783	1.321941171	-1.318826485
BSU00670	tilS	0.7371159745	0.12034426	-2.321280936	0.188923357	0.5339691005	3.207909961	0.9134756895	-0.126147709	-0.65889265	0.335264762	0.199766519	0.96088241	-0.262052942	-0.8289799885	-0.782790125	1.233774717	0.205178112	0.774288866	0.236895585	0.132011382	-0.25820863	-0.3205693005	-0.456809169	-0.406742888	-0.218117967	-0.224552586	-0.500749329	-0.224516036	-0.319357005	0.4551453765	0.886034303	0.28528818	0.62358048	0.762573177	-0.2835695125	0.7106904325
BSU00680	hprT	-1.343359801	-1.472926331	-3.623438853	-1.29503552	-1.6198733225	3.848929526	-1.7386564445	-1.912904484	-2.320471676	0.594660085	-0.228422867	0.057643695	-1.943833859	-0.887348438	-0.426604588	-0.434266569	-0.233687746	0.598046065	1.314123527	0.734515772	1.072028055	-0.866098524	1.276400482	1.314086887	1.506681267	-1.012384081	-0.037171786	-0.624039695	-1.958286044	-1.167499322	1.168523129	-0.604829276	-0.652334963	1.540869514	0.8969866535	-1.685880785
BSU00770	sul	0.6128583	0.908475608	2.252909496	0.6640030745	0.432969425	-1.730274517	1.6213677705	-0.062602662	1.013889465	-0.148356426	0.710350881	-0.40120648	0.328751071	-1.5484602325	-0.551565123	-0.104815761	-0.112944323	0.133969088	0.7958897025	0.057594496	0.988802673	0.760277174	0.775594305	-1.119791194	0.273232678	0.5405205395	0.257941773	0.659897998	0.10297422	0.4220839115	-0.255434719	-5.198800336	0.336930129	-0.364868962	-7.103161428	0.9938943445
BSU00780	folB	0.0756177945	0.562458356	1.317552887	0.1663754225	0.4866333	0.495071227	0.026510614	0.682769394	0.234863557	-0.035466622	0.657304526	0.150123352	0.590247312	-0.0287242455	0.388194244	-0.200037148	0.21515477	-0.395778571	0.2144647075	1.171376792	-0.54959795	0.2324808955	0.176887783	-0.903972199	-0.593921455	0.935309952	0.088794893	0.354058805	0.011019957	1.01218509	0.395755663	-3.19964729	0.671569903	1.736179952	-5.521269476	-0.123642437
BSU00790	folK	-0.2418177055	1.304976201	0.677635735	0.239633722	0.5588243205	-1.447022389	-0.3680489145	0.410145747	0.738522335	-0.069664742	1.548398759	-0.1039881	0.097066274	-0.3905562905	0.292910109	-0.125351768	1.252070018	0.0357066515	-0.337700715	0.582827359	-0.708352434	0.5897184355	-0.03696651	0.439852166	0.455632497	1.4386282505	0.693650864	0.990705682	0.370965903	0.3173768045	0.08227607	-3.108843305	-0.210641174	0.419889041	-5.602597974	0.339665339
BSU00820	lysS	-1.570315734	0.584228508	-0.392901858	-0.410666728	-0.9106348225	-2.208428151	-0.6839532935	-1.115353515	-0.65777804	1.377538058	-0.275867284	0.285822643	-0.148622444	-0.999722967	-1.537398294	0.073850861	-0.831969915	1.637533525	-0.19069915	-0.49984741	1.63488603	-0.853397576	0.533510679	2.060529385	0.712653945	-0.7957894425	0.098471738	0.147774239	-0.559675392	-0.3507464525	0.255668544	-0.021102806	0.547148096	-0.312850044	0.693803456	-0.60594999
BSU00900	ispD	0.118305251	-0.651889818	-0.244991133	0.2242165015	-1.2905301915	-0.825460621	0.6003784585	1.800520786	-1.240514965	-0.103105295	0.682649301	0.71764034	-0.854598362	0.715764824	1.194628864	-0.747234339	-0.359640947	-2.526294488	0.4987443965	-1.693488817	-2.429913128	-0.2296581195	-0.487184832	0.041441527	0.46610841	-0.022512144	0.503963066	0.027768715	-0.505162409	0.3810193395	1.541257047	1.248521329	-1.950394059	2.450357853	0.8352601655	-0.0122859115
BSU00910	ispF	0.8710026755	-0.069350407	0.218373555	0.7142961785	-0.6017638115	-1.528395236	0.971235565	1.314456627	-1.178751354	-1.246048327	-0.517803273	0.941116747	-0.079644008	-0.935048615	1.040505793	1.279847522	-0.665950862	3.593027838	2.06478834	-0.854840642	-1.578174434	-1.349543279	-0.369254853	-0.457830415	-0.874790618	0.242155585	0.114862067	-0.294577808	-0.524289195	0.3361193245	-0.393659089	-0.700285993	-2.494306719	2.091954743	0.2451289295	0.144122316
BSU00920	gltX	0.8828497205	-0.683139397	-0.265478576	1.2783203355	-1.741558578	0.128633019	-0.781058481	0.57254877	-1.077860155	0.788030182	-0.668242458	-0.937560105	-1.37425504	-0.236047671	0.762230418	-0.250139726	-1.825827646	-1.5980346725	-1.1379814385	0.987691434	0.860515317	-1.2147305655	1.315587164	-0.312949163	1.07173253	0.833473871	0.073358384	0.656594059	-0.856364559	0.0284878205	0.257015451	0.459934511	1.340499243	-1.434713449	0.9619504955	-1.4490104945
BSU00940	cysS	-0.306037926	1.177411626	-3.685135857	0.196783985	-2.452282362	3.632468611	1.683852131	-1.480795852	-0.249196037	1.254620236	1.45729983	-0.829949986	-0.840021035	4.0224125705	-0.779718943	-0.111074181	-1.756888927	-1.862551635	-4.0783076705	-0.993578234	-0.244038503	1.2457546645	-0.17152017	-2.152020049	2.78015274	-2.4984210915	1.493795153	0.614951789	-1.061949243	-0.115210148	2.864643352	0.825607635	0.226537723	-2.693889729	1.5226735885	-2.016434057
BSU01000	secE	-1.2571722855	0.779662487	1.689849788	-1.5976006585	0.591702896	1.050788082	-0.6809299645	1.85403553	-0.190889505	-1.065280153	-1.073372837	-0.156800951	-1.964141269	2.747801607	-1.366547674	1.477359792	-1.691774623	1.722991794	-1.999462823	0.514008374	-1.18385835	0.4659943295	-1.225320733	-2.518290232	-0.250494867	1.247327789	0.187490863	0.318433931	0.095565027	-2.812167748	1.513914806	1.571273496	-0.176392961	1.027774463	0.5037048185	-1.0692607025
BSU01040	rplJ	-0.233794974	-0.621706999	0.369690498	-0.5504040645	-0.3628540805	-0.225839016	0.1127175625	1.441471395	-0.832194739	-0.364229097	-2.51665638	1.014510677	-1.279060955	-0.3755985325	-0.379868681	0.46578051	0.873883173	-0.1852202315	-0.1957065835	-1.11005705	-1.421063582	-2.1238740225	0.759134696	-1.585681777	-0.511977636	-0.0194090615	0.443992493	-0.687573061	-0.747610405	1.2002899055	-0.688505809	0.900637466	-2.113790941	0.344822963	0.273987377	0.7844502995
BSU01050	rplL	-0.6218768965	0.647647928	0.183031692	1.4338925955	-1.21507154	0.764651423	0.3802421375	-0.300179633	-1.290425324	0.887054789	0.478530944	-0.172781424	-0.452224343	-0.8870322325	0.294039478	0.7468681	0.283350219	0.1575194275	-2.5576940425	0.067830113	-0.416844575	-0.3485558685	0.110102572	-1.18824433	-0.225431617	0.205539569	-0.122366386	0.399954233	-0.045318819	-1.435320201	-0.474226293	-0.279386156	0.005011533	-2.341925451	0.2623356885	-0.620378336
BSU01070	rpoB	0.4452853065	-2.891162652	-0.386835863	-5.4299974735	-2.0658261495	-1.141921102	-0.4790593185	-1.509898883	-0.416068398	2.832843967	-2.528390665	-3.592757615	-2.048246609	-0.263165207	-2.19419244	-0.437865854	-5.649533221	-8.132288948	-0.927809518	-0.95746428	-1.706641047	1.638869399	0.553377581	1.900144734	2.845857731	0.6388259845	1.025251948	1.302515944	0.643437746	4.8473584245	2.711379043	-0.335532279	-2.2259445	-1.797601476	1.4661497965	0.419781497
BSU01080	rpoC	0.076399021	-2.838040915	-1.296686702	-5.331948488	-2.3537880575	-1.787425064	-0.913123591	-1.874906217	0.066553644	3.387927108	-1.389671831	-3.60146992	-2.214182045	0.109675805	-1.867728436	-0.455020954	-5.618441325	-5.798654391	-1.8082599305	-2.394486564	-1.706713283	1.9569482915	0.640250272	3.391807993	3.680973691	1.0888184035	-1.726809481	1.349027965	1.093054574	5.5095463985	3.837891591	0.072567485	-0.036214472	-0.655823735	2.5025403655	-0.2504272545
BSU01100	rpsL	0.7773983895	-0.028011184	1.395556918	3.2348604115	0.0237384655	1.452114087	0.9759171245	-0.948120357	0.701291174	1.494859102	-0.956884049	-0.519640696	0.615440882	-0.422741869	0.351373833	-0.031262502	1.154442878	-1.8359222365	0.2036384115	0.299514838	1.858790998	2.16655329	-0.967578506	4.351223947	0.957242967	-1.7456224245	0.495676185	-0.22430168	1.402821974	0.5574559735	-0.122017267	0.220685805	1.483041066	-0.617504578	-1.4145740105	0.8061169615
BSU01110	rpsG	-0.07417342	1.276164144	2.893563369	2.5229760875	0.2499618735	1.635738984	0.8233304495	-0.272236135	0.233259974	0.349710257	1.76319214	-1.061959803	1.211311884	2.87901997	-0.972804275	1.791763713	0.843920358	-1.263578022	-0.536789649	1.088991236	2.22302305	-0.303703744	-1.354095152	2.89277592	-1.195501798	-2.182969392	-0.284893442	-0.516796747	0.435377424	-0.7511841795	-0.389965921	1.45466757	1.44944787	-0.049951705	-0.593992838	0.1126877045
BSU01120	fusA	0.3486582925	1.137582079	3.384592273	3.424647537	-0.2477637235	2.384811314	0.5904414525	-0.466811991	-0.392488002	1.083854191	1.041523681	-0.384773042	0.748971759	0.794929771	0.326617078	1.09665117	1.374414102	0.105960396	-0.147973795	1.697826234	2.505332045	1.1320114425	-1.348774707	2.831929644	-0.320931805	-2.1118041535	0.366504528	-0.226619632	0.499850439	-0.0127939505	0.211242568	-0.680003156	1.80562813	-1.246250032	-0.6066198825	0.367725578
BSU01130	tufA	-1.6754583245	0.755364329	-0.015359294	-0.3874452345	-0.878147351	2.622938528	-1.4577425545	-1.163044552	-0.568563055	1.00006599	0.078154252	-0.615588863	-0.367325891	0.2857463315	-1.592669937	0.274986804	-0.528246837	-0.3993021435	-0.6432878035	0.388974802	1.775107436	-0.425006665	0.60941782	0.882772129	0.364359098	-1.1722839655	0.582516966	-0.180325125	0.113564904	0.3392370765	-0.029215532	0.746018102	0.832093475	-1.635414622	1.024064287	-1.6342175765
BSU01150	rpsJ	-0.2235802555	0.898652633	-0.63892118	0.790938764	-0.205383238	-0.885192644	0.7189724365	0.007481772	-0.031564655	0.22575662	-0.482966721	-0.334011267	-0.766322819	-0.4006457035	-0.339885312	-0.483441894	0.358682672	-0.6562152965	-0.943569916	0.919521859	0.041519782	0.834554026	0.278940123	1.040602669	0.019692398	1.1091710915	0.638716867	0.444497192	0.439385921	-0.5346164105	0.351997744	-0.410461483	-0.201417675	0.108851591	-0.0365524675	0.3362045735
BSU01160	rplC	1.1660650405	0.73381983	-1.148330888	3.266906518	-0.912068141	0.150280944	1.762764561	0.574047481	-0.084888809	1.479952021	-0.804663194	-0.294560713	-0.181236236	1.3573612365	-1.097947742	-0.180269985	0.520697788	-0.4982565675	-0.2080348815	-0.240834173	2.371023977	1.313771533	-0.793596118	2.044158825	0.367105231	-1.4572273925	0.545591031	0.066719408	0.388532815	0.459777234	0.352225356	-0.050252117	0.881197947	-1.518373782	-0.025038096	1.7760208715
BSU01170	rplD	-0.1683958975	0.799942925	-0.826542095	0.2150805475	0.1280035795	-0.636569028	-0.0821217965	-0.821429882	0.73479891	0.031340649	-0.201913362	0.267676175	-0.348314459	1.0704545115	0.421946668	-0.656903277	0.432087873	0.14082806	-1.1501204415	0.313071312	-0.367534066	-0.6938355555	0.626826814	-0.330408237	-0.603823026	0.300094296	-0.743228725	0.041160541	0.335413289	0.5798393565	-0.211626676	0.36625867	-0.066525665	-0.924917132	-0.1161239265	-0.0111667245
BSU01190	rplB	0.632263354	0.353844597	-0.206378733	0.274876674	-0.285949141	0.092619961	0.42399724	-1.624237423	0.483431641	-0.085244135	0.189202369	0.514530618	0.608172872	-2.0869179685	0.296662086	0.560922291	-0.081623335	-0.5526974785	0.0051602075	-0.11875391	-0.383064101	0.1901647965	0.178122365	0.264605729	-0.457945208	1.990321911	-0.630117496	0.384687107	0.63935399	0.4902973355	0.070145211	0.493258406	-1.094627811	-0.125100562	-0.116709347	0.430868291
BSU01200	rpsS	-0.2632434245	1.21350105	0.236245917	1.172641366	-1.535673294	-0.857392876	-0.8038789195	0.203898506	-2.80920376	1.40171721	1.001060235	-2.108678606	-1.369519477	-0.323361811	0.215147962	-0.00193113	-0.092422042	-1.4220350845	-1.37274129	-0.211107606	0.481050904	1.922062893	-1.329546805	1.171276039	1.890545336	-1.062800446	-0.197713018	2.041700841	-0.674727204	-0.663809421	0.50953973	0.539471655	0.879614974	-1.839253747	0.974011341	0.1296734135
BSU01220	rpsC	0.423582535	1.57002621	-0.022469407	2.2454565595	-1.2693944525	-1.259464865	0.416512022	-0.565711687	0.038457064	0.516028844	-0.378578095	-0.738626294	0.568328503	-0.118048944	-2.495841024	0.061860578	0.14467279	-1.13916166	1.0222986895	0.187305686	1.614958428	0.3602460795	-0.776166767	3.621767299	0.108189625	-1.656031961	-1.521601163	-0.703654728	-0.330243928	0.233672195	-1.932441448	-0.043868032	0.850176047	-0.449778075	1.2128099705	0.3919388575
BSU01230	rplP	-0.230726736	0.8343936	0.85763408	3.3698551095	-1.6650023785	0.56602496	1.978427869	-1.067424995	-0.900881787	0.939386832	0.307106298	-1.679727503	-0.340350546	0.176498325	-0.42411329	-1.263245026	-1.186720185	0.8800632285	-1.303294265	-0.344483054	0.823681125	0.4093896995	0.397062089	1.922056768	-1.208050654	-3.819132644	-0.24044387	-0.407124032	-0.680933128	0.8795567395	-0.717404628	-1.019233471	-0.014480407	-1.434984625	0.942797837	0.4574023075
BSU01250	rpsQ	0.447426261	-0.02114468	-1.321030491	2.782507026	-0.0679841665	0.455737216	1.4125869785	-0.298142009	-1.109756874	0.151296143	-0.001309686	0.005579645	-0.1634436	0.288236326	-0.664261206	0.469781601	-0.023972863	0.181702074	0.306174329	0.172669719	0.135403945	0.1534756145	0.348972125	1.321705499	0.218531323	1.1324772725	-0.939986928	-0.186690405	0.28183189	0.8503137635	0.452781666	-0.095615973	1.626539192	-0.587589634	-0.2095898675	1.27512971
BSU01260	rplN	0.6344615125	2.073263898	0.862182441	2.910049015	-1.3869455555	1.073843759	0.495646586	0.005862465	0.308205274	0.80832943	1.848055282	-0.989703635	0.595207041	0.234337622	-1.111443818	-0.319738986	-0.090790489	-1.4949421485	0.59203898	-0.788295611	1.945092541	2.156115267	-1.541981331	0.873212272	-0.446005819	-1.8664465625	-0.737053342	0.815878828	0.681810644	-0.030112161	0.451493512	-0.071952359	0.438338286	-1.378180065	-0.2385454595	0.364144088
BSU01270	rplX	0.8297164315	-0.068127286	-1.474889014	3.579710618	-0.624428724	-0.187829802	1.2094396865	-0.403288555	-0.061311472	1.046217999	-1.976792725	0.510469728	0.094828615	1.199987385	-2.083860844	-0.819414033	0.494095231	1.232136632	1.8130517885	0.243150062	1.153119351	-1.280653131	-0.069906704	2.976499671	-0.088629973	-2.176266055	-1.307354758	-1.073010254	-0.168916321	1.416072127	-0.729568421	-0.216015549	1.34460723	-0.01148081	-0.663723101	1.545044358
BSU01280	rplE	-0.245935809	1.722160365	-1.023606694	3.8923716895	-0.410505462	0.315490321	1.0554004535	0.607877953	0.478544447	1.060317338	-0.447005204	-0.623131654	0.962453361	-0.8235345285	-1.479097014	-0.802440603	0.850011094	0.488691091	2.324852318	1.676521634	2.047444764	0.37966285	-0.098522872	2.477474476	0.421525524	-2.1896799405	-0.596450896	0.100286151	-0.103782384	0.9546472085	-0.655935781	-0.256020948	0.347422691	-0.846516137	-0.1962103095	1.3657648455
BSU01290	rpsN	-0.1134858055	0.535096429	-0.443342733	-0.371836844	-0.1748441515	-0.523950649	-0.7663879295	0.218368302	0.736134751	-0.018035474	-0.163207446	-0.150752867	1.005033165	0.177230032	-0.013759677	0.41396684	0.199190233	0.4485078085	-0.8781879315	0.814605817	-1.249587117	0.137830426	0.164356955	-0.382745286	-0.150861352	1.4488549625	-0.136770137	0.752899648	0.806783119	0.2803858425	-0.359718108	0.401907089	-0.496315505	-0.427031208	-0.2062230625	-0.4357208505
BSU01290	rpsNA	-0.525169591	1.163869729	-4.026224005	4.5409548575	-0.7122424415	-0.254521676	1.114712723	-1.032902991	0.13131071	0.975912629	0.566563461	-1.016812019	0.387377073	1.2246337135	-2.746109682	-0.77063483	0.566023908	-0.672202218	2.978330851	1.244485337	2.258133927	-0.5674431755	-0.200883081	5.015662133	1.418916267	-1.5771008075	-1.565174915	0.026956361	0.732578778	0.9108557665	0.175500971	-0.081935981	1.776710035	-0.560016809	-0.1905042985	0.93154709
BSU01290	rpsNA	-0.525169591	1.163869729	-4.026224005	4.5409548575	-0.7122424415	-0.254521676	1.114712723	-1.032902991	0.13131071	0.975912629	0.566563461	-1.016812019	0.387377073	1.2246337135	-2.746109682	-0.77063483	0.566023908	-0.672202218	2.978330851	1.244485337	2.258133927	-0.5674431755	-0.200883081	5.015662133	1.418916267	-1.5771008075	-1.565174915	0.026956361	0.732578778	0.9108557665	0.175500971	-0.081935981	1.776710035	-0.560016809	-0.1905042985	0.93154709
BSU01300	rpsH	-0.396007958	1.667785864	-1.64504214	4.825242465	0.2028249685	-0.01747262	1.3876177525	-0.106045391	-0.578362559	1.028086758	0.100618647	-0.661689612	1.423772134	1.0019571225	-1.848442458	0.421428291	0.309312668	-0.6289103425	2.98465296	0.992959412	2.994986189	-0.355483537	-0.640018449	2.629132065	0.99921049	-1.7864320615	-1.422734089	-0.357346267	0.635239504	-0.301298091	0.196590948	-0.696773257	1.820850104	0.062995561	-0.5251787555	0.8229194445
BSU01310	rplF	0.4978786135	1.73009307	-2.034103561	3.111637439	-1.287687417	-1.966330333	0.2878402235	0.785865935	-0.788925869	1.375834983	0.587734225	-1.425263098	0.990356799	-0.3935911255	-2.185343249	-0.051608776	-0.426197594	-0.460048999	2.1400333455	1.439217946	1.896471169	-0.706014612	0.099396958	3.040460924	0.853809277	-1.7697482845	-1.249218139	0.085946092	0.114226062	1.6796524115	-0.929134854	-0.904321735	1.52371079	-1.045262899	-0.0364100435	1.4967105925
BSU01320	rplR	0.0216591855	-0.300146562	-1.229992069	4.0231335165	-0.487022468	-3.396006342	1.131708722	-1.013630631	0.723221888	0.46341915	-1.618217262	0.008888297	-0.205215921	-1.64793554	-2.105612542	0.005033691	-0.107938151	0.074247176	1.1591963605	1.019569009	0.511385089	0.6024897555	0.175854219	0.555242193	0.587987775	1.7903239445	-1.21201354	0.534095658	0.128721513	0.7834075125	-0.088102374	0.105175083	0.198816468	-0.747285457	0.0302804685	1.694168627
BSU01320	rplR	0.0216591855	-0.300146562	-1.229992069	4.0231335165	-0.487022468	-3.396006342	1.131708722	-1.013630631	0.723221888	0.46341915	-1.618217262	0.008888297	-0.205215921	-1.64793554	-2.105612542	0.005033691	-0.107938151	0.074247176	1.1591963605	1.019569009	0.511385089	0.6024897555	0.175854219	0.555242193	0.587987775	1.7903239445	-1.21201354	0.534095658	0.128721513	0.7834075125	-0.088102374	0.105175083	0.198816468	-0.747285457	0.0302804685	1.694168627
BSU01320	rplR103	0.162285344	0.015290049	-3.301294409	4.3959197925	-0.528389468	-1.490103009	1.6252219735	0.11106528	-1.200574895	1.008914044	-0.963277334	-0.486710567	0.748942789	-1.122881308	-2.434922617	-1.185324519	0.527879309	1.2072059905	2.891445648	0.042588374	1.534063858	-0.230598613	0.603759315	3.076142509	1.471044786	-1.2860546385	-1.201647745	-0.946552063	0.787961635	1.2427098715	-0.878870214	-0.340312911	1.766451561	-0.710442927	-0.816136718	2.1481656805
BSU01330	rpsE	0.117449722	0.785855205	-1.397670548	4.590938745	-1.018239338	-0.156391692	1.8840264115	-0.174062922	-1.968030575	1.534803746	0.069739553	-0.820726297	-0.576481788	-1.794911771	-2.059240237	0.588548016	0.780179134	-0.193961553	3.091260049	2.204779096	3.975212586	-0.7145743925	0.391685336	2.640330769	1.113126274	-0.724951999	-1.024732123	-0.260996629	0.867492699	0.9636090635	-0.407756417	-1.151180231	1.243281468	-1.55711352	-0.525339947	2.010631658
BSU01340	rpmD	-0.114567861	1.136130653	-0.392161726	0.874887705	-0.096094781	-0.827008841	-0.1300860865	0.043846685	1.469225398	-0.124343124	0.806945357	-0.23075515	1.174573004	-0.6438198145	0.468913308	-0.317706076	0.160831751	-0.4124606085	-0.5251063865	-0.25516429	-0.320799841	0.8879806205	0.323790237	-0.676658928	-0.773311445	0.915474712	-0.341262726	0.755997456	0.853782984	-0.334365252	1.145411297	-0.350488204	-0.217582788	-0.609651776	0.014122989	0.1575812225
BSU01360	secY	0.7088945645	0.278900573	2.344753574	0.952960543	1.180645015	-2.632253512	-0.5493156405	-1.265454224	0.698810579	1.165859077	-1.571183048	-2.417778135	-1.198322713	0.475973017	2.539811046	0.926883177	-0.607652335	-1.148735716	2.6771136595	-0.130924994	1.647515999	-0.0367082315	-0.549268486	2.041020742	-0.11185058	-2.475700666	1.977383447	-1.401133053	0.541351106	0.753795386	-2.473533815	-1.007400193	1.98731004	0.774779962	0.8794130435	1.108317387
BSU01370	adk	-0.0606169145	0.342601112	-2.569089384	0.924265438	-0.1574011605	-0.596449492	0.9138777645	-0.773548318	0.355923517	0.288689954	-0.568990102	-0.496887395	-1.007682015	-0.41727211	-0.29565302	-0.943010211	0.599672458	0.482772815	-0.8977484495	0.049733841	-1.314529507	0.639367073	0.273383859	0.016195988	-0.538664025	0.761473982	-1.446768944	-0.129296134	0.715033782	0.098091115	-0.363816685	1.067973098	-0.338783186	-1.50827089	0.221737184	0.235518832
BSU01380	mapA	0.9959237665	1.57143855	-2.481385505	2.6628536665	-1.359310058	-1.514376889	0.3925931465	-0.849426281	0.896007227	1.441550109	0.764059818	-1.838855871	2.034530025	-1.222941921	-1.010724332	-0.339213021	-1.457479322	-2.5581639985	0.644805669	0.126698446	3.284753159	1.3286386455	-0.316619165	3.791499346	-0.077475944	-2.8316964575	-1.190915252	0.081925252	0.526323767	1.902786268	-1.040792053	-0.022299533	1.970382752	-1.391279733	1.0594167515	0.6625958525
BSU01390	infA	0.3149669325	0.682308223	-0.846311506	-0.1595214925	-0.185004808	0.803701868	0.715430188	-0.536516491	0.145525776	-0.58661189	0.293362141	0.115636016	-0.21642006	-1.9658691865	0.666535615	0.522247766	-0.155494216	-0.658427295	0.5004402515	0.156848956	-0.161703486	-0.2112592985	0.404616952	-0.139683654	-0.102094215	1.624274974	0.04043242	0.619948108	0.602191666	0.9394941425	0.280473472	0.256647958	0.02029186	-0.054402975	-0.021650243	0.9624244845
BSU01410	rpsM	0.3928551885	0.786360631	-1.91977162	0.2173064915	-0.00591309300000001	-0.742517229	1.1344753705	0.015730719	1.524499849	0.087693964	0.239398198	-0.773317138	0.44963319	-1.772527337	0.555354075	-0.296637233	-0.062088011	-0.8895203055	-0.9910527645	-0.811380906	-0.232711814	0.53127456	-0.099674988	-0.308913751	1.004500865	0.532197359	-0.967542385	0.212621825	1.510320666	-0.268082621	-0.1723833	0.196246347	-0.453407418	-1.547006069	0.3525012855	0.010729853
BSU01420	rpsK	0.00880926500000001	1.455649771	-0.73631234	2.642992737	-0.447099344	-0.945204143	0.511437471	-1.574408813	1.443320509	1.105466659	0.209209073	1.781776978	1.06568957	0.3306366285	-0.412334895	0.172988158	-1.602405772	-5.021173353	0.4153225	1.676523043	4.820236862	-0.6296610795	-1.340847318	3.889241803	4.511234729	-2.0613683495	-0.524271449	-0.54804412	0.776483128	1.5601881845	-0.577116692	0.016443798	2.971451011	0.46088015	-0.451963038	0.3608785145
BSU01430	rpoA	-0.00682537999999999	0.058707909	-0.943270108	0.6804494585	-1.482214656	1.503459294	1.010567559	-1.113129557	0.334342069	2.856029423	-0.592062527	-3.773673242	-0.686115364	0.0085737924999999	-0.799153302	0.637053838	-0.287943194	-5.5009955755	1.9992763305	-1.582730814	2.928573019	-0.023016561	-1.274098925	3.232306313	0.869020741	-2.2253635115	-0.442819307	-0.707887029	-0.399076613	1.3299015325	1.548532516	-0.170424368	2.275550569	-0.370830389	1.767749957	1.282703019
BSU01440	rplQ	-0.124257784	0.551073772	-2.076999366	3.387628837	-1.070475856	-0.457040911	1.7825769495	-0.195704548	-1.223593699	1.757526256	-2.851394699	-3.397910583	-3.080552215	-0.897471273	0.380460546	-2.487773949	-1.38235802	0.215075688	0.1713314975	0.400256489	1.303544573	-0.284269018	-0.79146284	3.478319372	0.527536367	-1.155636749	1.190660579	-0.633221517	-0.691691028	2.0533182085	0.432629659	1.053938443	-0.319550339	-2.733876985	0.437394152	1.352577353
BSU01490	rplM	0.6622996585	-1.181822228	1.502961254	2.918366033	-0.0079473155	-0.545937731	0.9674132425	1.574542328	-1.225855066	0.312962236	-1.123790148	-0.349425732	0.52067784	1.180152924	-0.376320438	-0.527783185	-0.833800551	2.4361079905	-1.321618525	1.761258588	1.819523205	-0.9509820445	-0.733907122	3.578981902	-0.581454188	-1.6694005785	-0.19972177	-0.842128191	-0.892800092	0.3669786965	-0.85309917	0.848253437	1.491300933	0.644105317	-0.0844233115	1.8206038405
BSU01500	rpsI	1.2360749025	0.169075242	0.054606714	4.04951984	-0.5260682545	-1.042500821	1.789532942	-0.446399642	-0.630034206	1.377524434	-1.397115041	-0.795356194	1.658953644	1.251065099	-1.966274325	-0.121957003	0.262277411	0.3846862505	-0.857917408	1.050295147	3.14456272	0.336044098	-0.330824443	5.095974157	-0.243706109	-3.361931615	1.039183563	-0.717059358	0.216010977	1.519126195	-0.001735035	0.369197297	1.496574766	-0.924603026	-0.538221314	1.7060058435
BSU01770	glmM	-0.4315606485	0.935472862	4.898179538	-0.190125897	1.465476082	3.151401861	0.4990198955	-1.748113865	1.484326604	-2.09173625	1.900325363	-0.110801778	1.38196568	3.1336601795	-0.317718037	-0.646207575	-0.716272702	0.2800254	-0.7629773905	-0.088717368	1.466603234	-0.436009682	-0.444065148	-0.621042293	-0.056394265	-0.429851753	0.272397453	0.666547533	0.280006324	0.2752394395	-0.893306067	-0.313291436	1.579741661	1.915668901	-0.4519197585	-0.2564968005
BSU01780	glmS	-2.097816213	-2.804740343	1.413430013	-2.4417517425	-1.0646842495	2.083938846	-0.996701782	1.482899237	-2.22618382	0.670754651	-1.299410837	0.293798989	-2.38804327	2.812009935	-1.659439163	-2.805656425	-2.679647897	7.361793382	-0.8813693105	-3.95188318	-2.567527567	-0.48425834	0.139433882	1.254623948	0.632395512	-1.9739803795	-2.779454354	-0.505049716	-1.412927504	0.3088352035	-0.82877864	-0.528731349	-2.792369898	4.030114033	2.143507897	0.3411139855
BSU03100	ycgG	0.21241629	0.399550225	-1.497531011	0.2813805085	0.00289101150000001	1.212611476	0.223860562	0.271925108	0.153646201	-0.505879365	0.837712096	-0.22431734	0.242359536	-1.6980842605	0.521965059	-0.536918463	-0.23409915	-0.835524798	-0.005584668	1.092891263	-0.911451388	0.162313934	0.043584245	-0.582831839	-0.442501744	1.1541807005	0.149396569	0.379533349	0.21748582	0.4973641505	-1.16087593	0.69128781	-1.452591297	0.595256455	-0.3081773195	0.5341260965
BSU03130	nadE	0.4844202815	1.145556857	-1.291424871	0.276984822	0.2918651825	2.972109678	-0.4454116025	-0.871892628	0.476075985	0.007640798	1.311489004	-0.250865255	1.093150999	-1.8643844045	0.048949139	0.250379701	1.000641362	-0.7824871615	-0.984615449	0.425853494	-1.074092716	1.239002442	0.316550908	-0.589632184	-0.818959665	1.5877755025	0.357795739	0.1486879	0.396442456	-0.4203178355	1.458250237	-0.368353424	0.319836632	0.770986108	-0.2491302965	-0.8587639045
BSU03150	aroK	0.3263892935	-0.954508106	-0.650334329	-0.175377958	0.547500754	-2.84634584	0.128642182	-0.463265765	0.964222052	0.243326948	-1.577127832	0.123410739	-1.009923637	-1.1110052025	0.338829678	-0.487721748	-0.061965121	0.358442113	0.1045755725	-0.40960194	-1.159095714	0.3158383925	0.509427308	-0.087068827	0.268765293	2.177574214	-0.488566592	0.048910193	0.303538803	0.643987593	-0.405926719	0.579527579	-0.612129157	1.223115937	0.261558156	-0.3157115645
BSU04560	ddl	-1.3980659015	-0.547622158	3.825208717	-2.738392664	-2.409233212	4.550728234	-1.649918765	1.46157478	0.241092714	-1.051218841	1.599984108	-4.339739874	1.058065603	5.9845019335	-1.986132379	0.167701786	-2.058493411	2.0802281935	-1.304360715	0.947715159	0.852721647	0.8394441985	-0.128868268	-1.798705569	1.246580113	-3.77049174	2.024024995	0.567987689	-0.762296453	0.831682368	2.505488243	1.14717955	1.981879685	1.884523985	-0.027913132	-0.719888522
BSU04570	murF	-0.675390628	-0.360159719	0.427233037	-0.0415281225	0.2062463905	1.484938107	-0.3075543035	0.981109163	0.986902464	-0.151537396	0.880179034	-0.328472862	0.299904025	0.5916879105	-0.668389628	-0.839532432	-0.750475442	0.5645107735	-0.9683803625	0.179815439	1.193167505	2.076275402	-0.154876297	-2.965228426	1.332200785	0.8713627245	-0.296989084	0.434422338	-0.001080175	0.34339826	1.616019814	0.574194308	0.944563728	1.452295688	0.1697803185	0.279049935
BSU04620	acpS	0.2067948825	0.582680447	-4.269869646	0.6372790275	-0.0477460995	0.571728543	0.685570458	-0.034172537	0.153141536	0.970695617	-0.334547722	-0.493294637	-0.136292082	-0.532843536	0.140716025	-0.094653308	-0.171401031	-0.516968064	-0.0715224255	-0.709653462	-1.470893013	-0.00306890450000003	0.122998194	0.735896884	0.104276408	1.323742505	-1.309586413	0.579746575	0.523012869	-0.194321028	0.566698497	0.393663336	-0.733850215	-1.874164876	0.256906546	-0.356064045
BSU04620	acpS	0.2067948825	0.582680447	-4.269869646	0.6372790275	-0.0477460995	0.571728543	0.685570458	-0.034172537	0.153141536	0.970695617	-0.334547722	-0.493294637	-0.136292082	-0.532843536	0.140716025	-0.094653308	-0.171401031	-0.516968064	-0.0715224255	-0.709653462	-1.470893013	-0.00306890450000003	0.122998194	0.735896884	0.104276408	1.323742505	-1.309586413	0.579746575	0.523012869	-0.194321028	0.566698497	0.393663336	-0.733850215	-1.874164876	0.256906546	-0.356064045
BSU04620	acpS48	-0.2463361435	0.072338848	-0.739040966	-0.705732029	0.3460026715	-0.357317247	-0.253349368	-0.339580137	1.180773551	0.620703189	0.402973755	0.117833344	1.709112948	0.1865146425	0.693324225	-0.031493539	0.246742417	-0.502021828	-0.933905062	1.341825631	-1.795837513	0.8907642695	0.261998073	-0.982979242	-0.818218551	1.5058393405	-0.299539822	0.841761445	0.686164913	-0.4366862185	0.872635818	-0.067486419	0.180427985	0.255701619	-0.2287543005	-0.4344223575
BSU04640	alrA	0.17165039	-0.228091329	-1.091146077	-0.7860854405	-0.123680629	-2.370732134	0.909090129	-0.295460491	0.95012832	0.122587314	-0.644414954	-3.388557968	-1.430734599	0.174013186	0.376713343	-0.956949107	0.203877945	-0.4247521385	-1.047670536	-0.528553461	-1.186044626	-0.120707606	0.466135288	-0.632381345	1.130205028	2.3932511925	-0.285099875	0.463165451	0.139531992	0.3443728555	0.494282604	0.201343164	0.430983087	0.031006211	0.553418071	-0.735884359
BSU05100	yddT	0.1447248685	1.363199719	-1.058118647	-0.8563220675	0.4145243765	1.420208289	-0.093850427	-0.615566075	0.553721691	0.124784142	0.406128063	0.244948118	0.249835185	0.321247693	-0.077931453	0.235865684	0.810377305	-0.14119379	-0.6375786495	0.786440797	-1.293046823	-0.3884977255	0.295381883	-0.536928669	-0.472777577	1.069854825	-1.154760016	-0.124469132	0.315408443	0.9699147945	0.104001086	-0.3493803	-0.12115432	0.179685182	-0.2517087575	0.023061615
BSU05920	ydiC	-1.067646327	0.76951462	-0.394930347	-1.0519894175	-0.6276230835	3.227878597	-1.9930363235	-0.407585175	-0.29937461	1.917089827	0.584828969	-0.214417116	0.455203586	1.2408585795	0.292556857	2.430902649	0.830290628	-0.961743865	1.6346365385	1.241802528	2.823986467	-0.954238764	-1.590749108	2.42024178	-0.854203889	-1.974351057	0.761330944	-0.431151519	0.446783401	0.6831714575	-0.708213913	-0.237684294	2.485814209	2.958142069	-0.06701308	-2.0762157005
BSU05940	gcp	-0.1723972905	-0.13927759	-0.095270237	-0.4337648525	-0.376271984	-2.110194449	0.640204541	0.226034094	-0.304951359	0.735130475	-0.758194418	0.94768829	-0.664403258	-0.8646955225	0.142492194	0.766451283	1.032484393	-0.183787942	1.9658178675	0.425194136	1.188917478	-0.9240447725	-0.836139612	3.158321887	-0.358909952	-0.13943311	0.649908039	-0.587933193	-0.471118743	0.4250578595	-0.913343987	-0.054209574	0.253012365	1.360276599	0.4751492385	-0.265076872
BSU06020	groES	0.760914282	-0.581145598	0.01458777	0.6665617725	0.2060332845	-1.406626334	0.3403247175	-0.556857651	0.03120279	0.133388056	-0.14026129	0.457788189	0.352010921	0.2797534165	0.094268221	0.131531331	-0.572062015	-0.620272663	-1.251578918	0.26493724	0.187441329	0.62384438	0.019287966	-0.299672596	-0.615208907	1.469630562	0.167376235	0.156507747	0.215437102	0.621400805	-0.084001734	0.356125051	0.457854942	1.037709304	0.1272704465	0.9909589295
BSU06030	groEL	0.529191816	-0.65399913	-0.669510403	-0.075743172	0.182793952	-1.842700902	-0.6973012635	-0.555094633	0.45242633	0.069321482	-0.526111791	0.331962751	0.683277844	0.248127118	0.061328298	-0.035365852	-0.024655409	-0.639908586	-1.248084883	0.931998943	0.104581974	0.390535614	0.401656328	-0.451551292	-0.174722855	2.4089782975	-0.084281422	0.157915255	0.407335993	0.978728808	-0.09043507	0.304720779	0.859224947	0.506260436	0.0801077585	0.474386853
BSU06060	ydiO	1.357008835	-1.324253489	3.763041859	-5.2913923235	0.5900761075	-2.298216413	-2.0445131445	0.832628796	0.699253022	0.044760327	-0.207694106	-0.567304009	-0.393506311	1.161313035	-0.465048768	-0.260793623	-2.482052071	-1.0962536455	-0.560907245	0.073273481	2.576738451	0.8895281255	0.300452911	-3.369325899	2.122161035	2.1856203405	0.113520784	0.912184011	-0.353430597	1.8456536215	2.666641026	-0.064189568	1.048738	0.031677028	2.01274897	-0.4252706785
BSU06070	ydiP	2.446257371	-1.636360875	4.624567715	-5.2447790675	0.6828512645	-3.18781135	-1.4199324945	-0.311913886	0.030812332	-1.33478829	-1.39931538	0.245342817	-0.2418694	1.210219709	-1.807648705	0.242178386	-3.962695067	-0.574365902	1.014420726	-0.321775052	0.444922103	0.909137674	0.165534986	-2.856747098	2.610928973	0.427634783	-0.307528798	0.573024328	0.193581851	2.313256744	2.166977345	1.019464873	0.404792148	-4.341190639	1.793535184	0.092225521
BSU06610	pcrA	0.0894546095	0.064107722	4.880986857	-3.0345889985	0.693796688	-9.049406419	-1.159418158	0.964040399	0.639526128	-4.385800487	-0.045726274	-0.586666101	0.698501089	0.5689129785	-0.224441786	0.472925862	-3.041858387	-1.5538838685	1.166043908	-0.131603183	0.259816979	1.9525265225	0.358870071	0.124837238	0.547236022	0.676420514	0.126467194	0.708118122	0.058475948	0.8030250885	0.750341713	0.68796847	-0.092290633	1.155402839	0.5170337505	0.0169299235
BSU06620	ligA	0.27899527	-0.1183235	5.148588026	-2.7399744065	0.3476861545	-9.019969893	-1.498475993	0.724592979	1.097996083	-4.098659509	-1.453316618	0.150339309	0.321904544	0.582415025	-0.004643254	0.295870429	-1.582799565	-1.300973137	3.0388683285	-0.097215762	0.308706365	0.741343171	0.141841692	0.413506053	0.739817486	1.3714115695	0.687355375	0.529376379	0.3017036	1.1299679425	0.943187198	0.151644031	-0.193791464	1.312975921	0.3618175315	0.599820213
BSU06670	gatC	0.2415493785	0.496941331	-0.856485691	0.5907799385	-0.20734165	-0.165219079	0.177950961	-1.070525462	0.55551811	0.541532971	0.980552958	-0.713637247	0.881935551	1.4812498005	-0.765459323	0.274572006	-1.074189343	-0.231147388	0.1726819475	1.28271147	1.094140685	-0.0813612295	-0.266483199	1.003549449	0.75279674	1.482153601	0.448631283	0.566700397	0.677860063	0.046969138	-0.132164882	0.086396738	1.836702291	-2.122156642	0.410718179	-0.411730231
BSU06680	gatA	0.251920577	0.179200907	1.554017864	0.1133742045	-1.1222270855	-0.026179788	-0.8518420005	1.206876713	-0.282323504	0.997105421	2.523914573	-0.835743422	0.676020093	4.5674887775	-0.2872744	1.171527821	-0.702170656	-0.808430527	0.6527143305	1.388195199	1.387479858	0.81253645	-0.582516592	0.384449641	0.447146828	-1.335185541	0.388746114	-0.058522475	0.830245266	0.1018090665	0.789154837	0.938544711	0.410412074	-1.902480283	0.436511259	-1.0846698185
BSU06690	gatB	0.6585836985	0.579915681	2.973143224	0.975867893	-1.3727174345	1.230119186	-0.470672391	-0.805113879	0.131062864	0.159583827	1.248691062	-0.78817962	-0.382626747	1.0169572095	-0.310082985	0.649498595	-1.183654946	-3.1345908165	1.584743755	1.089337655	2.296714302	0.3193373535	-0.086135031	0.298360943	1.460572297	-0.961255811	0.863648181	0.203804914	0.335497951	-0.358257452	0.291313526	-0.329845096	1.737511455	-2.012002016	0.3160214295	0.1841968425
BSU06720	yerQ	-0.0434734385	-0.297046641	1.252500531	-0.9295480135	-0.7883515195	-0.445133262	0.6751821075	1.732572472	-1.278179548	-0.431561759	-1.445048758	0.53251838	-1.583338961	-0.1236838385	-0.670119518	2.585846555	-1.234483004	1.191154021	1.760992025	0.261708396	-2.33496352	-0.5483139615	-0.050272381	-1.419109913	-0.224930851	0.835047566	-1.005741022	0.118473961	-0.148450348	-0.0655470815	1.054044263	1.028505235	-1.736938047	-1.759242902	0.5844763725	1.6851236355
BSU06811	yezG	0.49878675	0.374839221	-0.492113946	-0.2313626445	0.072488855	-0.704303581	0.187572829	0.046380334	0.237529578	-0.113194496	0.441329961	0.107736244	0.290122683	-0.5224913625	0.296380967	0.15266105	-0.458441695	-0.98223849	0.077257217	-0.781503628	-0.676823031	-0.110515074	0.078739586	-0.81819809	-0.585773665	2.2666407885	-0.402377455	0.133024426	0.246732308	0.818060491	0.038195118	0.434347383	-0.056637957	-0.225403613	-0.0220367865	0.295005654
BSU06811	yezG	0.49878675	0.374839221	-0.492113946	-0.2313626445	0.072488855	-0.704303581	0.187572829	0.046380334	0.237529578	-0.113194496	0.441329961	0.107736244	0.290122683	-0.5224913625	0.296380967	0.15266105	-0.458441695	-0.98223849	0.077257217	-0.781503628	-0.676823031	-0.110515074	0.078739586	-0.81819809	-0.585773665	2.2666407885	-0.402377455	0.133024426	0.246732308	0.818060491	0.038195118	0.434347383	-0.056637957	-0.225403613	-0.0220367865	0.295005654
BSU06811	yezG129	0.1446569685	0.300922408	-1.904250418	0.1196964	0.2109212565	0.839719058	0.2198362435	0.553837322	0.638429703	0.151463873	0.250103071	0.937727692	1.34865144	-0.0108461875	0.757575868	0.373116846	-0.006786507	-0.4226732365	-0.708191945	0.086929324	-1.205978873	-0.110694778	-0.078146616	-0.58856161	-0.786448503	1.5287733905	-0.254772119	-0.138933046	0.602467179	0.160976087	-0.133381379	0.920942533	-0.787790182	-0.498695007	-0.309305912	-0.1988184425
BSU07840	yfkN	0.2180374335	0.876723035	-1.262716359	0.8238762845	0.2761035875	3.946392588	-0.118004939	-0.971532448	0.220644343	0.207457731	3.097472315	-0.302846572	1.29036371	-1.0148707735	0.088475128	0.904330537	0.535020035	-1.047084529	-0.8981839315	0.010022889	-1.399328548	1.646036901	0.613044351	-0.483874301	-0.194082212	1.7973969185	0.465276417	1.186602466	1.093687139	-0.885392961	1.132302627	-0.878765273	0.241967645	-0.45531329	-0.272853232	-0.8608647235
BSU08930	cspR	0.590437223	0.519041443	-0.566732787	0.1787923435	0.1175776665	0.42500473	0.66000421	0.347168278	0.962693613	0.034896535	-1.748376095	-0.400994547	0.636155896	-3.113394007	0.321327814	0.00749368	0.409877314	-1.385340787	1.719352164	2.311631235	-0.284922273	1.233915602	0.421553896	-0.383808737	-0.125401912	2.3136472125	-0.09957772	0.49546784	0.404571453	0.745076733	0.04931185	0.369803775	0.70501726	-0.320129111	-0.292893466	0.119337133
BSU09510	yhdL	0.636925145	0.779909015	-0.376242008	1.3713280235	0.565105049	-0.271818542	1.1993484695	-0.535984348	0.442736224	-0.154388406	-0.214814495	-0.437280758	0.742233585	-3.1978670995	0.730957992	-0.455836688	1.229814832	-0.0238405295	1.190009648	-2.796446395	-2.103257591	-0.5696085945	0.13585198	-0.395437124	-0.732883747	1.1781717745	-0.844134873	-0.326475059	0.204058971	-0.3879040535	-0.713452916	-0.497410131	-1.088428179	0.486644804	-0.9307608185	1.056484438
BSU09540	plsC	-1.045219503	0.773614942	0.813232926	-2.932756786	2.101395151	-3.091107194	-1.1484911545	0.181845653	0.777980112	-0.36150964	0.110254061	0.971006985	0.540439799	0.894929049	0.994025183	1.204870118	0.53069776	-2.7834145745	0.00627527999999999	-2.326888779	-2.394247016	-0.5270873905	-1.060870911	-0.057281009	0.687751541	-0.8929974045	0.434208134	0.175722357	0.906553819	0.2152722295	0.085642937	0.191623635	-1.759513193	-3.273900416	0.215604373	-0.68781165
BSU09950	prsA44	-0.825701462	1.171667012	0.353854034	1.0808038025	0.9531291245	1.735179883	1.5307343275	-0.33579097	1.227517497	0.117325396	-0.298080509	0.157877908	1.486689718	0.3390256075	-0.470749956	0.256586569	-0.336284449	1.180104078	-1.5376466595	1.143979822	-0.361870301	-0.0496643725	-0.111508119	-0.522045443	-1.626290962	0.385793042	0.787783025	0.323181479	0.100469045	-1.075455775	-1.421959114	0.597670133	0.525731619	-0.869858444	-0.5630540935	0.0666148565
BSU10120	hemE	1.4804188805	-1.436124301	-1.162138846	0.6931320075	0.5709046765	-1.794310217	-0.375907591	-0.74521613	-0.03269368	1.046205219	2.029430925	-0.502034804	1.387281141	-4.567431065	0.261859681	-1.695198022	1.613571543	-0.516953091	1.232311067	3.064866396	2.498732396	1.078446537	-0.665195109	0.579037989	-3.376424221	0.0979263345	3.086158108	-0.308911471	1.87121203	0.2755533085	-1.224759843	-0.42609997	2.689748996	1.31106485	0.2860166005	0.1135899865
BSU10130	hemH	0.272150707	-0.370444357	-0.250542488	0.0781369675	0.415723519	-1.029275657	-1.868449066	0.401678043	0.698813181	-0.335466717	3.212762534	-0.166516689	0.941908671	-2.066493549	1.262900747	-1.266091387	1.608970875	-1.500632557	1.2955399935	2.041260901	2.429711409	1.392126709	-0.646514736	0.772801624	-4.421239853	-0.365298407	1.72855895	-0.407271167	1.554769747	0.058669371	-1.176970968	0.246164424	2.356361298	2.60235158	-0.3375631275	-0.7998897375
BSU10140	hemY	0.755958421	-0.747909266	-1.470531118	0.497656526	0.851345691	0.019940391	-1.2770442115	0.378351092	0.480774131	-0.307690051	3.02966981	0.312594632	1.012842567	-1.741190288	1.030958566	0.073650127	2.048791824	-1.2166538975	0.6375348305	2.488895571	2.3325824	2.0254821045	-0.920461095	-0.17599938	-4.138880487	0.5023496875	0.9835795	-0.043110582	1.454566545	-0.039406295	-0.572308164	-0.28762265	2.140380078	2.736309509	-0.2831400485	-0.8644363945
BSU10660	yisB	-0.669956082	0.467778622	-0.180043916	-0.3520325665	-0.386945806	-0.712251063	-0.218954485	0.316841226	1.018531935	-0.644742452	-0.383844278	-0.05916609	1.026615904	2.3746361255	0.545575659	0.35445694	-0.334081489	-0.4850947485	-0.311865918	-0.061569841	-0.416862195	-0.0548488945	0.664013945	-1.741181448	-0.69419986	0.936129332	0.130413302	0.484910877	0.150358494	0.6389975225	-0.178054297	0.295863708	-0.224912478	-0.104543063	0.2636398355	-0.869087529
BSU11340	fabF	0.356383685	0.128718538	-0.117043229	1.5009424495	0.328915278	2.048312271	1.100460375	-7.447363314	0.640768692	-1.006074395	-0.21894417	0.355903191	0.033672215	2.7081027305	-0.20221468	0.595840412	-1.185681782	2.1662911055	-0.5699964495	0.166962013	0.057222127	0.722632397	-0.11766346	-2.041089217	-0.543849166	0.5516197845	1.996987154	0.663626674	0.561868551	0.5927643595	0.985444538	-0.161471589	1.017698283	-0.582688862	-0.49298673	0.9319442985
BSU11420	trpS	-0.7431137755	0.481649941	-0.871928607	-1.082328007	0.068720019	-0.533985384	-0.2981514465	0.446055894	0.171466076	0.371480943	-0.143686212	0.036809537	0.004964591	-0.175858205	0.347352908	-0.224506033	-0.39614015	-0.3738397855	-0.7784900055	-1.124524224	-0.990081913	-0.699673147	0.438081414	0.324922552	-0.210433025	1.2670270855	0.263364454	0.368783522	-0.044873462	-0.667236955	0.014076188	-0.394217394	-1.692523701	1.157751807	0.2320181255	-0.823790274
BSU11610	ppnK	0.6725021015	0.066317787	-2.390611226	0.833535478	0.1896470985	1.070499767	0.5545586025	-0.716530248	0.297405089	0.012517298	0.54479986	0.062998151	0.416303662	-1.590238965	0.267807591	0.831517656	-0.132862281	-0.627397017	-0.1901746445	0.385988379	-0.908071344	0.1079932775	0.325918677	0.227497299	0.148332846	0.9407261955	-0.69265487	0.149106747	0.648856088	0.5448535335	-0.334394961	0.089118858	-0.647764426	-0.970581083	-0.489743037	0.845251404
BSU12519	yjzJ	-0.050511874	0.524124279	-1.33221383	0.00657110600000002	0.3095324185	0.000437408	0.3495834905	-0.0131812	0.20781595	0.055360249	-0.126995361	-0.119747354	0.244719524	-0.4703023155	0.344942467	0.556345596	-0.174701203	-0.4413757615	-0.3286424545	-0.163100897	-0.915785595	0.8030122945	0.004787386	-0.698473969	-0.590321253	0.386365828	-0.398135855	-0.014333631	-0.007424869	-0.0726211315	-0.099598064	0.998319699	-0.927400672	-0.738774671	0.386349797	-0.2745761975
BSU12520	xkdB	0.0439523235	0.060777376	-1.241872341	-0.491124731	0.2710739075	-0.158766112	0.400688243	0.684334479	0.70619125	0.000552234	-0.22053282	0.866953366	0.772753442	-0.6314891275	0.686541746	0.714845358	0.083358761	-0.6881646895	-0.0182887275	0.677410849	-0.722850136	0.151127973	0.182245684	-0.050614782	-0.524579943	1.8959603575	0.079946592	0.203482758	0.69248807	0.5658750755	-1.127848656	-0.02363218	-0.619158322	-0.80665642	-0.4073087985	0.331083456
BSU12530	xkdC	-0.9275182	0.316894228	-0.800696837	-0.946726414	0.319246859	-0.093677723	-0.602213837	0.351383629	1.174511822	0.044941287	0.016807225	0.091459775	0.909391478	0.7500184195	0.528726828	0.055914638	0.233526231	-0.2280505015	-0.903549276	0.504495486	-0.773132411	-0.377994614	0.473436303	-0.737210526	-0.745658925	0.732459595	-0.752594161	0.59835284	0.761448632	-0.3520793825	0.080375055	0.75185085	-0.136020498	-1.155862165	0.0014837665	-0.53239663
BSU13300	mgtE	0.555318879	-0.63265932	-0.515619997	0.955235537	1.131405173	0.167121915	0.172571043	1.410864003	0.037529678	0.745967051	2.546617185	-0.251227784	0.728288753	0.482096251	0.654893633	1.462455916	-0.478402919	-2.783422422	0.5691246945	1.777313991	1.369865577	-1.129115041	-0.800347923	1.99863427	-0.75889654	-0.8356211705	0.143427296	-0.38490834	1.0470334	0.025677495	-1.294256332	1.409747405	1.320246253	-0.047594983	-0.506181481	-0.0604248985
BSU14000	patA	-1.3144904275	-1.098869499	3.080860108	-2.384827668	-0.181352048	-3.901289512	-2.0806652005	1.183080461	0.727644468	-0.237594622	-1.086079172	-0.772768775	0.590312786	2.3979139275	-0.790597297	1.214276522	-1.780791386	-0.3359061655	2.2388955145	1.378397319	1.504641914	-0.299942815	1.163249125	-0.285995902	2.593821069	-0.8227829155	0.861569757	-0.468680104	-1.206249466	-0.234509714	2.12292843	0.466746437	0.575426139	1.22779528	0.584896206	-0.854881318
BSU14180	dapH	0.1512616435	-0.19117195	4.362631214	-0.552676955	-0.661769428	2.03470991	0.633514652	-0.01086243	-1.385898669	-2.50988246	0.020854155	-0.399777176	-0.045087687	3.1021601825	-0.794868041	-1.925141916	-1.113523543	-1.0785280415	0.8000572195	-2.88344806	-0.163255999	1.694317652	0.461835177	-0.749385209	-0.214555748	-2.885321786	-0.015417932	-0.354666061	1.391400785	2.785683824	-1.884873221	-0.508424851	0.431862334	0.159672067	-0.656255305	1.4040573695
BSU14190	dapL	0.3003061205	-0.507080217	1.865285195	1.650315406	-4.36453051	2.415088854	1.9520845525	-0.055381654	-1.371331577	-1.713738816	-0.013683459	0.150467131	2.198114126	4.831382742	-2.399418645	-3.486373017	-1.326587639	0.308279231	-0.159107358	-5.838632108	0.220022812	1.40634042	-0.093256785	-2.462824199	1.605133341	-3.2927964215	1.267963757	0.229831006	0.415406521	0.168033232	-0.015334718	-0.33816268	-1.594809972	-2.08169006	-0.4791215955	-1.11114437
BSU14530	rnjA	-0.4471036465	2.922852101	1.005290004	2.117479327	-2.021466428	-2.977230045	-0.421528243	0.603877589	-0.02360479	-0.820737112	0.580795071	-1.094942561	0.700578848	1.829838706	-0.558675358	-1.679570501	1.11135723	0.44130385	0.1472104915	-1.002342312	0.639732091	-1.820227168	-1.004845038	-1.430643698	-0.840186096	0.125347929	-1.111716142	-0.589175895	-0.55781223	1.3699170605	0.071106324	0.004912774	-1.813901591	2.191706828	1.6832118585	0.0254351655
BSU14580	pdhA	0.2002669565	0.641594488	-0.473710535	1.105458875	0.3601354585	1.506161207	0.880010273	-1.249148604	0.537074682	-0.004355383	-0.169311722	-0.13218789	-0.188618981	-4.41537293	-0.079311566	-0.047951606	1.315856918	0.37262319	-1.8736901325	0.501832114	-0.756156842	-0.478859656	0.10396373	0.560121155	-0.574158282	1.4883702685	-1.751366408	0.304515777	0.457301277	0.220805922	-0.065657207	0.581714755	-0.460537197	-0.52860913	0.0030960645	-0.401900513
BSU14840	ylaN	-0.2895039915	-0.740842114	-0.540339474	0.7915819405	1.122536689	1.192557444	0.899381379	1.764826249	-1.704568605	0.030597804	-0.173160523	0.000160816	-0.482827452	-0.163302044	1.836026599	0.512296393	1.106383216	2.8035890415	-0.577527362	-0.190282365	-2.852456833	0.6917737805	-0.242504058	-1.100891594	-0.696421399	-0.511971282	-0.103181001	-1.112422139	-0.210199025	-1.529317039	-0.660184973	0.685990474	0.129583299	0.49944021	-0.9276728655	0.227200993
BSU14840	ylaN	-0.2895039915	-0.740842114	-0.540339474	0.7915819405	1.122536689	1.192557444	0.899381379	1.764826249	-1.704568605	0.030597804	-0.173160523	0.000160816	-0.482827452	-0.163302044	1.836026599	0.512296393	1.106383216	2.8035890415	-0.577527362	-0.190282365	-2.852456833	0.6917737805	-0.242504058	-1.100891594	-0.696421399	-0.511971282	-0.103181001	-1.112422139	-0.210199025	-1.529317039	-0.660184973	0.685990474	0.129583299	0.49944021	-0.9276728655	0.227200993
BSU14840	ylaN	-0.2895039915	-0.740842114	-0.540339474	0.7915819405	1.122536689	1.192557444	0.899381379	1.764826249	-1.704568605	0.030597804	-0.173160523	0.000160816	-0.482827452	-0.163302044	1.836026599	0.512296393	1.106383216	2.8035890415	-0.577527362	-0.190282365	-2.852456833	0.6917737805	-0.242504058	-1.100891594	-0.696421399	-0.511971282	-0.103181001	-1.112422139	-0.210199025	-1.529317039	-0.660184973	0.685990474	0.129583299	0.49944021	-0.9276728655	0.227200993
BSU14840	ylaN	-0.2895039915	-0.740842114	-0.540339474	0.7915819405	1.122536689	1.192557444	0.899381379	1.764826249	-1.704568605	0.030597804	-0.173160523	0.000160816	-0.482827452	-0.163302044	1.836026599	0.512296393	1.106383216	2.8035890415	-0.577527362	-0.190282365	-2.852456833	0.6917737805	-0.242504058	-1.100891594	-0.696421399	-0.511971282	-0.103181001	-1.112422139	-0.210199025	-1.529317039	-0.660184973	0.685990474	0.129583299	0.49944021	-0.9276728655	0.227200993
BSU14840	ylaN	-0.2895039915	-0.740842114	-0.540339474	0.7915819405	1.122536689	1.192557444	0.899381379	1.764826249	-1.704568605	0.030597804	-0.173160523	0.000160816	-0.482827452	-0.163302044	1.836026599	0.512296393	1.106383216	2.8035890415	-0.577527362	-0.190282365	-2.852456833	0.6917737805	-0.242504058	-1.100891594	-0.696421399	-0.511971282	-0.103181001	-1.112422139	-0.210199025	-1.529317039	-0.660184973	0.685990474	0.129583299	0.49944021	-0.9276728655	0.227200993
BSU14840	ylaN187	0.194793376	-1.063246787	-1.533322946	0.022080463	1.0549637975	-0.967943378	0.4319065015	2.921018079	-1.293819852	0.8849403	0.556988691	0.463576969	0.856956272	-0.500037104	0.640646256	1.164280688	0.989910174	4.2722970075	-0.189840572	-0.02263875	-4.211841446	2.2082673195	0.313946443	-0.905660458	-1.400160336	-1.1503149675	-0.644494908	-1.154467138	-0.4468314	-1.3339488885	0.265782443	0.70239241	0.058592919	0.88035597	-0.892828839	-0.134077279
BSU14840	ylaN190	0.7121102305	-0.901022962	-2.210309001	0.277072784	0.96996683	0.935774034	0.1311914835	2.625468307	-1.53124168	0.442507541	0.562972876	0.19133027	1.298329929	-1.819990708	1.087810351	0.387947594	1.059354739	4.140624922	-0.222815255	-0.644624912	-3.391977479	2.3313097955	-0.095706897	-1.096266636	-1.981376106	-2.083905869	-0.76143201	-1.218351127	-0.892653472	-1.3933627125	0.516385949	1.54926589	0.23481603	1.309537623	-0.7954522525	0.056009034
BSU14840	ylaN25	0.4353047855	0.543887389	-3.11311297	0.4897899645	1.0138533125	1.33811174	0.7334624855	1.153656842	-0.344507635	-0.262750827	0.362567221	0.660522467	0.221011956	-0.927584338	1.376210002	1.27417807	0.808642736	2.376280223	-0.36851123	-0.409517015	-1.505871901	0.749489084	0.133767189	-0.993488187	-0.394479253	0.3448815175	-0.766088281	-0.307090774	0.157473352	-1.3397374245	-0.940895691	0.353364765	-1.562241924	0.66350242	-0.8118011535	-0.054936604
BSU14840	ylaN85	0.00394798200000002	-0.61003803	-1.859378457	0.2658238135	1.064461858	-2.123576372	1.0062403375	2.630025599	-1.136725137	0.285601544	0.09566474	0.763007587	-0.452141217	-1.0550493565	1.404976023	1.443967545	1.267898073	5.3047510795	0.1325242065	-0.902335403	-2.630414248	2.245253566	-0.316581833	-0.463739674	-0.435302799	-0.365614667	-1.463903843	-1.118570722	-0.328529416	-1.5824214555	-0.353891289	-0.470639896	-0.347261243	0.94876175	-0.5123572905	-0.063638343
BSU14850	ftsW	5.536384326	-0.563310056	-1.025542873	-5.3790409875	-1.228481198	-1.951074357	-3.8781417815	0.815462647	1.929218473	-6.815965886	-2.642527066	-1.441511101	2.62342098	-0.2832951015	-1.94902357	0.439573186	-3.133122165	-8.0784041845	0.420689383	-0.674667248	1.062347492	6.277984119	-0.457803914	-5.078285579	2.716363259	-1.188672057	5.255629049	3.744521502	1.247316484	1.2572535065	5.086002496	0.888124118	1.340599583	-7.076463199	-0.960735122	0.121217562
BSU15020	coaD	0.6204069355	0.306155582	-0.967218159	0.204766423	0.5356845475	2.411906359	0.574905994	-3.712489967	0.769655426	-0.304560375	0.922734006	0.491062355	0.743564151	-1.058254059	1.163764688	-0.261538101	-0.567924664	-0.0359451345	-0.1609042465	1.489336818	-0.12488889	0.3408581305	0.084243245	-1.492193824	-2.318666481	1.071790175	0.157402508	0.379754918	0.572845333	0.1382504205	-0.268771643	-0.520885566	0.87147387	-2.121161056	-0.021762012	0.3608383415
BSU15180	murE	-1.0639146135	-0.709212131	1.111994845	-5.527015968	-1.231747926	2.620238493	-3.544683067	2.459818447	1.608358329	-0.725450338	-0.278564528	-0.422213711	-0.827576897	4.2217953705	-0.304084832	0.58687747	-1.115624317	-1.746915687	0.320126788	0.733148042	-0.366671658	3.0779917855	-0.267671255	-4.076338246	1.35523094	0.347184107	1.587295149	1.695605619	0.357214055	1.270325037	1.896343057	0.713182155	0.127674945	-0.606408185	-0.482036896	-0.563158585
BSU15190	mraY	-0.5444574275	6.991454445	4.522444146	1.1207598345	0.7496285515	-1.495163029	-3.69134459	0.389634897	3.613006067	-3.065470296	7.140278934	-1.520956753	5.839257176	6.5795841495	0.869730654	-0.943319199	-3.119562682	-1.4895812145	1.731105557	-2.024234067	0.028151084	-0.12794601	-0.205497665	-1.395633825	1.193487119	-4.7431279495	1.126029149	-1.104275819	-0.576948591	1.020721983	0.316205568	-0.436910497	1.156727803	-0.329768657	-3.2709500375	2.8862088715
BSU15200	murD	-0.474473917	-0.305051655	3.687307616	-6.1665114095	-1.453889062	-1.489744936	-4.355427729	2.232446922	2.18560946	-2.160228829	-2.009551881	-0.273289772	-0.896791106	4.630530447	-1.457862037	-0.326214745	-3.155764622	-2.8016979695	3.027437369	0.507966693	1.306867411	1.946901687	0.291029057	-2.155909717	1.090369438	-2.33454188	1.79333082	1.514160167	0.548173096	2.1659302645	2.16854625	1.295364893	1.515002146	-0.927468631	-1.439526453	1.159237985
BSU15220	murG	-0.176367594	-0.595009812	1.682894126	-0.5090771	1.789043139	3.43493231	0.263643985	0.55430746	-0.15375918	-1.541306938	1.455177699	0.157430292	-0.807287081	1.042357147	-1.038174382	-1.839921529	-0.7571853	-0.629953165	0.3146440275	-1.369445465	-0.880755759	0.5684178885	-0.184380919	-2.346342808	1.527018338	1.710874886	0.320814052	-0.019720768	-0.307036693	0.6455468775	-0.524201421	0.895916353	-0.859292857	-0.380562891	0.243966097	0.813836829
BSU15230	murB	0.7198384735	-1.704227695	5.869867819	1.783953413	-0.426085141	3.877975847	-0.842163356	0.690793036	1.347061649	-2.594017867	-0.621839252	-1.312650295	3.455850577	4.625093641	0.390753454	-1.277773239	-2.397463424	1.228978719	-2.45043023	0.043070745	-1.471995358	-0.460978543	0.386399885	-2.305563406	-0.447117356	-3.438479352	0.9368663	-1.329596425	-0.563273178	-0.421429189	0.903262926	0.993292005	-0.426902625	1.120093219	-0.619480644	1.4625948235
BSU15240	divIB	1.524082884	-0.367303196	-1.83966432	-2.522163194	-0.2267827685	-2.720082202	-0.8629437525	0.513597828	0.940650566	-1.225301753	-1.008533105	-0.931747793	2.340499888	-2.433068525	-0.258809166	-0.830515239	-1.386320015	-3.5352160445	0.486004884	-0.68871329	-1.035915434	1.6295217995	0.174019496	-1.515635634	-1.73817001	1.0451115525	-1.549610137	1.02763276	0.283029999	-0.1854938655	0.634246896	0.467481298	-1.819747408	0.585858601	0.5886898105	-0.2343625975
BSU15290	ftsZ	-0.2208924795	0.53760049	0.879833708	-1.735561304	-2.6168052825	-2.181028523	-1.19400922	1.080090848	1.041146364	0.810231913	-0.035686745	-0.997695281	0.14933714	-5.3719929415	0.473039387	-1.282054345	-2.1446639	-1.9483920255	0.3096610365	1.044593315	-1.216917887	0.5959410155	0.813989491	0.223830382	-0.306632682	2.556578889	0.669746515	0.41011275	-0.139922696	-0.212049581	0.52879397	-0.013462575	-1.05326645	0.565120591	0.67961606	-0.5670722165
BSU15290	ftsZ	-0.2208924795	0.53760049	0.879833708	-1.735561304	-2.6168052825	-2.181028523	-1.19400922	1.080090848	1.041146364	0.810231913	-0.035686745	-0.997695281	0.14933714	-5.3719929415	0.473039387	-1.282054345	-2.1446639	-1.9483920255	0.3096610365	1.044593315	-1.216917887	0.5959410155	0.813989491	0.223830382	-0.306632682	2.556578889	0.669746515	0.41011275	-0.139922696	-0.212049581	0.52879397	-0.013462575	-1.05326645	0.565120591	0.67961606	-0.5670722165
BSU15290	ftsZ1132	-0.768322707	0.962751077	0.629129435	-1.5238841435	-1.240251526	-0.13277645	-0.443882012	-0.467231335	2.154010583	2.247913364	-1.183625949	-1.509941142	-1.228533705	-3.824966252	-0.37205401	0.44046033	-0.453260584	-1.6396031115	0.3047942555	1.221447998	-0.495122235	0.2759296845	0.446222422	0.47955126	-0.227745298	3.344097385	-0.30702123	0.472332086	-0.114656908	-0.744908428	0.804277021	0.976634332	-1.28783643	-1.571022757	1.4826602455	-5.767699786
BSU15430	ileS	-0.9209574735	1.201458242	-1.139937513	-0.113197785	-0.57925454	3.241010253	-1.103921213	-0.712700122	0.995959488	-0.24539115	2.893862023	0.20557479	0.8677624	0.206920827	0.395855219	-0.242122006	0.265866099	-1.175166278	-0.1633072495	1.827932101	3.068003289	0.23834645	-3.902644957	2.815759036	0.360763811	-5.2201850135	1.402786368	0.442938185	0.616577391	0.7091630145	-0.663530575	0.00835125	2.100442427	1.089576735	0.212883346	-2.406841161
BSU15680	gmk	-0.225717526	0.358710264	-0.579125763	0.0148229425	-0.476970168	-2.517878734	0.0908998560000001	-0.197963083	1.181716028	0.288160901	-0.556302066	0.344907741	-0.507734307	-0.870032761	0.229265725	0.574077517	0.108849953	-0.302525905	-0.7306530025	0.408760593	0.061260781	-0.083162574	0.27598073	0.13551014	0.639561549	2.619603706	-0.985491707	0.338249542	0.335550816	-0.5070450945	-0.117706069	0.181644552	-0.535616351	-0.94725596	0.3720183345	-0.53792228
BSU15700	coaBC	0.8591890815	1.201413103	2.382087764	-1.027742773	0.594331945	0.195589445	-0.7740425855	-4.049998709	1.351064973	-2.02169956	0.668788351	-0.194380277	0.92581556	-0.390185576	0.072242081	0.622732161	0.735926202	-0.3378458715	-0.8124777345	1.255174285	2.638320057	0.7390814225	0.380294272	-2.258526855	0.664455995	0.047229023	1.460415547	0.107721838	-0.185788212	0.7749585765	-0.493572979	-0.739856343	1.595901762	-1.590261518	0.014863582	0.0610796775
BSU15710	priA	0.8232445835	2.039076877	3.573331203	-1.817844956	1.0012233605	0.516832631	-0.715758141	-4.809468027	0.765010315	-3.308273526	0.450121093	-0.357852256	0.095168891	1.0423573625	0.430601766	0.654584669	1.757095882	-0.8423333975	0.9155054715	1.940030895	2.605984893	0.673236668	0.779427672	-4.21050999	1.096572237	-0.3574787745	3.390754373	-0.648983271	-0.032091575	0.1358221715	-0.641474018	-1.120531165	1.606449163	-0.378309512	-0.623218469	-0.364387238
BSU15730	fmt	0.775395581	0.568246617	-1.257878453	0.594979559	-0.067616798	4.390470752	0.6974312635	-0.488754328	-0.068644149	0.159233352	0.936834151	-0.327671142	0.04377153	1.610921047	-1.114960544	0.550060844	2.368414661	0.262910959	0.6424070075	0.318580293	0.887813326	-0.0275481495	-0.310116811	0.981611866	-0.600978008	-2.1517211445	1.200514626	-0.561917013	-1.352118032	0.223527372	1.168372117	-0.905817006	0.846501608	1.635079062	-1.535698411	0.0935580325
BSU15830	yloU	0.6898456045	-0.174104993	1.335490162	-0.279510924	0.8749722695	-0.756383818	-0.177383327	-0.477707667	1.066818052	-0.574605076	-0.076134146	0.763986509	0.871412201	-1.9631778415	1.443428361	-0.239386657	-0.284491152	-0.391441013	0.0150858435	-0.751826721	-1.65831493	0.514258481	0.697120418	-0.844598729	0.414290173	2.202473588	-0.290463951	-0.047713394	0.20837656	0.1569673645	0.039568243	0.164798715	-0.342506534	-3.511819954	0.099726855	0.908181142
BSU15890	plsX	-0.601315825	-0.430053359	0.857350531	3.0554559205	0.002069902	-0.398188194	1.0006060745	-6.73447446	-0.026817208	1.089694103	1.060762241	0.114176269	0.717401786	-1.1122087575	0.35873133	-1.186487452	-0.100658612	0.0186842405	1.784041175	1.89367993	2.04006421	-0.010409495	0.490413852	-1.485730947	-0.911622618	0.398588241	0.167594491	0.591666428	1.182562711	-1.2279116935	-1.050508917	0.242967064	1.33339092	-5.821673534	0.377158543	-0.1415309775
BSU15900	fabD	-0.738486147	0.738374433	1.950167545	0.6502385015	2.186058521	2.650395225	-0.4043103925	-4.366443025	1.685084405	0.068843012	2.964420325	0.744701007	0.475743743	0.837062469	1.349256562	0.973639465	0.908691332	-1.4043334655	1.2131601535	-0.342702972	3.004673393	-3.050343176	-0.527485534	-0.330954544	-1.710061852	-0.32033823	2.243404785	-1.498124773	-0.359778753	0.594783904	-1.029291641	-0.506719513	1.143241572	-0.859011759	0.027889835	0.1181746285
BSU15910	fabG	0.28418744	-0.603368389	-0.321012465	1.269303406	0.2003955165	0.240369944	0.5390932105	-6.80472683	0.286045943	0.272891602	0.26966465	0.861257708	0.355597806	-2.005935497	0.328500255	0.634900544	-0.721054852	0.456358502	-0.4934664995	0.312215462	0.184313908	-0.9695137625	0.20356724	-1.382038135	-0.351942167	0.5361392625	0.626260131	0.100571811	0.311543598	-0.2619355395	-0.277714748	0.690214871	-0.204571142	-5.052699921	0.293754535	-0.191914272
BSU15920	acpP	-0.0080474125	-0.861260625	0.600602897	-0.017150282	-0.2171976795	2.05295459	0.9639728315	-2.12445872	-0.480743634	0.134564595	-2.37566244	1.462230571	-0.684975994	2.010138129	-1.413123437	-0.130798084	-1.660205493	2.21706719	0.3718064475	0.809808259	1.330903581	-0.579928301	-0.536240179	-0.474806476	1.388559484	-0.765183889	1.55311792	0.996431313	-0.088082628	0.689835723	0.056676442	1.471963218	0.440872864	-3.010909416	0.57151436	0.9368412325
BSU15930	rnc	0.3115989635	-0.587592888	1.387337516	-0.2079728995	-0.5465516325	-0.207059165	0.264734438	1.159262116	0.330389584	-1.292878261	-0.539981121	1.238937176	-0.807899783	-1.399687414	-1.184742914	-0.752113467	-1.255951497	1.184341279	-0.5123458275	1.552725617	-2.030430954	0.047840789	0.214520266	-1.275836921	0.203021571	1.384239673	-0.911999033	0.436441072	-0.399119292	0.7171594315	-0.727452797	0.586784716	-0.142973516	0.845432024	0.4868368555	1.931464929
BSU15940	smc	-0.8298946275	0.601318249	-0.640965038	-2.6228635985	-1.216703968	-1.16280626	-0.429863198	0.714840282	0.256945675	-0.281868398	0.10281172	-0.246082463	-0.436293889	-1.710430162	0.26619756	-0.438230987	0.433048484	0.0699414355	0.688393676	-0.216060179	-0.377619179	0.5882038135	-0.307506719	0.459983415	0.235254387	0.841963037	0.645954371	0.467806968	0.334562441	-0.174552798	0.423323887	-0.132619599	-0.492859195	-1.349043581	0.8005154715	-0.3658820305
BSU15980	ffh	-0.6935901395	-0.032447212	-0.614067888	-0.602571865	-1.09443392	2.619893844	-0.303452645	1.277142446	0.815053323	-0.007126453	-0.780196325	-0.468755373	-2.168904166	0.7992419585	2.18080247	0.447731275	0.361343026	0.7353933955	0.2689963755	0.947405437	-1.045867835	1.2076393475	0.235351619	-0.303258581	1.440070918	-0.593665178	-2.373509037	-0.018837484	-0.791585726	-1.3425756	1.563147023	-0.622376262	0.577054318	1.291375113	-1.2747634185	-1.445470764
BSU15990	rpsP	-0.698234075	1.582215471	1.048063512	2.8834308945	0.010593572	1.124684583	-0.419972393	-0.38863749	0.260193772	0.138910157	1.36786843	0.800773448	1.204364991	1.356000694	-0.283693835	0.814862639	2.09431319	-0.5990605175	-0.298516892	1.27636383	1.970765388	-0.484013094	-2.214946391	3.919570822	1.577706037	-2.9896371785	-1.016979934	2.463076583	-0.64737484	0.067865266	0.158113816	-0.30420272	1.062159213	0.264918159	-1.2512505675	-0.4538390045
BSU16030	trmD	0.082191381	0.62216326	-2.914625966	0.932265025	-0.2690621345	1.209684262	-0.1273245035	-0.362202652	0.269205522	0.29706886	-0.873666179	-1.084923564	0.176312717	-0.951902694	0.76801467	-0.257630311	0.369349409	-1.5769449265	0.6310394995	-0.410505928	0.798676295	0.8655573905	0.104329994	2.371119362	0.131271872	1.555834618	-0.011955286	0.661182446	0.247542663	0.776848549	-1.299447726	0.224626297	-0.198489799	-0.696154946	0.264530639	0.1812252925
BSU16040	rplS	-0.826581975	0.943404346	2.494612464	-0.11792743	0.998719334	0.600275037	-0.205560892	0.017382767	-0.294956673	-1.027483808	2.600118062	0.706665193	1.314449269	1.195327882	1.421772599	0.879760145	1.914948156	-0.8410932575	0.942797332	1.689315446	1.674250444	-1.675041804	-0.427995791	-0.032316367	-3.853860797	-1.235595747	-0.973743665	-0.55767008	0.503248723	0.1306244685	-2.221286522	0.357654813	1.087023596	1.101641324	-1.1703747025	-0.227425657
BSU16050	rbgA	0.881320654	0.45033084	2.627512112	-0.2811933885	0.6309468625	-0.037669385	-0.422060213	-1.325875688	-0.749118434	-0.267167669	0.85047809	0.437849232	0.996246711	0.95618135	-0.401608383	0.85577937	2.00845585	-1.8261183185	0.2265126505	0.673696682	1.118325829	-0.9112404135	0.011702141	-0.457384626	-1.410756083	-0.980431224	1.682158076	0.032762764	1.05671596	0.370183924	-0.85222543	0.525143925	0.551058364	-0.854121841	-0.3696295775	0.2127049225
BSU16490	rpsB	0.1393953595	0.90196663	-0.827349581	1.252945015	0.7598790935	4.436864032	0.0721825995	0.723732642	0.525156913	0.601306128	2.270876088	-0.397497442	0.453601679	1.160522231	-1.482431957	0.555787586	1.705312397	-1.514937509	-2.026664573	1.427798809	0.660700928	-0.385514603	-0.666221444	0.436899317	-2.665560141	-1.9827947015	0.752817328	0.227288328	0.382937571	1.8434320845	-0.040394843	0.944202615	0.614850581	1.666232617	-1.4763838775	-0.5074072375
BSU16500	tsf	-0.689311227	0.800674055	-1.343421196	0.4106143825	-0.011708645	0.288500732	-0.148721248	-1.02859746	0.502209058	0.777268482	-0.120925937	-0.516105731	0.244971244	0.1102060125	0.019168358	-0.241379139	0.101658865	-0.511452976	-0.7465561755	-0.352005995	0.393561995	1.0960126425	-0.086320962	-0.311149916	0.007695047	0.380324557	0.280270122	1.357821534	0.878766793	-0.599270591	0.561822855	0.297034004	-0.308564688	-0.745715945	0.0635569275	-0.147830357
BSU16510	pyrH	-0.177089926	0.479584046	-1.26660806	-1.8414575075	0.023781757	-0.719446759	-0.2635172875	-0.918903415	-0.415373181	0.107379648	-1.393627294	-0.306499211	-0.609540667	-1.246118772	-0.318114119	0.105685586	0.904734292	-1.222142769	-1.0010993125	-0.969515391	-2.583399014	1.137111884	0.081278222	0.368051642	0.870569076	1.677419992	-0.455785459	0.581354737	0.586852875	0.3782204535	-0.159684507	-0.159341172	-2.428886589	0.737664348	0.1908371735	-0.969869344
BSU16520	frr	-1.221152421	-0.095681685	-0.794623939	-2.9884189395	-0.3233154035	-0.312531882	-1.669464432	-1.823728259	-0.274647207	-0.121180835	0.690476072	-0.255611547	-1.207961102	-2.3706661745	-0.592915106	0.245920972	0.76797938	-0.764238496	-2.4368488715	-1.100593278	-1.013730264	0.2440593835	0.048571365	-0.091796601	0.599231172	-0.6683293625	-0.516340392	0.342749565	0.099771621	-0.454564436	-0.273419627	0.061087819	-0.68129601	2.538870554	0.975763586	-2.113967483
BSU16530	uppS	-1.279670927	0.97750762	4.560210725	-3.286913864	-0.323234977	-0.622845499	-0.9573116995	2.557681538	-0.662289393	-2.266083272	1.154725328	-0.061459481	0.334302839	0.340034377	-0.736701973	0.156137821	0.053613644	0.17260818	0.121277894	1.072135075	0.417448607	-1.2240549295	0.166851151	-1.487657142	-0.273720625	-0.3563682535	0.38457811	0.132428229	-1.295762757	0.8307654335	0.622729913	0.033698685	0.984557271	-0.558142263	1.193267982	-0.4640643405
BSU16540	cdsA	-1.2870636355	1.165780391	5.703315059	-3.7927449695	0.832626411	-0.489723446	-2.4115626275	1.852312302	0.44263969	-2.119718495	1.177911761	-0.365458279	2.215243905	1.425879282	-0.843192348	0.250123619	0.993471856	-0.8919812715	0.407136211	1.048135372	-0.128171886	-1.932908979	0.403386529	-1.65735351	0.080306315	-0.254536555	-0.026402546	0.111116127	0.40855602	1.172845713	-0.034299019	0.293984974	0.826158348	0.373742997	0.2233422085	0.288890457
BSU16550	dxr	-0.832539301	2.425304992	4.390755872	-4.106738967	0.8119586825	1.926010233	-1.44763497	2.239772892	-0.374155823	-2.945831691	0.045042647	0.279428398	1.404397934	0.756744137	0.02544324	2.624065407	2.305786874	-0.65183781	2.387816506	2.157778447	2.098242997	-1.469607803	-0.509603048	-2.286990058	-0.982478088	-1.0720073265	1.23536826	0.184681155	0.859792707	0.944729843	-0.377859526	-0.399799182	0.837705992	2.533457326	-0.583710615	0.1937889495
BSU16570	proS	-0.439847248	0.390561896	-1.403398019	0.5186763795	-0.1178799935	0.372576922	0.4932120455	-0.954172834	1.313705398	0.363628619	0.483419881	-0.015166625	0.288915584	-2.728588067	-0.059292106	-0.353211731	-0.50843809	-0.270427594	-0.1215106405	0.119559385	-0.577788017	0.549889207	0.905580234	-0.593209133	-0.032491779	1.805336808	-0.733388569	0.299729901	0.185388312	-1.387110208	-0.88432254	0.580399424	0.286825082	-0.506548512	0.1572790165	-0.125162421
BSU16580	polC	0.97375265	0.454891624	6.183473908	-4.3956052815	1.5288337565	-3.335040858	-0.8991758075	0.797137887	2.088707479	-3.65407064	-0.003470676	-1.223795535	0.062331533	-0.174738189	1.388593948	-0.264323074	1.362943709	-1.491905272	1.45210504	0.90319495	0.887585481	-0.194666915	0.183677639	-2.530296223	-0.822705481	-0.502811005	0.502102023	0.320637205	-0.721696168	0.379179369	-2.055246459	-0.029487946	1.136172873	-0.566232856	0.700211092	0.4911093325
BSU16600	nusA	0.190289446	-0.541624613	-3.099219664	-2.6175503255	0.5549901785	0.55228017	0.9251740625	1.882324565	-0.193638114	0.611828823	-1.103237688	-0.543239124	-1.020897496	0.9166412975	-1.370064146	-1.131377036	0.69383036	-1.535145107	2.2126946545	-0.389898116	1.504075506	-0.9753661125	-1.200533436	2.871492679	1.154957245	-0.420238363	-1.386372324	-0.76737713	-0.188287537	0.288703539	0.213669897	1.605561593	0.579592555	3.430897864	1.3637808265	-0.241733182
BSU16630	infB	-0.0464658965	0.370607772	-4.993503862	-1.4589660505	0.8852621405	2.417902605	0.561320058	0.460879712	-2.281671311	0.721680187	0.525163897	-0.667349061	-1.530579957	-1.0029578815	-1.568664989	-0.610884063	1.103680033	-0.905915973	0.4095225745	-0.697949755	0.203948205	-0.4549421335	0.044540071	1.114718821	0.436945847	-1.347398758	-0.40695013	-0.343728366	-1.450165516	-0.381450663	-0.444379983	1.001970141	1.405092161	5.095553583	0.594282731	-0.573272294
BSU16670	ribC	1.227832816	-0.809641724	3.029495133	0.204880448	0.222035727	4.595674779	-0.7403911155	1.206327756	1.679722739	-1.323222157	0.760396791	0.20107217	1.905874856	4.4433613505	-0.74042901	0.099978762	-3.5663872	-0.975108068	1.368974723	0.363442181	0.225692483	1.183513356	-0.27057304	-2.664558528	0.618526784	-3.097466845	0.406872753	0.42707732	0.120375527	1.338508199	1.865851299	1.177099604	1.977945348	1.719523045	-0.429709214	0.2251605575
BSU16680	rpsO	-0.5999235965	-0.285536592	0.851950618	4.011683845	0.3866143345	1.261242375	1.128431403	0.169501594	-0.073306839	0.288685077	0.151150641	-0.81352558	0.514147894	-0.1950451185	0.100549943	0.048432239	0.522399896	2.051142749	-0.606662499	2.636966613	1.360027738	-0.264558413	-0.568309308	2.873028785	-0.202845806	0.1050371155	-0.80567814	0.168861281	-0.458680043	0.3987333385	-1.303661736	0.029063281	1.551163936	0.408202636	-0.6549477635	0.787286734
BSU16750	asd	-0.745766351	-0.624246417	2.170548882	-3.112045568	-0.127507118	0.060715242	-2.229764723	0.841243346	0.422137114	-3.778855775	0.06873179	0.398539336	-0.176465631	3.3629486685	0.320867883	0.357792416	0.163914045	1.8266255075	0.0918337445	-2.367018812	0.189604206	1.1278291125	0.564186647	-4.509667942	1.686721093	-2.0006821065	0.755743448	-0.367431349	-1.149131002	0.466790337	3.102157718	-0.72135321	-0.58457674	1.439826598	-0.6953475495	-0.776776292
BSU16760	dapG	-0.2066281755	-0.015843361	-0.77523679	-1.244046109	-0.7716755505	3.306689779	-0.1437164885	0.576059818	0.229789084	-0.649955436	-2.106515973	0.688204545	-0.958477286	1.736727078	-0.076161661	-0.837574444	0.465315163	-0.1312409585	0.3848153915	-1.092527783	0.665588205	0.7594122005	0.173663059	-2.128528389	1.736621024	-0.037020224	1.72884588	0.092487262	-0.184513476	1.0371128815	2.136224863	1.302471368	-1.756449026	-0.075821636	0.1113983725	0.219711714
BSU16770	dapA	-0.0844589625	-0.333618202	3.849512735	-3.0628064745	-1.1223297925	3.237846181	-2.3387155635	1.327351174	-0.140998065	-3.346156159	-0.268703553	0.485807719	-1.553239816	2.8392861765	0.082795233	-0.310189013	1.239602976	0.5097206425	0.5178393535	-0.701392945	0.208610781	0.2614311105	0.902668724	-4.084962028	2.25555802	-1.6936189075	0.408886353	-0.197044483	-1.082202939	0.764430422	2.344599636	1.133412384	1.422233229	0.550082904	-0.490859349	-0.1560260795
BSU16920	pgsA	-0.55137511	-1.168556728	0.362854851	-0.206979688	-0.859813768	5.561943905	0.7348257165	2.530398724	-0.076179247	-2.241245237	0.643241318	1.000385153	1.051535284	4.019280171	-0.169247011	1.489410261	-1.223074114	2.221087208	1.616732582	-0.399459077	-0.588534998	0.840703967	-0.738557581	-2.938304706	-0.103288325	-1.650462575	0.480362804	0.828848699	0.465069897	0.122120932	1.076299537	0.945374305	-0.304311192	0.332685174	-1.23656531	0.0398285345
BSU16960	ymdA	0.438172304	0.1061915	-1.118124816	2.915130884	1.845112418	5.096913352	2.747127662	1.179696257	-1.042974932	-0.181806613	0.062288981	-0.013939211	-2.25177298	-1.2253804415	0.571537953	1.248712424	0.915944843	2.1664099345	2.9254130105	-0.667139147	0.147004373	-1.433523491	0.000737102	-1.433879722	-1.439106103	-1.533260106	1.655438912	-0.065806667	0.350400446	-0.7480222485	-0.131271558	-0.365055561	0.076970799	-0.073994724	-2.539880172	-0.218277854
BSU17370	nrdI	0.5864915745	0.844523824	5.719226237	-3.0673326505	1.258631769	-2.982479987	-0.6276622595	-0.959417269	1.729447192	-4.959579918	-0.490549991	-1.034691176	0.493221375	-0.868941603	1.043916948	-1.444515857	-1.290268367	-3.383068228	-0.3944803415	1.279411133	1.337125516	-1.1288452045	0.094502653	-2.839041451	0.783846426	0.5542394535	0.618909807	0.3332484	0.101957958	-0.8450131285	-2.102685948	-1.465304386	1.902293254	0.682401332	1.4582070305	0.5430411725
BSU17380	nrdE	0.3442724135	0.298823453	4.976978236	-2.396787174	0.0855223855	-2.660677896	-1.0386308945	-0.430170754	0.422824099	0.361780721	-0.225408068	-1.355826265	0.273801957	-0.813566134	0.903723418	-0.82841847	-0.426565204	-0.691956172	1.40591253	0.145222579	-1.3975659	0.7257506045	0.262722357	-1.173117114	0.394814398	1.310575842	1.398153496	-0.13243739	-0.271777211	-1.2061152445	-1.136049815	-0.227694585	-0.808217284	-0.28021029	1.591960374	-0.057359409
BSU17390	nrdF	0.540363136	0.569762628	1.530605013	0.045528252	0.43207625	-0.578762621	0.100433269	-0.644045648	1.44468517	-0.997140932	0.661780944	-0.632726844	0.363758547	-2.235201711	-0.333763646	0.258987189	-0.21261573	-0.0414970145	-0.993525574	0.494299383	-0.462052697	0.841718482	0.264456434	-0.839294205	-0.200015532	2.037930342	0.385759102	0.881560394	0.273304815	-0.9492849745	-0.544099857	0.955514651	-0.662970707	-0.978995537	0.3285777925	-0.387014877
BSU17910	yneF	-0.576351752	1.335685186	0.81420925	0.7835468015	-0.6952026025	2.529716215	0.2297253385	2.0985006	0.668581765	-0.138361311	0.724377809	-0.311691552	-0.119682404	-0.9530808675	0.221121671	0.596859922	1.459213342	0.3220556115	0.7732765965	-0.910322577	1.391784303	-0.17449818	-0.943078011	-1.535366882	-1.838909805	-0.1014319335	-1.169048598	0.316991992	0.145476132	-1.1330214575	-0.274031557	-0.088352375	-0.585548374	0.157488799	-0.411424072	-0.036181
BSU18070	yneS	0.1604095095	3.512028697	5.416298636	-1.9763422645	3.7691703815	0.261722884	-2.002948452	1.24568479	0.87960837	-1.937591837	-0.437609382	-0.36697947	2.385860409	2.73099892	1.136844545	2.068725005	3.998774868	-1.9012619645	1.650817901	0.549298727	-0.061630286	-1.554269983	-0.888047801	-0.836848695	-2.024022999	-0.472736032	1.233019439	-0.498157317	1.549352091	0.3154516415	-0.707998046	0.724525157	1.280186311	0.19381032	-0.313421987	-1.1499540555
BSU18090	parE	0.8472319585	-3.058634938	0.666820926	-0.0108040915	1.0630583115	-0.23903613	-0.114659073	0.81024344	0.157163713	0.588729536	-0.559224442	0.309868629	0.64409455	0.1661088725	0.180601988	-0.698731562	-1.315384125	-1.7277072385	-0.286387333	1.252802285	1.076686452	0.5737462385	0.556267484	-1.12290625	-1.609601851	0.3398233205	-0.342331195	0.569436225	-0.449853104	1.986133264	0.919219185	0.841190738	0.496081036	-1.240788517	0.338569306	0.820155776
BSU18100	parC	0.877207071	-2.887775023	4.04237951	-3.108746942	0.9922316755	-0.160651657	-1.387469126	1.190267001	1.013436972	1.334952381	-0.905047456	0.053993602	-0.112735223	0.0464476960000001	-1.23841204	-0.189798249	-0.811847313	-2.8643262185	0.650736497	1.626069438	2.658076946	-0.071600925	0.262840362	-0.598100991	-2.00082211	0.0279727165	1.692644105	0.126686304	0.042860005	2.170976333	0.009993768	1.187335888	0.343855272	-2.711808555	1.319960821	1.4210477125
BSU19360	odhB	1.290387784	-1.303929349	-0.739222314	2.744517539	0.6535874595	6.336866115	0.8431097275	0.149312663	-0.946312927	-0.425473703	1.949243823	0.98659869	1.129544797	5.2887117225	0.412162386	3.086064488	2.690228168	-1.2065239525	1.2152821525	-0.742122786	-0.21771004	-1.9973010465	-0.312327925	-0.933247456	-2.349019049	-2.761194057	3.15544519	-1.246316136	0.200699804	-0.052896884	0.724457649	-0.703867661	0.499552461	0.275548755	-2.0199530945	1.319839746
BSU21320	yomL	0.3865286395	0.436197674	-0.707007523	-0.3780178905	0.0250397255	-0.978460783	0.4408177	-0.450971321	0.156413045	0.268357222	-0.996785175	0.310092117	0.012548505	-0.563733195	0.704880563	0.471008048	0.142467119	-0.7203658305	0.9878539515	-0.587373337	-0.423666257	0.7711376725	-0.317307558	0.285725239	-0.450042608	1.475654095	0.362505068	-0.026843347	0.260465313	0.4927892685	0.663783433	0.405109314	-1.485627707	-0.298554591	-0.161006743	0.1346100545
BSU21490	sunI	0.0614596815	1.411996618	2.291361234	2.662181236	-1.2289404285	-2.968350534	2.8119758775	0.183074493	1.267263771	0.207985109	4.241095815	-1.026607793	-0.710956411	-2.6761314355	-0.735341778	-3.28224595	-0.213981495	-1.3480401185	-0.0874464615	1.40292264	1.050758095	1.2911446935	-0.353472833	-2.422013831	1.03556759	0.2700664845	-3.002578105	2.420026087	0.86962654	-0.9100127665	-0.091315031	-0.588204344	0.831023359	-2.297313165	0.1903011815	2.336748661
BSU21810	dfrA	0.3684209865	1.534716609	5.28445926	-0.952022604	1.6385389705	-2.498468206	0.219628073	0.428877171	1.45601823	-4.501259837	1.334683663	-0.838935007	0.348837844	-1.0305192655	0.411619177	0.030992082	0.952679022	-1.695989899	1.8990183285	1.32607051	1.42264353	1.075780981	0.004671105	-2.374941706	0.15289556	0.257225145	-0.895013561	0.685132707	0.05527328	1.1760581115	0.363090158	-3.84979107	0.984592532	0.982883267	-7.5027713225	0.566209397
BSU22350	dnaD	-0.7090554615	0.211120733	-1.22026945	-0.0681239975	0.3044560465	0.978496224	-0.3473335065	0.556084131	0.796501447	0.342537667	-0.025775124	-0.604109131	-0.091549741	-0.6928582495	0.53981603	-0.19710102	0.393991949	-0.3058002275	0.343027652	1.663279828	-0.493128608	0.4454746555	-0.464263494	-1.272012182	-0.336157888	1.887869752	0.341554064	0.260460947	0.200085236	-0.382449684	-0.364974954	-0.363027227	0.318633206	-0.735304439	0.750630882	0.7195159655
BSU22420	panC	0.2364080645	0.560961886	3.609485606	-0.506583473	1.594406503	2.767430156	0.0186139765	-4.90153193	1.506699752	0.791876126	1.474465161	-0.244214241	0.622445319	-0.9007589175	-0.162024198	0.988480857	1.549173068	-0.3536020755	0.087853933	1.56812031	3.42765786	-1.395272881	0.513645175	-0.684702911	-3.253091477	-1.395053408	3.192042624	-0.613053834	-0.404302223	0.330880449	0.247216854	-0.354891754	3.215331635	-1.130746797	-0.2979402465	-0.0239147870000001
BSU22440	birA	-0.5954685495	0.243115741	0.87535345	0.496803829	-1.0664184965	2.163208914	0.18002515	-0.932328718	0.522315533	0.194169763	-0.705955844	0.707474349	0.45186973	0.7299568775	0.263319113	0.380071703	0.31140549	0.1058704615	-0.9428860875	0.178731307	-0.418653054	-0.295961864	-0.498550842	-0.296029142	-0.516576816	-0.3591390055	-0.681606843	0.005719152	0.334998179	-0.4304704615	-0.049676076	0.60208975	0.024888246	0.243884141	-0.0162526505	-0.3739964995
BSU22450	cca	0.658830223	0.379619654	-2.109018371	0.052728377	-0.036097367	-1.053562318	0.4199430395	0.127838128	0.745261316	1.213688065	0.855132607	-0.450740577	0.151792077	0.793934529	-0.533138451	1.492193245	-1.831048436	-4.1810874775	-0.9116454955	-1.028857259	-0.534360465	0.037230336	0.572844242	-0.984087244	-0.264257203	2.5635530985	0.340183589	0.633501381	-0.64060827	0.0179940375	-0.342415174	-0.063344563	0.85559662	-0.024431765	0.046453806	-0.761371235
BSU22490	dapB	-0.020070372	-0.204824932	1.8011263	-1.5667203685	-0.464433361	1.940007243	0.258760706	0.787332088	-0.168436036	-0.245488863	-0.894458821	0.54840477	0.352190144	2.497173991	-0.751553459	0.666923711	-1.776103502	-2.7381756185	0.8050765605	-1.164782213	0.060671688	0.6119847915	-0.747219493	-0.756356429	1.654379663	-1.3928354275	0.806731409	-0.315446516	-0.93061075	0.0428114175	1.584595956	0.914933041	-0.489411117	3.389451629	0.735783741	-0.1844824905
BSU22600	aroE	0.6910111695	-1.551640724	-2.360305895	-1.519431296	1.42108376	2.687571633	-0.917461362	0.927548521	-0.093411657	0.910822509	0.630059374	0.14591927	-0.146328333	1.569526533	1.043369841	1.272448018	1.444589077	-0.580880412	0.4295579855	1.308946342	-0.318415043	-0.3326779345	0.462868563	0.768112749	-0.670010184	0.1953240025	1.194084006	-0.117103703	-0.470971978	0.7485731155	1.797541636	0.651355594	-0.057342595	4.660810071	-1.2737751235	-1.3262099445
BSU22710	aroF	-0.578435958	0.09253004	-3.437406585	-1.2991225125	-0.084284039	-1.346241702	-1.142948669	1.627069751	0.069515773	0.76412722	-1.480008079	0.015627611	-0.187712965	-0.383310307	1.000707822	-0.131346315	1.286349956	-0.5699483585	0.1203044615	1.415147357	-0.54842637	0.8778471485	0.973508563	1.088685169	-0.183375558	1.846669504	-0.459220725	0.056563321	-0.422712867	0.617984847	1.759097888	0.100176819	-0.699275106	4.691859035	-0.218049593	-0.9449482165
BSU22740	hepT	-0.2363740935	1.016939741	-0.641879057	-0.9178398715	-0.0550283575	-0.468165477	0.1470331715	-0.090676307	0.932459593	-0.236691844	0.1754983	0.15801881	-0.031339288	-0.05262173	0.300528764	0.434677695	0.54435167	-0.381103256	-0.2879307225	0.431055108	0.107683351	-0.1644917695	0.404006118	-0.551646847	-0.764172093	0.5143363345	0.297633989	0.183514626	0.626116646	0.040931405	-0.090888766	0.530020009	-0.079899239	-0.012447166	-0.1826996305	0.065515432
BSU22750	ubiE	-0.5570184765	-1.176583134	0.124034717	-2.0838914805	-1.241014605	-1.360771552	0.5656194115	1.078635554	-1.076386835	0.677356238	-2.099982812	1.247696406	-3.165710389	0.3339832405	-0.026149891	0.834076115	-0.964857236	1.679306077	0.1786252545	-3.150950707	-3.179428333	-1.1023485675	0.987093693	0.747170439	-1.522577396	-1.2808039885	-1.047421354	-0.770907805	-0.37620899	0.2937728145	0.092220943	0.004581604	-0.61839433	3.131411707	0.331358703	1.0505986065
BSU22760	hepS	0.4604840135	0.937096889	1.353472697	-1.5364800825	-0.171337502	-1.427765463	-0.9344102895	0.541478632	1.164613715	-0.960025098	0.017418293	1.616773878	-1.107457796	-0.1838351505	0.670462229	-0.570308638	-0.693866039	-0.896673108	1.346270707	-0.911648598	-1.046232463	0.624154326	1.309750372	0.271512325	-1.358384113	-0.201679539	2.874455947	0.539275689	0.520448556	-0.033998217	-0.923371877	-1.261143508	-0.176418417	3.69825055	-0.4369339755	0.1553136845
BSU22780	folE	-0.1322536235	0.630745653	-2.275689713	-0.781501541	-0.0702186755	4.161684513	0.2768421875	-1.220429101	0.512949528	-0.017633222	1.24029157	-0.344732778	-0.516598351	0.6815675645	-0.278880912	1.85274215	0.753962783	-2.3051903525	3.027554713	1.723505929	0.865473086	0.27154806	-0.214018682	-0.214942757	1.507034712	0.3748763535	1.480383795	0.15442357	0.912877367	0.801283488	0.49242845	-6.799179464	1.000034115	0.99388534	-8.16264684	-0.6453951845
BSU22790	hbs	0.4398461255	-0.021354015	0.866999453	1.777354609	0.231212505	1.010923363	0.9684380625	-0.522008494	0.03240481	-0.398344295	0.679339859	0.492339537	0.340052155	0.509407192	0.124073574	0.566179027	0.115276215	0.0698272745	-0.709038191	0.215700373	0.110670768	-0.435075852	0.743297335	-1.422946863	0.137466794	1.409251195	-0.321611538	-0.317928191	0.26562087	0.392814193	-0.520410302	0.039058847	0.200986101	-0.114866067	-0.6777587995	0.3334562365
BSU22830	gpsA	0.8397584255	1.176532654	7.854408051	-2.249503001	5.0714853215	-5.962273803	5.888217727	-1.582905584	4.453989442	0.619484279	-0.527460739	-0.214745855	1.237613957	3.8973263965	5.776393969	1.043770621	2.709555198	-1.035392961	2.565469871	-0.357652763	-0.431773589	-4.1935715605	-1.777325384	1.919491627	-2.598257339	-0.9787315525	2.977949085	-2.41848974	1.062830225	0.576035602	-2.003242513	-0.531242526	0.106552647	4.856319247	-1.947809026	-1.2901935775
BSU22840	engA	-0.9101790695	2.04336619	3.563417917	-0.706003441	1.196168427	-3.265752627	-0.535042084	-0.789130043	0.479808239	-0.06662068	2.220415568	0.446528699	1.034214042	0.563663256	0.817240463	0.498971285	2.603498156	-0.0703809575	0.9247564215	1.37992211	0.756358247	-2.17010212	-0.289221957	1.795220153	-1.288126427	-0.0474852395	-0.410650496	-0.687034192	-0.712242425	1.138272342	-2.55144966	-0.668513064	0.746616697	0.727608972	-0.82254657	-0.436884673
BSU22890	cmk	-1.6620154395	1.125107985	2.519860915	-2.46741735	0.6008025735	1.340432471	-0.715622552	1.961532727	-0.233261747	-3.653592806	-0.271978097	-0.354228487	0.335992323	2.9613051945	-0.008123598	0.677033323	0.489481077	0.528070522	-1.154956382	2.715346612	0.601410137	-1.4015635035	0.487920438	-1.117392239	-0.819513806	-2.509041123	1.637381466	-1.027317461	-1.088748228	-0.0591964325	0.481792862	0.854651086	2.136480817	0.887740662	0.319950782	0.3287454685
BSU23130	resC	0.4756975485	0.216356207	-1.184278956	0.8456882245	0.2251734	-0.526759052	0.9552941955	-0.489708004	0.488829439	0.013974565	-3.035852583	0.537112516	-0.133949427	-0.003397402	0.021690596	0.211771021	1.142183309	0.8984278495	-0.1466618665	-3.330097509	-4.495428893	-1.065751735	0.415225689	0.923986687	-1.458287952	0.0181522065	-5.413774059	-0.28773118	0.014765477	0.4411772265	-0.34733991	0.485663088	-3.781241642	0.214473346	0.2564105055	-0.26896934
BSU23140	resB	0.8877698115	0.499973129	-1.585473108	0.368074011	-0.1945939615	-0.160942789	0.220823242	-0.265203373	-0.0491908	-0.42318137	-1.833369588	0.217120577	-0.70930066	-0.1949400625	0.423244641	-1.038027521	0.20768641	-0.7672837995	1.198414459	-1.09611011	-3.589484457	-0.253492769	-0.010334103	-0.245852876	-0.682528557	0.5973702895	-1.756578575	0.34929974	0.08492192	0.199383833	-0.162599333	0.127400327	-3.18927515	0.665450931	-0.1203749995	0.3214521785
BSU23220	scpA	0.4614915345	-2.614673637	-0.590176886	-1.2152470995	0.455014355	-2.603818406	-0.27230223	1.432649686	0.259028612	-1.022953727	-0.202135896	0.111967762	0.153920374	-0.884196685	0.345617007	-1.094822447	-0.628188264	-1.088458533	0.981598598	0.51956301	-0.288101091	0.428417812	-0.230893008	-0.662059873	-0.909762928	1.028369712	-0.001829296	0.794137474	0.196668973	1.163580025	1.277652874	-0.150360408	-0.433028601	0.19696601	0.362437891	1.0176020925
BSU23230	ypuF	-0.00150141400000001	0.654598541	-1.145971273	-0.2262309385	-0.200805132	-1.35185003	0.566645305	0.059209842	0.386121306	0.16045212	0.092865818	0.03619077	-0.478599249	0.0560517185	0.483965676	0.891490803	0.310823452	0.1943802245	-0.605601581	-0.813429404	-1.061138319	-0.009166975	0.009483173	0.234561873	-0.322760082	0.648304523	-0.792704803	0.16530477	-0.392224371	-0.0154125755	0.237277973	0.411147472	-0.576011496	-0.146426962	0.24429313	-0.2846537645
BSU23840	yqjK	0.5196347735	0.245491643	-0.594345141	-0.159358021	0.1750219785	-0.74055645	0.335738661	-0.307080619	0.477049122	0.016925297	-0.657396584	0.017952485	-0.336274597	-0.8294589895	0.581622788	-0.069124169	0.143235783	0.112290773	0.17522153	-0.195707257	-0.834384002	-0.509395765	0.410068342	0.195130364	-0.214442482	1.6477042545	-0.0738415	-0.255642224	0.470598415	0.3750341215	-0.090131123	0.227674741	-0.119742151	0.306146787	-0.099510316	-0.2700359915
BSU24270	dxs	0.368140023	0.637153647	-0.618179339	-0.2450981805	-1.5021749625	0.617151172	1.894173151	0.294356388	0.107897519	-0.624726485	0.309249153	1.081526792	-0.826648768	-1.901150117	0.108671168	-0.244922769	-0.521909047	6.671884953	1.958369046	-0.575396263	-0.740125264	-1.5932637065	-0.415944871	1.963704702	-1.695882698	-0.1474089745	-1.935469337	0.384092349	0.674703263	0.2293205095	0.044176229	-0.651467773	-1.160251337	2.910097798	-0.6030249865	-0.2008402865
BSU24310	folD	0.350618206	1.189570044	0.309112014	1.5807050665	0.839951991	1.413084595	0.4670318145	0.08110842	-0.073132587	0.173632884	1.656161017	0.7555995	0.188765978	-0.514097134	-0.310121997	-0.246882227	1.236800868	1.3387094695	-0.524100096	1.013922383	0.02134218	-0.422830723	0.010355987	-0.258735583	-0.680752225	-0.334257329	-0.008769001	-0.322476334	-0.061940317	0.8230592935	-0.791612372	-0.212784196	1.300656624	-0.57346014	-2.492020618	0.6572517935
BSU24330	yqhY	0.0225188865	0.058502181	0.740561815	2.530279831	2.607016479	5.027097791	0.693019845	0.245747887	1.564190671	-1.2883494	2.026903167	1.321724392	0.715383963	1.379359804	1.246293693	-0.793163874	0.545539577	1.18914546	-0.0562684355	0.943926148	1.857044273	-1.5604855825	-1.721067932	-1.112063292	-2.072046593	-2.195626573	3.77462703	-1.155953595	-1.01893267	-1.0926732825	-0.802367811	2.222462653	2.380544453	2.579425539	-1.1901194275	-0.9450420265
BSU24340	accC	-1.3313275405	0.568585895	-1.185059328	1.2345622835	-0.049202032	-0.344866307	0.225767479	-0.716831947	0.662817503	0.777029912	1.226569258	-0.31366462	0.241804156	-1.845278918	-0.061363989	-0.681499967	0.888590856	-0.6631285745	-1.828103421	0.228364587	0.048422665	0.5308560895	0.066768642	-1.505455423	0.453242582	1.884756519	-0.583351216	0.512090447	0.302343274	-1.224098763	-0.550140744	1.593838989	0.260254768	0.049914056	0.00534606250000001	-0.8940607685
BSU24350	accB	0.407918505	-2.16919655	1.882140343	2.410782762	2.2367663975	3.73168785	0.4680424755	-0.395619096	1.822043452	-0.295185719	1.689066641	1.581099008	0.724441496	0.768944761	1.357440687	0.491215736	-0.369856425	0.5950787555	-0.343731838	2.312698214	2.198542523	-0.795077313	-1.47302511	-2.029556554	-3.057314711	-1.301272117	1.754225823	0.036965063	0.933928111	-0.7557940225	-0.793323821	-0.422538734	1.395030115	2.636809166	-1.037987669	0.218524465
BSU25070	ispG	0.362780113	0.368676765	-1.01852947	0.334619738	-0.096622854	0.902098181	0.573284514	-1.394310286	0.242243176	-0.30626022	0.29034488	0.203754005	0.747437692	-1.1337588755	0.08596689	-0.037774696	-0.360779437	0.491437743	-0.377949941	-0.088928208	-1.668909536	-0.0104798895	-0.034688219	0.363630289	-0.000241129	1.6452898535	-0.378186823	-0.012331765	0.657367967	0.446671724	-0.31199275	0.051969251	-0.289123528	0.035826197	-0.505635616	0.7479003065
BSU25160	ispH	0.3310925265	-0.457094479	0.495481147	-0.376231835	0.0809638125	0.929796379	1.205689045	0.425025637	-0.686976092	-0.906261633	1.604000796	0.81097094	0.569038698	-1.927592018	0.066432018	-0.172259318	0.71200868	6.863813373	1.619398486	-0.875216743	-1.343412714	-0.197966661	-0.209217926	-0.011982455	-0.818729052	-1.2627762505	-0.138795442	-0.466841427	-0.229862007	-1.064722694	-0.059084674	-1.392521507	-1.136415119	4.421642322	-0.63738358	0.2206111585
BSU25200	sigA	-0.0558959955	-0.47596251	-0.016422942	-0.4689945005	0.000142492999999994	-0.453551089	-0.166744884	0.435417952	0.738807381	1.131397176	-0.379491742	0.384870973	0.512473614	2.5875951115	0.431028562	-1.032804509	-0.240298292	3.1138686715	3.6811221525	0.246183126	-0.419993757	-0.593923387	-0.139088283	1.294729098	0.151443183	1.9480228535	-0.55006717	-0.071731161	-0.147644427	-1.354791222	-0.75982286	0.636461561	-0.604297487	-0.696336263	-0.565277005	0.6311959205
BSU25210	dnaG	-1.143262772	-0.23963887	0.671785537	-0.732150011	1.340849353	-2.77533403	0.0411215295	-1.190212225	0.470613405	1.709949673	-1.690981281	0.625236678	0.593678243	0.30124942	0.213828623	-0.166067761	-1.361654912	5.3218845755	5.2864338805	-0.300722241	-0.395266105	-0.247203759	-0.61151897	3.048150705	0.490409082	0.808494904	1.636441948	0.566991832	1.386880601	-1.4279192915	0.358281447	0.594043271	-0.830082844	-0.26278739	-1.952159939	1.865729754
BSU25260	glyS	-1.203064522	-0.450939175	-1.780982502	-0.023128219	-0.585029216	0.404693109	-1.107195412	-1.207577573	0.511699788	0.753217588	-0.308291989	-0.540899837	-1.235268428	-1.3251262515	-0.638505291	-1.33572708	0.455795323	-0.8728367785	-1.145329232	0.768128242	1.72273904	-0.776162625	0.500068477	2.232926628	0.416157242	-0.193510907	0.707142441	0.177255435	-1.121366783	0.0810166615	0.505700684	-0.398446566	0.770327595	1.574822068	0.5536722195	-1.8359765755
BSU25270	glyQ	-0.6348430455	-0.027899617	-2.458131859	-0.3068242255	-0.3228745185	-0.996509412	-0.3378588945	-0.548372539	0.627221396	1.1769079	-0.540656763	0.397961804	-0.899137627	-1.456737782	-0.573750846	-0.43706797	-0.297098672	-0.7970040765	-0.869859061	0.247218377	1.375684446	-0.727671044	0.739977106	2.304628579	0.421467771	1.7956177135	-0.506725069	0.59662269	-0.072083248	0.1657656875	0.782907484	0.359790891	0.823708855	1.411106763	0.907491943	-0.936763565
BSU25290	era	-0.026593886	-0.012086613	-2.540254374	1.778048726	0.204859568	2.436528137	-0.3193926785	-0.109693072	0.466219928	-0.790142182	0.027721251	-0.403803407	0.692494714	0.446152441	-0.511933776	-0.228088733	0.825251611	-0.5380704945	0.1740113965	1.951578599	2.413969965	-0.091131519	-0.121071542	3.35243167	-0.235609883	-0.505987267	-0.70416433	0.045241502	0.11727954	0.9604193145	0.099047891	0.473563916	2.78095875	0.643386003	-0.5351600925	0.724355791
BSU25560	holA	0.739296936	-0.315223999	4.501434298	1.2799190535	0.5834730395	-0.945648888	0.5781131605	0.375294351	1.164376262	-0.751674334	0.318923228	-0.228808586	1.367899375	-0.541340058	0.51363077	-0.166554352	-1.279931139	-0.4624253435	0.9029349225	0.583472229	0.823448624	2.4994214725	0.500342787	-2.20838794	-0.85482138	3.1775723555	-1.191632514	0.492787702	1.001755421	0.171985768	-0.000896824	-0.187611678	0.350945178	-1.105450788	-0.803193074	0.2059644415
BSU25640	nadD	-0.3319093205	0.807373347	-0.212612047	-0.855019735	-0.1384672105	-1.556247164	-0.4925976685	0.044839833	0.618888406	-0.824157643	1.500959459	0.651725602	0.211574386	0.461924551	0.087518562	0.351629374	0.036329087	0.210090368	0.0096420925	0.637546006	-0.960333551	0.6345335505	0.250641713	-1.056695389	-0.185785634	1.613846768	0.635514413	0.291336208	0.090467287	-0.421415087	-0.571693356	-0.302284469	-0.763949225	2.14694503	0.226425868	-0.580999602
BSU25670	yqeH	-0.006345428	0.775063104	1.50917945	-0.8791392645	1.188330422	-0.421761534	0.3187386005	0.440160648	0.017752036	0.244768951	0.156934235	-0.630709374	1.42332531	0.573214388	0.585435521	-0.137796755	0.986018393	2.1181413655	1.607505233	1.549053237	1.791659155	0.4438272685	-0.78284564	3.744121512	0.196184399	-0.2678409465	0.102704078	-0.418766772	0.607439314	-0.920779873	-0.586118804	-0.773110166	1.679027659	0.125453195	-0.735892522	-0.0233975505
BSU26350	sknR99	-0.3083121135	0.553820999	-0.122439695	0.1202364795	0.32340452	-0.532049765	0.1177935295	0.648096482	0.910307838	-0.115086615	-0.583785377	0.680640748	0.635341672	0.534940105	0.79324314	0.390963534	-0.03596796	-0.877960524	-0.420868381	1.072017528	-0.037706838	0.342473687	-0.057620051	-0.593510187	0.046933373	1.564968138	-0.229125818	0.272229215	0.638722295	0.26808033	0.372808998	-0.299658563	0.134697238	-0.211002825	0.1547610655	-0.448341029
BSU26350	yqaE	0.020965933	-0.011756371	-0.844239188	0.7482470765	-0.152990258	1.091344059	0.7546595185	0.192438713	1.375363185	0.029281548	-0.451864122	0.720520372	0.549740026	-0.905432124	1.105567288	0.215602896	-0.177466288	-0.7078390715	0.452522775	0.109944972	0.186757367	0.844870517	-0.119311732	0.48831249	-0.079552695	1.96185129	-0.016545023	0.264421598	1.074489669	0.3932658685	-0.854703006	0.111576154	-0.652226932	-0.165893668	-0.010820141	0.0322510935
BSU27410	alaS	-0.5336343815	-0.589032091	-2.068826215	1.8150752965	0.5772781565	-1.170077048	-0.1763093395	-1.293573362	0.846114586	1.918323644	1.982751397	-0.106097889	0.307714581	0.8483821905	-0.594831313	0.842420614	-0.608952227	-0.4146972125	-0.3449350425	0.137566612	2.095470429	-1.645505201	0.599522086	2.553840016	-0.444904575	0.1857690015	0.003516388	-0.142629934	-0.45692739	0.453238225	-0.321299011	-0.286997222	1.501890065	0.964907837	0.459115843	-0.70823746
BSU27500	mnmA	-1.4145742255	0.21062079	-1.56926169	0.25401803	0.070101183	1.121382252	-1.2530687845	0.188236957	-0.376918484	0.665739788	1.037768071	-0.13376473	0.598270984	0.9867586575	0.453198461	0.602587414	-0.410929928	0.3384009225	-0.3993481105	1.616821642	1.573229891	-0.382903007	-0.557480576	0.42354175	0.693864636	-0.3333181455	-0.358477727	0.373235282	-0.195503947	-0.0805586645	0.649994183	-0.616920676	0.80957718	0.136095867	0.2289354075	-1.3967998405
BSU27550	aspS	-0.580869603	-0.371878772	-1.062174591	-1.0803429635	-0.8946142155	-0.033859477	-0.612848257	-0.492472208	-0.358417158	1.32142192	-0.237721735	0.7507389	-0.363011715	0.7099729745	-0.687947009	-0.486306238	-0.82201956	-0.397317784	-0.3257672855	0.356713578	1.731969764	-0.783061384	1.353116195	1.67079354	1.06352754	-0.3982409765	0.571146679	0.530450396	-0.591403301	-0.0426560115	0.07982638	0.059003609	0.231725814	0.295846012	0.8592366685	-1.181696101
BSU27560	hisS	-0.826430963	-1.181865142	-1.716702112	-0.2859704965	-0.3208919185	1.00564089	-1.6109140905	-1.525228985	0.483651562	0.873232671	-1.199375434	-0.319590667	-0.80237942	-1.617540232	-0.018145227	-0.259326239	-0.877941185	-0.3646266105	-1.306450294	0.199568409	1.815192755	-1.598616507	0.549763194	2.436834986	0.795450326	-0.4838828785	0.65761462	0.034984361	-0.125359805	-0.2116249795	0.073645258	-0.396699491	0.588575872	0.61993783	1.071376137	-1.941202541
BSU27880	nifS	-0.502437278	0.862438592	-1.047093454	0.3539676295	0.3595913265	1.160492202	0.2108602445	-0.345069475	0.774313877	-0.636443442	0.37767638	-0.412435586	-0.015778739	-1.7634917415	0.756983908	-0.404120394	1.050288461	0.00351961099999998	-1.413923147	0.011711496	-1.365477562	-0.3317920625	0.043702951	-0.104468167	-0.775559135	1.7375501155	-0.732682887	0.227281839	0.016123014	-0.2767617575	0.363419606	1.020366848	-0.659521895	-0.121600876	0.389843289	-0.3098445875
BSU27940	rpmA	1.4458457655	0.353065876	-1.226098272	2.288944578	0.01914788	1.390310538	0.1669233365	0.158161869	1.013125486	-0.653533804	0.485299111	-0.817683094	1.184170941	-0.667551633	-0.561489049	0.036380349	-0.166330999	-1.68979502	-0.2970843255	1.915437891	2.845290547	-0.106885163	0.039583186	-1.488322216	0.441455867	1.7805099375	0.81573412	0.38100188	-0.310825149	-0.580915997	-0.088935537	0.187475447	1.438007396	0.600106008	-0.032548507	0.1671545585
BSU27960	rplU	-1.486572568	-0.603575441	0.495856343	0.6734508295	-0.020995029	0.324595679	0.696537121	0.231108442	-1.799066929	0.869820366	1.54534515	-0.647277472	-0.509290433	0.1538678175	1.300395334	0.613385127	0.443258764	-0.0216134855	-1.5524900765	0.054860002	0.626651747	-0.5069018225	-0.057142381	-1.203629033	0.26473769	-3.036136891	0.591615777	0.729758966	-0.370559161	-1.750850962	0.223465453	-0.036570266	0.836245246	-0.986880024	-0.4673421415	-0.5958985635
BSU28010	mreD	-1.701638941	-0.494958966	1.694399085	1.292856534	0.5993446955	3.101676151	-1.199518254	2.26974269	-1.254930718	-2.323184919	-1.986421078	1.28893676	-0.055164935	4.011229806	-0.821277603	0.750374044	-3.093777659	1.7653800215	-0.385525231	-1.254597029	0.607164629	0.761366684	-0.112728831	-0.737046172	0.554489714	-4.3202671175	0.658104063	0.509555011	-0.617807788	-0.017788696	2.243541294	1.208202234	1.062775401	2.438991495	-1.6878689885	0.110539975
BSU28020	mreC	-2.2424743055	1.655971316	1.327100407	2.9386979775	-1.354510159	9.518979138	0.317268566	0.890453251	0.886237262	1.810544116	3.879206442	-0.933400354	-0.402121064	3.775791183	-0.870421913	-0.352460048	-0.311215663	0.427118087	-3.011022517	-2.163795069	1.681857539	-1.314511532	0.555068617	-0.501058095	-2.419145759	-2.4485956035	-0.644476245	-1.640740875	-1.316868809	-1.4527170475	2.328954441	1.60288518	0.016694141	1.538966215	-0.965418691	1.808911468
BSU28030	mreB	-0.717604102	-1.999755537	0.604075936	-0.201450445	-0.3918124705	-2.257757126	1.4304204275	-0.223016388	-2.663652106	-0.353698291	-1.873791822	0.393624077	-1.4614858	5.5186335875	-0.361855709	-3.253757441	-3.009636615	0.8998382845	-0.585289884	-5.040420408	0.925630124	0.849245884	1.153808572	-0.100321906	1.73044729	-4.149481439	1.453801774	-1.156623224	-3.444468221	-0.347423006	1.702974445	-1.145957816	-0.488169703	3.6693115	0.3143948675	0.6269517525
BSU28080	folC	0.647963275	0.789608101	2.734343071	2.6889546035	0.3097605585	-1.445977695	2.1282097025	-0.236446509	0.319901626	-0.251880134	-1.560828813	0.832224621	-0.109742571	-3.1405103195	0.263107994	-0.827600833	1.195555835	1.322613551	0.359405384	0.826106975	-0.156602402	0.612732914	0.486225586	0.074690568	0.732697746	1.4821074175	-0.657634861	0.305676617	-0.473911413	0.635572353	-0.712174837	-1.491654027	0.180482849	-0.282966932	-7.213022052	0.072626572
BSU28090	valS	-0.1355083385	-0.266174216	0.954915563	0.145735901	-0.565924312	1.776146447	-1.5010650185	0.107440762	0.291765895	0.583995164	1.423454784	-0.210649867	-0.167183129	0.698384143	0.30800281	0.037167028	1.527189244	-0.7056533955	-0.4611267	1.503580655	2.433873805	-1.0926113535	2.214216442	0.394779424	-0.312223848	0.1978288525	0.493451184	0.033821379	-0.439251682	-0.3491655835	0.363134028	0.529045784	1.63572638	2.031346176	-1.380086292	-1.662722834
BSU28130	hemB	0.731828106	-0.547473444	0.179654958	-0.2078947605	0.3696444275	-0.383669966	0.3234668295	-0.743833931	1.32879353	-0.770908499	2.044399901	-0.382674733	0.300035426	-0.5190939795	0.528618934	-0.679609021	1.24808962	-0.184484916	-0.049623993	1.82869827	0.339464392	-0.692815198	0.377930477	-0.041457467	-3.388560854	0.803439765	-0.669253164	-0.400939893	0.919299745	0.1238964345	-1.182181804	-0.12564932	0.535027884	0.450880226	-0.312493231	0.0165231745
BSU28140	hemD	-0.1873338625	1.153229604	-1.253499702	0.4041528855	0.2022966955	-0.01731656	0.234721209	-0.054857009	0.80785574	0.08075671	1.004304151	-0.30227524	0.046911632	-0.858196073	0.632446929	-0.327380935	0.766684641	-0.5191035725	-1.128561895	0.195597638	-0.790856308	-0.2033376215	0.141053741	0.299506806	0.143525577	2.75353967	-0.928868234	0.541479573	0.146521983	-0.165059451	-0.857238128	-0.016252989	-0.311611182	-0.481930599	0.0267760215	-0.2266146975
BSU28150	hemC	-0.0203072755	-0.015923701	1.967212293	-0.636846587	0.7528457535	-1.73140078	-1.4634575065	0.362599388	1.219104048	-0.882854837	1.223360371	0.054960681	0.411601845	-0.600490386	1.091531052	0.240623419	1.905611116	-0.620343173	0.0895001515	1.208668369	1.21944127	0.047848228	-0.680476353	0.708160481	-3.187237862	0.00566933	-0.114878412	0.083133667	1.061053398	0.302157133	-1.798333642	-0.453499647	0.946447913	2.079267622	-0.358225532	-0.5876325425
BSU28170	hemA	0.806746521	-0.988104494	0.249234507	-0.4178104245	0.9043238135	-0.496689696	-0.6418731835	-0.113604495	0.726761218	-0.717804294	0.644992295	-0.250345951	-0.173632703	-0.8484036245	1.105416147	0.079903444	1.405950191	0.036826419	2.114993987	0.55963393	0.282561306	0.1781655935	-0.877091577	0.791507511	-3.281871216	0.4828815595	2.324325798	-0.921288	0.227815518	0.4377054855	-0.879135547	-0.021226456	0.19167255	1.85112713	-0.215795311	-0.3028410395
BSU28190	engB	0.6660440475	0.262865684	2.48982505	2.6062610635	-0.024821274	1.342718854	0.8590174435	-1.282915998	0.02179791	0.820951931	-0.212311972	0.188464515	0.87232931	-1.232784526	0.328601449	-0.019903224	-0.953370574	2.5380580385	1.4637022625	1.065913983	1.18974473	-0.010273203	-0.220624972	-0.849615986	-0.016092701	0.4666925555	0.563463763	-0.52918758	-0.591374522	-0.087159793	-0.871518453	1.165833698	0.541814487	-0.60418173	-0.1165118385	-0.1212760185
BSU28390	racE	-1.6944080795	0.625684335	1.859025074	-6.811040998	-0.860002881	1.477958147	-4.4411821465	0.882550113	-0.235927479	-0.770711874	0.689776751	-2.562205689	1.032736232	2.416028349	-1.74223528	-0.309971997	-1.938142663	-1.5674020135	1.2416074895	1.318903913	1.16649698	0.0302069705	0.659104489	-1.939372374	1.446361657	-1.0229409165	0.241436404	-0.023778727	-1.280963627	-0.855988871	1.561469751	0.400267887	3.336787068	3.819605066	0.269711691	-2.0030637055
BSU28500	trxA	0.645777844	-1.634309085	3.780230305	0.0774303165	1.400268048	2.708070933	0.720816516	0.315541675	0.028768409	-0.938810137	0.627333117	0.466742984	1.738783776	0.7649900725	1.198857371	2.711124574	-0.107322183	-1.669888544	2.6854559485	-0.649871735	1.352994933	-0.419054967	0.257569878	-0.378453391	-2.028040412	-0.8950257775	0.667157559	-0.085157802	1.062764437	-0.290950912	-0.569258772	-1.156865127	2.726683866	1.738038818	-0.6310293385	-0.5524296825
BSU28630	pheT	-1.1161205945	0.245748574	-0.800224944	-0.4608868985	-0.50599876	-0.539778208	-1.530191957	-0.528972283	0.581878171	-0.645828398	1.897249779	-0.405808448	0.13119393	1.814317669	0.622097188	1.080455073	0.216369633	-1.0130756665	-0.422992673	1.005239376	2.002827432	-1.1931605155	1.274275632	-0.094441688	-0.421262338	-0.4404211995	0.280709713	0.389535193	-0.279038507	-1.2826697935	-0.882777902	-0.409750303	1.005851707	2.042838936	0.734429111	-1.780366222
BSU28640	pheS	0.596943696	-0.339965214	-0.017368023	-0.77130617	-0.620608804	-0.86258392	-0.4058348475	-1.290698194	-0.014099894	-0.148313261	-0.317647611	0.448917105	-0.306609279	0.297359211	-0.628671734	1.170021731	-0.259625128	-0.2525308215	-0.3760368405	0.911827178	1.000358049	-1.744436189	1.201861318	1.383604387	-0.01603858	-0.3670207445	0.513015434	0.232346606	0.243141495	0.2138643715	0.561739224	-0.184132861	0.388635841	0.062185979	0.645137767	-0.7448589305
BSU28650	ysgA	-0.1186048155	1.01784049	-0.43726583	-0.792686988	-0.0096406085	-0.149885552	-0.0900554545	-0.079054867	0.796406366	-0.024033792	1.414979557	0.036843589	1.167104705	0.483157343	0.616986868	-0.550697538	-0.348242211	-0.6807344585	-0.176023194	-0.618367595	-1.713464255	0.0697539495	0.488969652	-1.859845594	-0.784080724	1.3551702065	-0.229658926	0.580872665	0.193111244	-0.599597737	-0.27031768	-0.366094047	-0.516846314	0.47367926	0.0079712105	-0.755809778
BSU28850	rplT	0.37366846	0.350281344	-0.559304296	2.4527015315	0.3522837775	0.925309327	1.3052860955	-1.613538937	0.308368279	-0.056995579	4.439543424	0.122296732	2.231289222	-1.2453898635	0.14879036	1.297975816	1.352157649	0.2290364105	-0.572768681	1.308395357	0.622510413	0.0184206715	-0.537152519	-0.190065436	-0.29518555	-0.5278813	0.189896859	0.494242728	0.458262246	0.28919297	-0.358411125	-0.039583802	1.62165485	-1.011992712	-1.2452814375	0.5852410845
BSU28870	infC	1.44481325	1.82922876	1.565873021	2.6672268705	0.1051492185	-1.893608243	0.233514377	0.848323085	-0.537946627	0.94996999	2.097911185	-0.797270057	-0.200476927	-0.5310481255	0.822955093	-0.40011222	1.123622224	0.914979398	-1.0750287735	1.031667657	1.670989163	-1.371233008	0.232723607	1.702080114	-3.525559672	-2.4243584495	-0.597669634	-0.53664594	-1.698256286	-0.6058256905	-1.668352787	-1.239759349	1.55619809	-0.419787678	0.0072849515	0.107843486
BSU28980	dnaI	1.1931053065	-0.359366444	1.045425216	-1.592279242	0.370256101	-2.419785063	-0.2053305335	1.563040292	-0.00449886	-3.112754502	-2.067223382	-0.059483812	-0.58955439	0.2150525935	0.560938152	0.748461863	-0.131985741	0.4092813765	0.819919362	0.775489196	-0.943701369	-1.3114427485	0.139323437	-3.665330791	0.462124374	0.7595242825	-1.38619915	-0.456248844	-1.331004489	0.3276246345	0.527131255	-0.753758564	0.384276158	0.410022831	0.9011897485	0.529620099
BSU28990	dnaB	0.5621683445	0.25871154	0.929721305	-2.252260543	0.853150513	-0.706372814	-0.1215493205	1.283132891	0.566884901	-4.307723934	-2.586921604	-0.605240943	-0.665239536	-1.0292441335	-0.311170851	-1.120994608	-0.515590377	0.377995431	2.1687343595	-0.389254951	0.226802973	0.614252822	-0.187214238	-2.100693767	-0.70599811	-0.031901992	0.449594454	-0.267083915	-0.85397085	0.3463473455	-0.371943838	0.087048705	0.228999566	-0.530670426	2.1814089225	1.099644872
BSU29050	ytbE	0.649252056	-1.142636292	0.666709836	-1.433609951	0.27141305	-1.577962052	0.2637452425	1.432596131	0.807235317	-0.333326842	-1.875635658	0.768324878	0.172132037	-1.48769493	1.379539891	0.059400889	-0.326020349	-1.330658935	0.456104486	-0.802665871	-2.373860954	0.5502032285	0.647936485	-0.586810815	-1.128295508	0.987688883	0.892756484	-0.129395545	-0.431968749	0.5489537855	0.417261379	0.613173468	-0.816761382	0.324421666	0.0941897095	1.1556762115
BSU29060	coaE	1.221893791	0.512036368	0.369780997	0.331099798	0.171350821	-0.45519856	0.886676275	-1.676223254	0.503171028	0.023374291	0.388487207	0.538147088	0.671615617	-0.384698556	-0.719331679	0.294025345	-0.350652739	-0.172038594	-0.344521748	-0.314862569	-0.159482306	-0.03070174	0.047617818	-1.295339022	-1.082956532	0.9462735575	-0.218795994	0.096356622	0.368031161	0.9597265835	-0.313705558	0.672302877	0.062235563	-1.612240906	0.2805412055	0.985275133
BSU29200	accA	-3.239077029	1.892638446	-1.788668126	3.9318037615	-1.676095222	5.976961648	1.9295501015	0.208130143	-1.025294209	2.603794006	2.086923104	-0.70756622	1.952521318	1.66103313	-1.582408619	0.398922217	0.13270121	-0.660539408	-1.0017544895	-0.682195898	1.971381001	-0.2238626585	-0.480706386	-2.806892912	3.920203981	-2.138734891	-2.176804701	0.563065928	-0.533604961	-3.7877806365	1.270509797	-1.900572421	2.248421554	-1.465799025	-0.4116075355	-0.4891753775
BSU29210	accD	-0.588787427	0.216271834	1.521043455	3.3960830515	0.8870074265	4.34108591	0.00879655149999992	0.737783964	0.25472206	0.545165966	1.478708307	-0.107764543	0.37621996	0.497906196	0.577587959	-0.894162856	1.013450676	0.1953243475	0.6515891665	0.571334514	1.30122396	-3.0923790705	-1.037526856	0.372742493	-0.893231665	-0.723091342	1.954647746	-1.762672927	-0.060539965	-0.1630178315	-2.122958079	-0.589151063	0.662983123	2.76130895	-0.8967252725	-0.377998848
BSU29230	dnaE	0.317145646	-0.738041274	5.017667326	-5.050896401	0.695984452	-4.760230773	-2.0976038695	0.957625695	0.084848688	-0.183482188	-2.474325468	-0.900778071	-0.332523558	-1.5754044235	-0.995574575	-0.95087015	-2.487069252	-0.701403327	1.8933906375	0.424452018	-0.069342005	0.472718096	0.38281653	0.709559966	0.750351515	0.7283562335	0.723091061	0.238698146	-1.166361755	0.370710142	0.204011326	0.743570661	0.861077632	1.45452768	1.0777941845	-0.8679903035
BSU29660	rpsD	0.1927758065	0.391176768	0.972320309	4.597833183	-0.4841386975	1.961836652	0.948850616	0.680689578	-0.684622845	0.98409569	2.160072546	-0.412253896	1.106947572	0.241444629	0.38759804	0.774262702	1.488052221	1.230222908	0.493848797	1.871723892	1.864730772	-0.670354848	-1.215647525	4.094741167	-1.069398606	-2.76377757	-0.865035594	-0.688223798	0.624962816	0.875621608	0.02682693	-0.611597194	1.67704474	-0.861046807	-2.0631773315	1.7022756495
BSU29670	tyrS	-0.386403038	-0.040500817	-1.247518621	0.135402465	0.086640503	-0.118158305	0.00184709550000001	-0.101455342	-0.440901021	0.494690351	0.305694501	0.14327545	-0.375880105	-1.3266179285	0.375958315	-0.375744605	-0.061516296	-0.224047582	0.1892264575	-1.110920303	0.246835901	-0.3389007195	0.102778843	1.488913829	-0.308466232	1.183230324	-0.019004697	-0.162499252	0.076116948	0.1273246935	-0.810162198	-0.184296921	-0.681927944	1.136477419	0.2512022375	0.1165034515
BSU29790	murC	-0.1011437845	-1.507777112	5.928910764	-4.8085297195	-0.112581565	3.085675391	-3.8780472585	1.547528642	2.319353067	-1.836180379	2.160509642	-0.028537502	-0.236141721	5.9559577415	-3.11593586	-0.050745335	-2.590549721	-1.462352008	0.571720675	-0.475314608	-0.37068777	1.059799666	-0.684077951	-1.720970827	0.883129824	-2.81232403	1.081389727	1.000131399	-0.534589026	0.489906007	1.5410022	0.296517127	1.763081181	2.404177364	0.2246549185	-0.2427533575
BSU30320	leuS	0.2716460105	-1.037257957	-1.186598427	-0.336492143	-0.7289939485	0.486273849	1.451838861	-1.260326287	-0.38919552	-0.518629216	0.323290688	-0.087659767	-0.111571161	-0.08545639	0.570743946	0.610051057	0.3952652	-0.0204256305	0.0746903065	1.523339798	1.691711745	-0.5931647315	0.43402187	0.044139368	0.185866011	0.195064507	0.755120942	0.248613292	-0.407619582	0.5404587085	0.289601426	-0.190827718	0.864711534	-0.052180998	0.0954118615	-0.049537137
BSU30540	asnB	-0.983307118	0.17498394	2.465359938	1.166697163	-1.507909318	2.859762949	0.7789767895	0.048717323	0.017435369	0.46672326	1.103195159	-0.655769765	-0.033347702	0.2652707745	-0.363962197	-3.194278336	-0.58087734	-1.426135156	-1.532610329	-2.054618745	-1.524715961	0.886403409	-1.996705875	-1.029314463	1.236376197	-3.6758483335	0.035462375	-0.198884207	-0.444471386	-0.869098291	-1.506584993	-0.257105343	-1.303602793	0.21303977	0.5870263415	1.375808903
BSU30550	metK	-0.1821762395	-0.316988936	-1.315679029	-2.183554455	0.2080676575	-1.120826929	-2.422855388	1.290757183	-0.007751496	-0.485993867	-0.446523827	0.170596901	1.291541529	1.1355044015	0.248059004	0.46920747	-3.073699255	-2.679064872	-0.8486997445	-0.049215975	-1.100869064	0.146655449	0.873224411	-0.232115558	-0.011245475	0.4956415825	-0.205047226	0.488224278	0.010568115	-0.362045984	1.661520159	0.697686047	2.074605438	3.052510855	0.220930144	-1.2463241395
BSU30770	mntA	0.0601059235	0.413388315	-0.571180318	0.5151630015	0.019332273	-0.766587776	0.403558684	-0.048828964	-0.176830529	0.293070344	-0.498677808	0.396053996	-0.630076408	-0.9844284645	0.463442959	-2.330448453	0.09231718	0.268670309	0.3880583125	0.54233333	-0.619921353	-0.508119169	0.270297735	0.344665652	-0.212860421	1.9687370045	-0.165336861	0.020880602	-0.174485284	0.3054021185	0.031831379	0.077550968	0.03945097	0.864747094	0.2170843155	0.3122072715
BSU30780	menC	0.5056233455	-0.119302098	-0.574495978	0.5750273405	0.711401305	-1.0786209	0.457801006	-1.495166992	1.226095255	0.034996334	-0.241749324	0.073723833	0.173590724	-1.7589313715	0.489491715	0.439362438	0.261677891	-0.765694517	0.3747601825	0.683090069	0.650439323	0.116042252	-0.027677625	0.162296525	-1.128748733	1.4819562185	0.898130335	-0.11084652	1.043353262	0.1432485345	-0.783860836	-0.533828227	0.426679843	1.850247303	0.261504737	-0.289652291
BSU30790	menE	0.6225115885	-0.167184892	1.101300971	-0.035655538	1.0756601315	-0.63885898	-0.657495511	-1.472534993	0.988726806	-0.311456519	1.122722956	0.440691288	0.574543296	0.332576818	0.127823011	0.358889846	0.020464168	-1.111508433	2.442730647	0.212939559	1.423434429	-0.0637005665	-0.024231868	0.234383008	-3.075427011	-1.005471468	0.534516648	-0.379657361	0.089476066	0.346633023	-0.419744773	-0.778307343	1.100829884	2.125547155	-0.0252108405	-0.09688193
BSU30800	menB	1.311667128	0.006744861	3.685992073	-0.346955065	1.7892568525	1.039757531	-2.3047614065	-0.836697507	1.276958905	-1.238305775	1.796204629	-0.133915234	-0.044896173	1.5201604	0.409928481	1.552235369	1.805677779	-1.5503787095	2.9865390275	0.843445044	1.959311892	-2.045865859	-0.455888154	0.644886453	-3.309877915	-1.127518076	1.520282451	-1.799112645	-1.05280592	-0.191488531	-0.374917225	-0.406725134	1.227654381	3.857400591	-0.6415693785	-1.463527576
BSU30820	menD	0.7875793005	-0.14511609	0.077256039	0.375878045	0.398614174	-0.837365348	-0.168100276	-0.789615645	0.960871229	-0.171480006	2.145595843	-0.092421104	1.110028103	-1.696142868	0.306696647	0.405837748	1.043807324	-0.9027357655	0.6639310295	0.794635112	1.056764462	-0.0563307255	-0.510396257	-0.001363821	-2.238849044	-0.481015964	1.007375613	-0.074718869	-0.263472343	0.594298227	-0.854854138	-0.697452912	1.013044954	1.816424451	-0.244618545	0.0450811375
BSU31600	mrpA	-0.0022563055	0.515576715	0.003399969	-0.2333228635	-0.464138877	-0.834316624	0.6329782135	0.555540979	-0.028851602	-0.696391513	-0.029982711	0.530933537	0.381411801	-0.8151357105	0.471509011	0.340221633	-0.168857333	2.5168522235	-0.149448242	0.076051762	-0.282115076	0.017706184	-0.161469331	-0.50906466	-0.239926999	1.3058190065	-0.266717422	0.420268147	0.688462934	-0.014468472	-0.690123216	0.038065649	-1.058387352	-0.757243763	-0.35372055	0.9370492565
BSU31610	mrpB	-0.328123996	0.158650641	1.266536479	-0.311420559	0.0223216495	-0.860511172	0.06737741	0.562285361	0.801159893	-1.679072264	-0.064012038	1.106762165	-0.441532235	-0.830174091	0.434370282	0.197079742	-0.618895127	4.6123034585	-0.1778884685	1.242659865	-0.126609235	-0.3115944935	-0.072274078	-1.153182754	0.533947644	1.9378972795	-0.361804203	0.36518907	0.318664166	-0.141838779	-1.104100133	0.492794712	-0.258349482	-2.389012154	-0.096758705	0.361656286
BSU31620	mrpC	-0.5371664035	0.612677265	0.755661482	-0.217971411	0.338545665	-0.685501087	-0.5146990035	0.691730577	0.563367577	-1.499813803	0.192691815	0.063187074	0.487652623	0.169648631	0.307829058	0.220779207	-0.211524107	4.5663297545	-0.2463864555	0.869044428	-0.234485464	1.159156373	-0.598226009	-0.173542134	-0.050521759	1.2510203715	0.773734573	1.062939669	0.532032727	0.107993627	-0.54483645	-0.463200935	-0.437804945	-2.702030982	-0.0779161895	0.0525016165
BSU31630	mrpD	-0.2307656375	0.209945657	0.728215967	-0.238445385	-0.529588367	-0.229964341	-0.140381826	0.626476961	-0.151229025	-1.047822275	0.052534186	0.322973872	0.515956743	0.8085112825	-0.001959707	0.916353581	-0.481463352	5.190401033	-0.452048874	0.8930969	-0.529161941	0.397875709	-0.891288042	-0.563560979	-0.422503516	-0.3823698095	-0.264951933	0.633900916	0.071524959	-0.4058630805	-0.306069753	0.015783357	0.090088984	-2.449433138	-0.1001138435	0.1583197445
BSU31640	mrpE	0.635944557	0.088180435	2.141918483	-0.152119243	-0.044670073	-1.085617476	-0.2697661125	1.353539081	0.344968043	-2.194713711	3.239080404	0.965242701	1.62942746	0.61435378	0.164173252	1.452317478	-1.195360658	6.6332979025	0.1263946385	0.608951268	0.532760901	0.8082987025	-0.737418092	-0.879271742	-0.792625222	-0.0189539275	1.906743674	0.360088057	0.724664982	-0.1025477725	-1.599665794	0.140071477	0.263512359	-1.469799813	-0.3937752275	-0.0889548755
BSU31650	mrpF	-1.0527016695	0.855588224	0.023756483	-0.432069496	-0.3519427415	1.064034207	-0.635334332	1.218322376	0.444485006	-1.771028781	2.322826407	0.358285034	0.448047682	0.8164247655	-0.22412231	0.936288095	0.649427789	4.406175089	-1.664766627	0.833201785	0.029462014	0.961507992	-0.629856784	-0.247832967	0.0169847	0.0317399105	-0.821193255	0.897834653	0.557007536	-0.1704376375	-0.576038337	0.273534076	-0.654242442	-0.433049482	0.100061218	-0.5586083335
BSU31660	mrpG	0.100712364	0.486336795	-0.867487143	0.2437505135	-0.2283566445	1.430855212	-0.3764873615	-0.187284163	0.195715443	-1.054202372	0.708561114	0.096565528	0.316936442	-1.840378104	0.355896069	0.272475904	-0.185138007	3.033970276	-0.3757861935	0.56543182	-1.161640476	0.34889662	-0.240648007	-0.246954999	-0.044439903	1.1850065165	-0.207728462	-0.069461943	0.645895752	0.3324788635	-0.303735288	0.799407374	-0.179739209	-0.395283794	-0.528520529	0.66981886
BSU32110	yumC	0.184483585	-0.484895004	1.71436431	-0.984225848	0.652892441	-0.887315787	0.503495652	1.339789114	-0.369082256	0.23885859	-0.640225875	0.601606015	-0.534711144	0.20181774	-0.149932977	-0.011737457	0.344187718	2.5771445115	-0.135478391	0.053243974	-0.948447023	-1.6138180555	0.439759552	-0.335990037	-1.014832099	0.327978869	-1.37953004	-0.554850554	-0.748942784	-0.426288764	0.691178651	0.292815826	0.788578684	2.351148656	0.171012109	0.3845346945
BSU32170	dapF	0.0366402215	-1.198781421	0.809250617	0.250596615	-0.4290821055	1.157664081	0.8091183735	-0.984591787	0.499813981	0.670137106	-0.898668659	-0.349418808	0.211970143	-0.0665757599999999	-1.165217686	-0.068019524	-3.657056058	-0.8880717365	-0.515868106	0.284818259	-0.619772561	1.336734535	0.589246939	-1.924660249	2.466475146	2.579786572	0.272149266	0.891450518	0.633140206	0.2970151035	1.391095281	0.047138683	0.532575302	-1.54406363	0.929240068	-0.39244303
BSU32670	sufB	1.2251244005	-0.415472178	-1.84210223	-0.175175372	0.227442534	2.116522105	0.986915719	-0.45922782	0.498711718	0.254126329	0.551348146	0.940256083	1.002049258	0.458817074	0.165905614	3.855588492	1.0806312	1.3222250055	0.485298923	-0.189106119	-1.061274637	-2.1015967515	-1.292212937	-0.299004984	-0.497569662	-0.8222395905	0.386027501	-0.646913221	1.078859716	-1.167182176	-1.030466405	0.088524964	-2.405659341	-0.548123449	-0.073126674	-0.3378116095
BSU32680	iscU	1.1827450005	0.178308901	-0.541670301	-0.388827814	0.2586077375	-0.284128784	1.2259621255	-0.463821183	0.362893409	0.518297667	-1.011375319	0.785506075	-0.942780335	-0.488854097	0.260696788	0.92128732	-0.193026438	-0.061600059	1.558558423	-0.881118452	-1.691537355	-0.8039733815	-0.146119569	0.241868964	0.335336621	1.063001713	0.645720585	-0.240153169	0.242062373	-0.3502348135	0.316520332	0.188787669	-1.298179488	-0.695384286	-0.41202228	0.1146245515
BSU32690	sufS	1.66270856	-0.024342694	0.890386779	0.4341664655	1.255760228	0.893829904	2.7551554055	0.360604378	-0.205681893	-1.22379352	0.226290694	0.706677744	0.932232021	2.9743662985	0.880380845	3.240562002	1.469304821	2.6148449825	1.2798607465	-0.606251266	-1.1162301	-3.149501213	-0.656610031	-1.144711067	-0.819316686	-1.9247284975	-0.051241068	-1.179840882	1.537487856	-0.774516312	-0.549222318	0.614028934	0.290233708	-0.151849469	-1.0807464075	-0.562058606
BSU32700	sufD	2.2261327595	-0.610428531	-0.379195097	0.5907897615	0.817182606	1.376896089	2.604418638	-0.027637044	-0.502895182	-0.659145513	0.892534678	1.089657553	0.979706531	-0.4768515205	0.617282243	4.257163889	1.073756204	2.465331641	1.620629592	-0.445795796	-1.64985926	-3.2528565365	-0.717263161	-1.614350612	-1.331053717	-2.265463756	0.189122254	-1.073429245	0.21504166	-0.8821798805	-0.688601275	-0.173251839	0.074907395	0.474003175	-0.719747853	-0.412175062
BSU32710	sufC	1.2139582645	0.827412612	-0.767608963	0.466348434	0.8052235475	3.316169606	1.412542329	-1.325559738	0.771751666	0.334536319	0.453048951	0.416371132	1.206683687	-0.5036528055	1.05472653	2.92712718	0.816115319	0.635522939	1.1778401475	0.740419498	-1.468128469	-2.347702164	-0.288128599	-1.356967088	-1.059158727	0.681016673	0.279097853	-0.528462602	1.196015266	-1.593281254	-1.362473043	-0.38009681	-0.205982857	-1.622220573	-1.174103883	-0.667200951
BSU33660	rghRA	0.9514732885	-2.707404802	1.450058496	-0.416633728	-0.1730517025	-0.607098911	1.805548552	0.515011347	-0.79014377	0.547401147	-0.814387739	0.680133651	-1.142583378	1.1171892705	-0.229490371	-0.980922099	-1.232136405	0.4243428405	0.0198103399999999	-0.839602658	-1.704617181	-0.869024596	1.281911662	-1.276247379	1.265626703	0.1010806885	0.672603914	0.005917706	-0.782501279	1.383774818	0.865881604	0.204654321	-2.33989527	-2.153197347	0.3824706315	-0.00938364049999996
BSU33900	eno	0.083780981	0.437865895	-4.345397377	-1.809828252	-1.39680025	4.717749716	-0.206232426	-1.415908576	0.136886907	1.95294609	-0.642027916	-0.528096779	-0.143797595	-1.0158429	-1.032267526	-1.354938308	0.768597765	-2.004186873	1.044392937	-3.659641491	-1.900529748	0.114993971	1.187413421	2.564047125	1.641377445	-0.084320948	-2.256500992	-0.434464771	0.609875417	0.2163871875	0.824600323	1.073338838	-2.075404608	3.687075425	0.174812187	-0.4583558215
BSU33910	pgm	-0.539857193	1.001750988	-3.061838537	-1.086663073	0.009459193	1.237032764	-0.813654358	-1.507609622	0.037730365	0.777660112	-0.250541786	-0.52180577	0.352820917	0.294168652	0.338272634	-0.389533181	1.140810374	-0.8869222705	-0.8830643545	-1.845235465	-0.631047932	0.5585340835	0.5415639	0.883131541	0.81579912	-0.871968418	-0.208045406	0.136982885	0.033003224	-0.4977842195	0.402869731	1.109662731	-0.033142401	3.438272766	-0.0801778785	-1.0059055345
BSU33940	gapA	-0.053034307	-0.111743344	-2.07929946	-0.546103664	0.192051087	-1.224993754	-0.1362512195	0.535401901	-0.22006369	1.12072863	-0.87624478	-0.238570645	-0.030354478	-0.0394808465	0.057625507	-0.105835766	-0.501071181	0.0216808215	0.298794223	-1.325164942	-1.645332761	0.6955364265	0.535410609	2.012709734	0.97900214	1.634280206	-2.127048123	0.043410847	-0.861450313	-0.960411151	0.305924945	-0.172146486	-1.340899346	7.345709801	0.258849301	-1.162338184
BSU34790	trxB	0.092659101	-0.476042866	0.599751116	1.8120793125	-0.021114102	-1.37851384	0.4537455315	0.98649066	-0.283239233	0.174164823	-0.87687758	-0.118531887	0.328011577	0.57886804	0.152358783	-0.052764843	-0.340061622	-1.1822810365	1.2840865515	-5.099774381	-1.438232677	-0.530928092	0.428702196	-0.215441068	0.371794849	0.0905590615	-0.956949906	0.203273121	0.886333858	-0.2654344555	-0.638974222	-0.123933549	0.895269551	-0.544753063	-0.0707674705	-0.4857648635
BSU35290	prfB	0.5080495375	0.632691564	-0.885865746	-1.3660670525	-0.156992333	1.896695079	-0.8165074435	-0.621670709	0.676108587	-0.532193866	4.093987223	0.073584182	1.394400324	-0.565637461	0.226856368	1.123158725	0.9276137	0.5599629875	-1.102525238	-0.561221554	0.425909349	0.1869192075	-0.170684573	-2.010602899	-0.935525976	0.0390062695	0.455090726	0.618232496	1.393447237	-0.071197275	0.29014099	-0.86618119	-0.602065596	-0.582700058	-0.118269088	-1.654748806
BSU35300	secA	-1.29174821	0.26331226	3.300989453	-2.1305460575	0.4766996315	1.200120023	-0.7897840655	1.512786535	0.752045808	-0.841241633	1.160496649	-0.086347584	-1.321417975	3.695949086	-1.340853363	1.528345883	-1.851023712	1.220097832	-1.315106652	-1.760536279	-1.448454719	0.2705998885	-0.196194603	-1.874267696	-0.692048855	0.102657792	-0.557722647	1.047072153	0.402754478	-1.6360850805	0.752414502	0.794019863	-0.844488705	0.640027937	-0.041723542	-1.08606896
BSU35530	tagO	-1.069688966	0.483101622	-0.650637033	0.4753326605	-0.2368502505	0.477083024	-1.5639112585	-0.556802556	-1.472676915	-1.439127212	1.979327662	0.835831019	0.569552262	-0.070371164	0.07661561	-0.917969761	-0.235234142	2.7924650515	-0.4109110945	-1.729282114	-3.174438366	0.744690706	-0.307401116	-2.53525551	1.938376236	-0.114630185	-1.037911582	-0.264521711	0.471948141	-0.758253022	0.127429391	-0.281206703	-2.063148606	4.296347409	-0.107133677	-0.3396131635
BSU35600	tuaB	-0.822655504	0.489326003	-0.939035033	-1.219611219	-0.0661282025	-1.060315472	-0.250121706	-0.792391991	0.829661195	-0.113079328	0.323868269	0.247129219	0.625910111	0.845108704	0.14496381	-0.229200731	-0.077750518	-0.2388680915	-0.255670834	0.092544933	-0.613236179	0.8877501545	0.545552255	-0.740626311	0.088465663	0.8574197735	-0.258534265	0.132588515	0.451772278	-0.00474816649999998	-0.417427961	0.245809254	-0.343659402	0.097586232	0.4214477745	-0.499500092
BSU35660	mnaA	0.539342196	-0.457296904	-0.605015417	0.582816194	0.465382624	4.035110265	-0.036638441	1.937430554	-0.865079792	-1.061429923	-2.192725239	0.743879417	0.377600741	1.265493468	-0.25925067	0.504179487	-2.631320948	1.1251845045	0.450948614	-0.223562735	-1.011779991	-0.6334916165	0.508106513	-1.509841788	-1.139563414	-1.296647067	-0.8520246	-0.165269465	-0.545058108	0.558966544	-0.249819665	1.153157455	0.521332534	1.599702322	-0.023256112	1.0881652575
BSU35700	tagH	1.349269107	0.541007353	1.579399893	-0.229606262	-0.6818217205	2.059342501	3.138468301	1.594783272	-1.299116192	-0.382561935	-0.053277171	-0.961275781	-0.409626395	1.927618853	0.372975512	-0.604078558	-0.624874513	1.112041748	0.0492077895	0.346852194	0.996723032	0.6541745225	-1.499739042	-2.993593241	0.711231498	-1.029299773	1.730134951	0.586192596	-1.157813115	-0.53575572	1.395284617	-0.101784743	-0.944502531	0.684780149	0.5700498325	-0.853336185
BSU35710	tagG	-1.8456455055	0.377496357	1.428443198	2.5000076835	0.3192970565	3.457173084	5.4454562675	0.001845004	-2.896488472	2.109367941	2.942502613	-1.619354543	-1.104257795	4.7911485245	0.697511745	0.032051121	-0.448351511	-1.1656082595	-0.3843703725	-1.476315751	1.612035165	-3.2421706195	-0.927986003	-1.891285671	-2.643698164	-1.3182004105	0.178931292	0.021205631	-3.658902608	-1.7341609135	0.879244811	1.825908648	0.147818634	1.13988341	0.559855177	-2.484742238
BSU35720	tagF	-0.6693959435	0.358983212	1.502331289	-0.9169835965	0.0074287165	1.368766019	0.872186941	1.826551669	-1.292066943	-2.660003329	-0.296575723	2.009898288	0.289432675	2.540051505	-0.807340451	0.197700052	-1.439368462	2.2173300605	-4.7685039545	-0.401984553	0.251263835	0.133744053	0.149456913	-0.959973972	0.393070558	-1.561223945	0.198437265	-0.275013282	0.257654684	1.708113943	-0.348278016	1.508640783	1.210526111	0.658143611	-0.4531713875	1.189563528
BSU35740	tagD	-0.0817194305	-3.323598479	-0.426729687	-2.986877025	-0.0878152715	2.138162305	-1.305565609	1.233568903	-0.767032972	-2.877605516	2.264359651	1.346458274	0.175545985	2.441733861	-1.1827169	-0.636923947	-5.22075009	1.347424446	-8.065867466	0.089264879	-0.863736513	1.0162230745	-0.235198571	-3.362609013	-0.681997011	-1.64846566	-0.4295626	-0.236939902	0.307274337	-0.045846176	0.013769976	0.389405838	0.212613074	1.732161779	0.8073353545	-0.5854808905
BSU35750	tagA	-0.453239676	-1.51734101	2.804612391	6.930870896	0.2083064375	6.130492185	1.7768119445	2.652257277	0.60551469	-0.196541979	1.165123481	0.749923671	-1.54350471	1.660277853	-1.757198474	-1.184625317	-3.711241685	5.5383607665	-0.432899	-0.866856505	-3.38548215	1.491136244	-0.176398331	0.912455648	1.202900869	-1.947560091	-0.715274312	-0.199171522	0.487683926	0.16921105	0.357827616	-0.173555801	-0.980619311	-0.705396943	-0.4487223355	4.1821256245
BSU35760	tagB	1.015820319	0.627446376	-0.991472463	0.778411673	0.9302450295	-0.611750066	0.5403921415	0.804070506	-0.550251384	0.299170205	0.082011274	0.449248336	0.1301417	-0.676791106	0.229051298	-0.324908243	0.304253767	0.2927847925	-0.142725815	-0.520285406	-0.974859097	0.123879256	-0.278791193	-0.188421238	-0.218151836	0.8320359975	0.904490831	-0.253888592	-0.145188014	0.9270706675	0.414352061	-0.415503731	0.110488497	-0.663263546	-0.108838405	0.804748576
BSU36410	mbl	-0.2328567645	-1.797733885	-1.263546657	0.877437775	0.132624028	-0.609040868	-1.1239495305	0.683864231	0.234420751	-2.315934782	-0.038504853	0.809533281	0.731548991	1.871777357	0.904393972	1.305220723	-4.794998768	1.6868441235	-2.53585066	-0.149658673	0.828420467	1.475548898	0.57337539	-2.570951839	-0.137919341	-1.5268431985	-0.922649002	-0.097367011	0.085664673	-0.257420593	1.664196351	0.27782941	-0.460652738	2.892760718	-0.6119970955	-1.2202290455
BSU36760	murAA	0.6341787365	-1.395015412	-0.335700646	-2.0051479595	-1.1437076995	0.264282616	-1.6615213105	2.839120457	0.616777695	-0.825844956	0.148682874	1.025289966	0.970531753	5.3145978535	-2.238592559	0.025849648	-2.319859703	-3.920568156	-0.634318323	0.02982663	0.045235163	1.1875954405	-0.710334921	-1.876418637	0.789821856	-3.1429049715	0.77480337	0.916993185	-0.822246113	0.9407062385	0.132082316	-0.193630917	-0.144312946	1.87463482	-0.1420851005	-0.021449842
BSU36900	glyA	0.8607239805	1.95121174	-1.201486706	-0.397404503	1.11457814	1.129177657	0.0217818985	-3.172905982	1.28288865	-0.425981167	1.053760957	0.267646203	0.1004804	-0.775326087	-0.01526753	-0.026007246	0.834852107	-0.787534771	-1.112957096	0.825139444	-1.083931887	-0.0996436965	0.270339242	-0.212776654	-0.216375898	1.738757654	0.187929372	0.703959048	0.483069531	0.6545675905	-0.700347273	-2.154595998	0.414827493	-0.205849478	0.11449288	0.1099591725
BSU37010	prfA	0.485506553	0.413951195	2.374067104	4.2378745925	-0.2122792325	-2.380943639	1.739283285	-1.699589064	0.400709118	0.631793286	-0.375274943	0.0223501	0.225347951	-2.8025748065	0.21304596	-0.48278052	0.149275225	0.333305804	1.1119506385	1.586797067	0.418075384	0.157827662	-0.182369929	1.775860536	-0.890447701	1.6188402955	0.925209792	0.877675892	0.567242494	0.5592836085	-0.706285784	-0.822177225	-0.504446139	-1.505413882	-0.3567849865	2.146831596
BSU37150	pyrG	-0.5961026075	1.454469483	3.740085021	-1.102961364	1.772828376	-0.733282819	-0.7421431075	-0.906000886	0.867329165	0.123355723	2.610647907	-0.833475097	1.880373206	0.491344224	-0.724595396	-0.039020247	0.353214718	-0.822991118	-2.5582081355	1.331571129	2.470107529	0.8361749805	-1.089818089	0.211876691	0.30920409	-1.051747354	0.940287583	-0.421772877	-0.560172279	-0.1902554115	-0.68828038	-0.530358704	1.766738485	2.705758457	1.5960224265	-0.427838899
BSU38120	rodA	0.00974330200000001	-1.102235205	-0.061502021	1.7482823735	0.330511907	5.695036973	0.872541448	1.989723862	-0.916181464	-0.834722787	0.368660851	0.120230896	0.881239654	2.1066370295	0.151090683	3.380838279	-2.553432821	2.526824471	-0.4150851225	-3.365374945	0.144083286	0.2274097315	-0.120478973	-1.736223307	-0.908540882	-2.0776235815	0.674077391	-0.226331835	0.917387613	0.0835597065	0.665074914	1.545146757	1.214201247	0.865977022	-0.5859703155	0.947286822
BSU38490	menA	-0.151440335	-0.634484144	-0.222168203	0.0611756725	0.2739917125	-0.670371541	-0.2058148615	-0.507958455	-0.066961762	0.627414668	-2.393811468	0.401841115	-3.220385135	-0.5749764195	0.372058995	0.310425179	0.088007896	-0.3923772355	-0.1101678395	-3.885526266	-7.030344462	-0.3524102705	0.465514068	0.019161612	-0.372299252	1.2230089175	-0.832537361	-0.288939753	-0.293766158	0.2654288255	-0.689510065	-0.29226473	-3.867807774	1.005376103	0.7541509515	0.0876738955
BSU38690	yxlC	-0.000423239000000006	0.466412908	-0.055461606	-0.4120815815	0.3914394775	-0.429779106	0.0433074185	0.017715758	0.335190676	0.199235348	-0.881475937	0.075724011	-0.010869567	0.043731739	0.282074797	-0.573216239	0.244706658	-0.0115869155	0.044744287	-0.071708186	-0.663153743	-0.50532739	0.496562811	-0.196584324	-0.468887102	0.875488337	-0.187553104	-0.175216411	0.299527729	0.616619853	-0.117817584	0.281681992	-0.295561268	0.012554589	-0.0947955295	-0.0639531905
BSU40400	walK	-0.8051892045	-0.5388626	0.71643111	-2.3209424845	0.939620186	5.507419909	-1.8669213075	-0.292805338	0.028162149	-0.734868755	1.253881317	0.171845792	1.217899514	2.8177268545	-0.138258633	-0.225841703	-1.803480779	-0.3205894535	-4.9026171255	-0.974187887	-1.860102718	0.7280011285	-0.870644743	-1.98023637	0.282978887	0.3598938185	0.521596472	0.221779116	0.004914416	0.038098053	1.112669152	1.434503112	-2.404711331	2.716163693	0.336615633	-0.8501145085
BSU40410	walR	-0.6605405175	-0.795075023	-0.583774053	-1.643638556	-0.777483219	5.600190227	-1.148145527	0.437566126	0.190616232	-2.454299358	1.162858727	-0.276584743	0.965417856	1.5376273685	-0.384823254	-0.052073262	-2.183854778	-0.1984723025	-3.8484729995	-1.439776089	-2.344841791	1.0049547865	-0.529239281	-3.154290223	-0.188999228	-0.62997575	1.668841506	0.948470756	-0.62449214	0.9361677515	1.194766133	0.180645355	-3.295555239	1.122469978	1.015716156	-0.6956307655
BSU40440	dnaC	0.3400176185	-0.11118726	2.259043164	-3.6562524035	1.029124507	-2.355396313	-1.3958579895	0.621636558	0.186814662	-3.34517123	0.598254194	-0.09541425	-0.457005648	-0.549155274	0.521800308	-0.248690395	0.397394049	-0.032793897	0.730237304	-1.070626161	-0.275562207	-0.6914251775	-0.144701769	-3.242704397	-0.336018541	0.2906246155	-0.656662877	-0.307295941	0.052863217	-0.1478253605	-0.499679024	-0.25560419	-0.271650424	1.106157751	0.5794215765	-0.7519567685
BSU40550	ppaC	0.583828504	0.654163819	-0.819148306	1.3137020965	-0.0020116355	-0.213507788	0.7680605035	-0.159225181	-0.336214322	0.172786844	-1.22212352	0.358964348	0.95269702	-0.70082477	0.947577535	0.205163908	0.193196542	0.6116117535	1.1651551195	0.254839239	-1.364853664	1.166060905	-0.476286577	0.250341432	0.149307362	0.5629279505	0.319805466	0.186461946	1.132748568	-0.156126252	0.403814191	-0.313981999	-0.696406293	-0.564753062	0.1311990525	0.081318639
BSU40890	rpsR	-0.2466298385	-0.368950864	0.273108599	2.828996353	-0.3631501075	1.264310799	0.255539087	0.423352551	-0.162124932	0.557679777	-0.098888043	-0.55272783	0.079893973	1.646155169	0.848254727	0.589909141	0.252638206	-0.4172356745	-0.756452009	0.967863471	1.43201269	0.04297548	-0.957760624	2.482918729	0.31604841	-1.141758502	-0.69953714	-0.795660353	-0.254936247	0.583824211	-0.027657949	0.856831648	0.933673642	-1.151664627	-0.215060168	1.1154764915
BSU40900	ssbA	0.646108821	-1.180164486	2.314202682	2.267302855	0.3099133415	1.941547305	-0.08491333	0.822234892	-1.01463866	-0.776951391	0.604547408	0.152675978	0.461928691	1.606446147	0.691924328	1.293934035	0.285556322	-0.6138985605	0.1133621305	1.451608473	1.177369767	-1.5308416905	-0.615474848	2.611889201	-0.061348545	0.1773036695	-0.890881181	-0.790748444	-0.391474172	0.6536202905	-0.246162112	0.228701398	1.736430071	0.929831107	-0.9739936085	1.4621886385
BSU41050	rnpA	0.111293074	-0.166366544	-1.77301354	0.980293638	-0.010841514	0.388737059	1.655307024	0.105686324	0.351849262	0.921999614	-0.566462905	0.273630708	-0.207418115	-0.605418464	-0.673444868	-0.339557674	1.015331239	0.0430051675	0.062030784	0.971321054	0.323253353	-1.1093615515	0.085577686	0.747011867	-0.410838005	0.9640224545	-0.307888821	0.007303608	-0.752633493	0.965614358	-1.388798209	-0.16950148	-0.70295011	-1.645386397	0.3671565265	0.2666732025
BSU_MISC_RNA_2	scr	-0.2963994155	-0.205929479	-0.853147737	-0.4713443985	-0.917495352	1.745613103	0.2898637585	0.028595193	0.865265141	0.68815692	0.575516815	0.377581255	-1.248393529	-1.0153574815	-0.230603924	-0.160434799	0.086357595	0.177791453	-0.5897531575	-1.070368879	-1.287611891	-0.0303878775	0.093680016	0.072232251	0.136189045	1.09972589	-0.877578618	-0.00310603	0.806533329	-0.183583	-0.170923264	-0.212490873	-1.368272731	0.781587067	0.196820955	-0.985129142
BSU_MISC_RNA_35	rnpB	-0.1007142635	-0.280087953	-2.321309515	0.4731378055	-0.4028982265	1.070382851	0.8020534825	1.302018855	0.040166164	-0.256095529	-0.407028605	0.301820875	-0.253713621	-2.089428829	-0.758995524	0.098780958	-0.303189755	0.8352810365	1.132223865	0.67630561	-0.668390962	0.2251032255	0.235979484	0.498281094	0.128448828	2.046407697	-0.755327797	-0.247971181	-0.424429485	0.613387485	-0.274418946	1.100723556	-1.237644397	0.960095553	-0.1074770175	0.313590901
BSUtRNA23	trnI-Asn	0.1109660535	0.737029524	-1.315603332	-0.3968375445	-0.7165640145	-0.217881286	0.268854362	0.1881552	0.602428206	-0.470846	-0.012517041	0.32700803	0.873579526	0.368858438	0.1065984	-0.021291251	-0.003618539	-0.616398558	-0.9293400275	-0.095888103	-0.357360915	0.0539447395	0.55086561	-0.744317678	-0.091113247	1.5150298935	-0.693579065	0.434658741	0.661409477	0.2497450085	0.15987933	0.356171432	-1.259985066	-0.083421613	0.058489727	-0.4957007085
none	control	0.193169588	0.525423787	-0.556492569	-0.7151522345	0.181105475	-0.664367965	-0.159465096	-0.000622097	0.642679067	0.012299817	-0.439824158	0.033014423	0.322074209	-1.2962545665	0.090431372	-0.155939573	0.109993452	-0.8513009205	0.0889945275	0.287932395	-0.903749625	0.450515931	0.091117567	-0.487819444	-0.034203224	1.4086088115	0.657411893	0.43521777	0.512457962	0.440273274	0.155708599	0.431623253	-0.555144084	-0.045849814	0.1533350725	-0.1568561195
