Condition	accA	accB	accC	accD	acpP	acpS	acpS48	adk	alaS	alrA	aroE	aroF	aroK	asd	asnB	aspS	birA	cca	cdsA	cmk	coaBC	coaD	coaE	control	cspR	cysS	dapA	dapB	dapF	dapG	dapH	dapL	ddl	dfrA	divIB	divIC	dnaA	dnaB	dnaC	dnaD	dnaE	dnaG	dnaI	dnaN	dnaX	dxr	dxs	engA	engB	eno	era	fabD	fabF	fabG	ffh	fmt	folB	folC	folD	folE	folK	frr	ftsA	ftsL	ftsW	ftsZ	ftsZ1132	fusA	gapA	gatA	gatB	gatC	gcp	glmM	glmS	glmU	gltX	glyA	glyQ	glyS	gmk	gpsA	groEL	groES	guaB	gyrA	gyrB	hbs	hemA	hemB	hemC	hemD	hemE	hemH	hemY	hepS	hepT	hisS	holA	holB	hprT	ileS	infA	infB	infC	ipk	iscU	ispD	ispF	ispG	ispH	leuS	ligA	lysS	mapA	mbl	menA	menB	menC	menD	menE	metK	metS	mgtE	mnaA	mnmA	mntA	mraY	mreB	mreC	mreD	mrpA	mrpB	mrpC	mrpD	mrpE	mrpF	mrpG	murAA	murB	murC	murD	murE	murF	murG	nadD	nadE	nifS	nrdE	nrdF	nrdI	nusA	odhB	panC	parC	parE	patA	pbpB	pcrA	pdhA	pgm	pgsA	pheS	pheT	plsC	plsX	polC	ppaC	ppnK	prfA	prfB	priA	proS	prs	prsA44	pth	pyrG	pyrH	racE	rbgA	resB	resC	rghRA	ribC	rnc	rnjA	rnpA	rnpB	rodA	rplB	rplC	rplD	rplE	rplF	rplJ	rplL	rplM	rplN	rplP	rplQ	rplR	rplR103	rplS	rplT	rplU	rplX	rpmA	rpmD	rpoA	rpoB	rpoC	rpsB	rpsC	rpsD	rpsE	rpsG	rpsH	rpsI	rpsJ	rpsK	rpsL	rpsM	rpsN	rpsNA	rpsO	rpsP	rpsQ	rpsR	rpsS	scpA	scr	secA	secE	secY	serS	sigA	sknR99	smc	ssbA	sufB	sufC	sufD	sufS	sul	sunI	tagA	tagB	tagD	tagF	tagG	tagH	tagO	tilS	trmD	trnI-Asn	trpS	trxA	trxB	tsf	tuaB	tufA	tyrS	ubiE	uppS	valS	walK	walR	xkdB	xkdC	ycgG	yddT	ydiC	ydiO	ydiP	yerQ	yezG	yezG129	yfkN	yhdL	yisB	yjzJ	ylaN	ylaN187	ylaN190	ylaN25	ylaN85	yloU	ymdA	yneF	yneS	yomL	ypuF	yqaE	yqeH	yqhY	yqjK	ysgA	ytbE	yumC	yxlC
A22-A [A]	-4.088168311	-0.85298942	-1.719876488	-0.76232324	-0.017085063	0.137137946	-0.618727518	0.266449429	-0.332129761	0.43364219	0.895707523	0.158689715	0.569386103	-1.926277702	-1.741096565	-1.055345623	-0.757473715	0.45128374	-1.202477424	-1.547835666	0.731854872	0.710732677	0.541407816	0.228795031	0.88701968	-0.729963833	-0.074094481	0.0531872	0.097060966	-0.215837614	-0.302051436	1.586851093	-2.109909997	0.328030237	1.168086749	-0.890540982	-1.284774517	0.777491498	-0.116428246	-0.630008605	0.563498272	-0.696420956	1.716970017	0.64652722	0.719464221	-0.978317936	0.060978917	-0.70081403	0.475783775	-0.062057614	-0.50023163	-1.141323035	-0.025027731	0.262827873	-0.688202175	0.344142297	-0.08209333	0.523129681	0.335954565	-0.25224801	-0.123378569	-1.298773827	2.54557582	5.032083997	5.901784946	0.115432142	-0.394941127	0.259415662	-0.564218771	0.089440555	0.787381297	0.31832416	0.236716877	-1.246480587	-2.878062602	0.669711846	0.758227317	0.932202231	-0.811525664	-0.53314254	-0.190086235	1.534270754	-0.031339725	0.368472238	-0.192977737	0.401622492	0.450317901	0.01585476	0.895707922	0.655066376	-0.146852419	-0.006376138	2.163704106	-0.048818923	0.559323882	0.506898829	-0.574748259	-0.24372058	0.660182596	0.310957383	-1.10765469	-0.830249671	0.473074914	0.165829545	1.51902768	0.273416363	0.950051693	0.002347596	1.002888578	0.572370285	0.796830197	0.496932033	0.545956828	-1.158010859	1.450998374	-0.572370483	-0.357232788	1.023371013	0.642331672	0.930503585	0.845792903	-0.250912623	-0.129900276	0.556111604	0.442192853	-1.350736828	-0.135335353	-1.303188106	-1.608610415	-2.639160682	-1.674749286	0.163112055	-0.189212481	-0.341903871	-0.599557617	0.491574919	-1.115487431	0.118119779	0.020257866	1.338039728	0.312322753	0.002601099	-1.402981053	-1.060751959	-0.907864068	-0.400612855	0.297019092	-0.477047535	0.410741635	0.509711423	1.06415894	0.187112509	0.822808261	0.04961823	1.029542568	0.343562211	-1.421625862	3.459143345	-0.13768492	0.2916402	-0.546679459	-1.967684063	0.068153394	-1.163810371	-1.167250819	-0.757790609	0.696068406	0.771766246	0.784387886	0.665970275	-7.3e-05	0.875625057	0.179088891	0.330517781	-0.511452856	0.113708801	-0.82922229	0.043733655	-1.926396048	0.553607281	1.229004146	0.515527652	-0.148892256	0.240487223	0.255384051	-0.885791186	-0.132117355	0.365844518	-0.186521113	1.033467485	1.497345632	-0.478068708	0.14290964	0.843388026	0.088528264	-0.361953684	0.766406827	0.960130724	0.104239427	0.747530535	0.040423029	0.485257642	-0.720000387	0.410003756	-1.432543593	0.640493928	1.599668457	0.086447656	0.50578076	0.777335872	0.336547908	0.024115878	0.489674178	0.165067747	0.779791143	-0.333373647	-0.629299862	2.046478454	-0.122886909	0.652697996	0.8562809	0.381253819	-0.53670088	-0.442966647	-0.519722749	-0.652639756	0.274582936	-0.221232307	0.093242196	0.481501053	-0.144460387	-1.83092602	-1.242017358	1.254418184	-0.20190082	0.303437042	-0.08439785	-0.318088375	0.725976885	1.214696657	0.610719754	2.400453982	1.39353453	0.835735776	-0.133924603	-0.197774142	0.444107653	-0.745709814	-0.100553312	-1.636691732	0.248286256	-1.302607947	0.821127094	-0.151673167	-0.450311544	-1.052744099	0.839088962	-0.512000605	-0.48021384	-0.574449956	-1.432277022	-0.475610261	-0.430498858	-1.572215566	-0.20864987	-1.181853264	-1.092531771	-0.328110378	-0.640410985	0.476190013	0.688143333	-1.197601888	1.20721417	2.282171959	-0.556234727	0.483488192	0.229086708	0.166611945	0.862927211	-0.664722959	0.14003279	-0.443729127	0.284396107	0.094551817	0.70323733	0.383295896	0.974589545	0.394112978	-0.318170801	0.086482913	0.675257402	-0.26344509	0.396683066	0.054805909	-1.007969811	0.195974637	-0.736692377	0.911748677	0.184344131	-0.138943314
A22-B [B]	-2.389985747	1.66882643	-0.942778593	-0.415251614	0.000990238	0.276451819	0.126055231	-0.387683258	-0.735139002	-0.09034141	0.486314816	-1.315561631	0.083392484	0.434745	-0.225517671	-0.106393583	-0.433463384	0.866376706	-1.371649847	-1.776195213	0.986523291	0.530081194	1.902379766	0.157544145	0.293854766	0.117887981	-0.094823444	-0.093327944	-0.023780523	-0.197418737	0.604574723	-0.986238852	-0.686221806	0.408811736	1.880079019	0.012867742	-1.531190981	0.346845191	0.796463483	-0.788102318	0.07079302	-1.590104588	0.669240596	0.605958492	1.112035804	-0.686760666	0.675301129	-1.119544109	0.85630432	0.229619576	0.447043858	-0.335649259	0.737795101	0.305547007	-0.698978104	1.206648865	0.233328919	0.772796869	0.365281847	-0.012259237	-0.360256842	-1.143531015	1.531630409	3.841940213	5.170983706	-0.557217101	-1.141704287	0.437900923	0.458150157	0.414400599	0.5297861	0.164774597	-0.581511458	0.38335929	-1.317569824	0.757723372	1.007472124	0.78924573	-0.458160427	-1.872986504	-0.261348817	0.145246097	1.089723357	1.153356326	-0.182931042	0.079566348	0.522027729	0.863837491	0.71778512	0.808589836	0.106237868	-0.368291587	0.797133655	0.593120337	0.95259296	0.414069198	0.102000072	-1.409141346	0.818411276	1.204023519	-1.579064912	-1.011665276	0.156858951	-0.258761338	1.37059882	0.548104603	1.415438308	0.234262906	0.739116773	0.153189941	-0.134645144	0.046359988	0.012033712	-1.982620609	0.540849159	0.106656954	0.054352118	1.599963243	0.368915019	0.644655016	0.399230274	-0.113439856	-0.33975459	0.554526154	0.636491539	-1.478411623	0.2555472	0.214273251	0.173402211	-1.845787929	-1.728528596	-0.167624666	-0.467035511	-0.732428936	0.138026342	0.780314195	-0.989915908	0.083304949	1.248099607	0.101637219	-0.514610322	-0.951548933	-0.724848174	-0.290029297	0.55512888	-0.263205786	0.671821471	-0.527827021	0.277803192	0.571014849	0.108824209	0.193466383	1.757967307	0.423197899	0.724871574	1.350901706	-1.207354993	2.414001095	0.316594139	0.108893713	-0.533034927	0.864933843	1.125733998	-1.068430818	-0.923188187	-0.444841041	1.251436894	0.395890762	0.560616317	0.305042831	1.016172075	0.77086411	-1.058783387	0.584749343	-1.139950068	0.065304684	-0.362982925	-0.397913507	-1.462420111	1.209034027	0.546535477	0.435867445	2.051838833	2.215178409	0.367813876	-0.008416107	0.354703503	-0.567273045	0.206007717	0.231059223	0.834784449	0.141276913	-0.634781258	0.152369201	-0.556118212	-0.881800109	0.55819249	0.308792301	-0.565692899	-0.996046103	0.002895342	-0.160686954	-0.933163563	0.337333164	-1.540601543	1.018938935	1.292023074	-0.315583378	-0.51943152	0.113234741	-0.183749866	0.254674841	0.357490892	0.220483866	-0.544891699	0.185026807	-0.162716054	0.425671351	-0.324273602	-0.635079466	0.698515879	0.404456558	0.309729269	-0.607372535	-0.680124444	-0.743828394	0.620269586	-0.27202737	-0.619729045	0.441482016	-0.448338444	-0.7525704	-1.272327213	0.163370945	0.069150161	-0.415229033	-0.532226377	-1.34170088	0.566240757	1.235552144	1.817196775	2.051811537	1.93188259	0.389980824	0.256843966	-0.70870521	1.587532985	0.582270953	-1.238238575	-2.054599279	2.450251958	-0.836769985	0.653104855	0.316055929	0.672243651	-0.433483452	0.452466726	0.697318807	-0.898408614	-1.070861052	-1.918639627	-0.297195815	-0.683538095	-0.987126288	-0.062366807	-0.428525145	-0.228549264	0.416015025	-1.214625415	-0.051357433	-0.398693596	-0.937690766	1.5068035	2.610342783	0.46928785	0.514085308	0.060227229	0.269462922	0.410923079	-0.675189205	-0.241056538	-0.135278856	0.105190645	1.329668644	0.167372241	-0.375399932	0.405101664	0.48223163	-0.834532703	0.234336106	0.097799877	0.260442262	-0.3547512	-0.067496765	1.053007584	0.84329491	0.499482746	0.386755435	0.184623039	0.138096836
Acriflavine-A [A]	1.892638446	-0.896035082	0.568585895	-0.436545138	-0.861260625	0.582680447	0.072338848	0.418634214	-0.589032091	-0.174805184	-0.571552814	0.466912372	-0.242041796	0.230383353	-0.046443187	-0.371878772	0.243115741	0.554074848	0.308766054	0.259027599	1.201413103	0.52614714	0.512036368	0.525423787	0.719222228	1.662620217	-0.333618202	-0.187624867	-0.48361712	-0.015843361	0.230012366	1.071226452	-0.752117355	1.164529075	0.660805612	1.728761297	1.308227623	0.25871154	-0.319792615	0.211120733	0.702475036	-0.118259688	-0.530912717	-0.363750493	-0.193796329	0.234629812	-0.649068734	0.352749244	-0.564432375	0.437865895	-0.201506264	-0.042743802	0.208957098	-0.489540705	-0.032447212	-0.710621589	0.398385454	0.367664619	0.267976826	0.46278567	0.506959344	-0.095681685	1.535730588	-2.634945959	0.763447235	1.027205003	1.718392287	0.54789361	-0.618288913	-0.146631626	0.459190018	0.845814359	-0.13927759	1.84939114	-1.638294276	-0.358995556	-0.453652252	1.475945266	-0.027899617	-0.450939175	0.358710264	-0.662064349	0.360874396	0.055984324	-0.157443148	-0.941358226	-0.768722048	0.134110962	-0.988104494	-0.298123599	-0.015923701	0.488765444	-1.436124301	-0.616200635	-0.747909266	0.937096889	1.016939741	-1.181865142	0.796923506	0.50643271	-1.472926331	1.201458242	0.682308223	-0.111084438	-0.611441389	-0.104972615	0.422787213	-0.775767222	-0.069350407	0.368676765	-0.551446873	-0.116795019	-0.1183235	0.584228508	0.358802926	0.390957696	-0.208378983	-1.187509869	-0.814698385	-0.669295033	-0.688248667	0.92354433	-0.168953154	-1.019792626	-0.457296904	0.146055003	0.426086062	7.578457989	-1.999755537	1.655971316	0.487082008	0.702702044	0.652561143	0.612677265	0.39895894	0.80315555	0.855588224	0.486336795	-0.08939109	-1.188730679	-0.689939238	0.153714728	0.713513413	0.92323125	0.875530522	0.807373347	1.145556857	0.49144724	0.159244885	0.569762628	1.144347769	-0.541624613	-2.109801286	0.262180688	-0.75516812	-1.278812776	-0.962363572	0.099781745	0.513095999	0.483485923	1.040187673	0.38745871	-0.339965214	0.245748574	0.773614942	0.574045583	0.454891624	0.815566629	0.449523942	0.413951195	0.632691564	2.039076877	0.76184922	0.279434006	1.171667012	-0.853104451	0.422193838	0.479584046	0.625684335	0.097199968	0.427740601	-0.531724024	-0.473259542	-0.809641724	-0.559002525	1.072263059	-0.555611869	-0.280087953	-0.686253691	0.857030053	-0.118675611	0.578407626	0.407027088	-0.017812611	-0.910118393	0.647647928	-1.187349765	1.200374519	0.8343936	0.551073772	0.440555863	-1.209643222	-0.0506447	-0.191454548	-1.215665187	-1.185007527	0.353065876	1.21495723	-0.487214672	-0.582566086	-1.220291662	-0.050438376	-0.043594163	-0.281492844	0.009916113	0.819602872	0.400755235	0.169075242	0.898652633	0.637950365	-0.028011184	0.786360631	0.535096429	0.393015668	-0.285536592	0.745080421	-0.02114468	-0.828937907	1.21350105	-0.272049651	-0.205929479	0.26331226	0.678604816	-0.802597916	0.014435212	-0.47596251	0.426441591	0.706574263	-1.306399007	-0.415472178	0.227321607	-1.391643136	-1.351410415	0.908475608	1.411996618	-1.51734101	-0.104305935	-0.600147637	0.222081308	1.256655401	0.541007353	0.483101622	0.608449984	0.62216326	0.737029524	1.197813378	-1.634309085	-0.476042866	0.527347794	0.489326003	0.509038884	0.281912531	-1.176583134	-0.02598305	-0.847949499	1.142467145	1.334405012	0.07251069	0.316894228	0.553556077	1.507539235	0.185309636	0.128552063	-1.206512763	-0.340896227	0.437837776	0.300922408	0.876723035	0.423365467	0.467778622	0.683666263	-1.206386156	-1.823785555	-1.732725563	-1.117309729	-1.427137492	0.736259653	-1.533413229	1.544599185	1.103981165	0.928945532	0.654598541	-0.011756371	0.775063104	-0.154761004	0.612016574	1.01784049	-0.711958491	-0.329457022	0.132697393
Acriflavine-B [B]	2.963338907	-2.16919655	1.174991787	0.425186226	-0.980587343	-0.100661354	0.769288928	0.342601112	-1.714341875	-0.228091329	-1.736984145	-0.313130671	-0.954508106	-0.624246417	0.638572262	-1.069047825	0.298715267	0.232321848	1.165780391	1.163378037	1.805832989	0.306155582	0.507401771	0.856751778	0.519041443	1.177411626	0.048700868	-0.204824932	-1.198781421	0.36412237	-0.19117195	-0.507080217	-0.547622158	1.600024463	-0.367303196	-1.17031781	-0.145652967	-0.489985705	-0.11118726	0.329073128	-0.738041274	-0.23963887	-0.359366444	-0.721384875	-2.175561049	2.425304992	0.637153647	2.04336619	0.262865684	1.368757245	-0.012086613	0.738374433	0.128718538	-0.603368389	0.238380233	0.568246617	0.562458356	0.789608101	1.189570044	0.630745653	1.304976201	-0.546514326	-0.06771101	-6.633062026	-0.563310056	0.53760049	0.962751077	1.137582079	-0.111743344	0.652292	0.579915681	0.496941331	-0.164591305	0.935472862	-3.403244314	-0.75346031	-0.683139397	2.721006742	-0.972644716	-0.818918922	0.478448449	1.176532654	-0.65399913	-0.581145598	-0.958388727	-2.167055609	-1.389452796	-0.021354015	-0.932412825	-0.547473444	0.06717412	1.176185524	-0.545760955	-0.043966478	-0.357164353	1.473455507	1.795174221	-2.751056529	-0.315223999	2.383185427	-1.711402139	0.372536009	0.776999443	0.370607772	1.82922876	0.621943685	0.178308901	0.078930779	0.075119842	0.100412423	-0.457094479	-1.037257957	0.247690179	0.20695174	1.57143855	-1.797733885	-0.634484144	0.006744861	-0.119302098	-0.14511609	-0.167184892	-0.316988936	-0.135951151	-0.63265932	-0.418710964	0.21062079	0.413388315	6.991454445	-2.381389434	2.254596864	-0.494958966	0.515576715	0.158650641	1.236953016	0.209945657	0.088180435	1.180896877	0.535369396	-1.395015412	-1.704227695	-1.507777112	-0.305051655	-0.709212131	-0.360159719	-0.595009812	1.362987914	1.183474774	0.862438592	0.693384834	0.754184289	0.844523824	-0.635169409	-1.303929349	0.560961886	-2.887775023	-3.058634938	-1.098869499	-1.466150022	0.064107722	1.166329339	1.001750988	-1.453703759	-0.946206359	0.329600887	1.114347318	-0.430053359	-0.074689793	0.654163819	0.066317787	-0.147084454	1.535138689	2.344193938	0.390561896	-0.24135905	1.519758214	-0.51675489	1.454469483	-0.077981964	1.143907189	0.45033084	0.499973129	0.216356207	-3.274584446	-0.774816626	-0.587592888	2.922852101	-0.166366544	-0.649045572	-1.102235205	0.353844597	0.73381983	1.537305327	1.722160365	1.73009307	-0.621706999	0.822325965	-1.181822228	2.073263898	0.608126726	0.926168766	-0.300146562	0.015290049	0.943404346	0.350281344	-0.603575441	-0.068127286	0.397307968	1.136130653	0.058707909	-2.891162652	-2.838040915	0.90196663	1.57002621	0.391176768	0.785855205	1.276164144	1.667785864	-0.751792412	1.186590789	1.514551977	-0.141533301	1.283281835	0.689308139	1.163869729	0.549420817	1.582215471	-0.031140439	-0.368950864	1.661935062	-2.614673637	0.568855066	1.312612708	1.466595907	0.278900573	-0.940014005	0.1156408	0.88951978	0.601318249	-1.180164486	-0.454633944	0.827412612	-0.610428531	-0.024342694	0.392662092	2.117073253	-1.220111493	0.627446376	-3.323598479	0.358983212	-0.072130963	0.132817784	1.38390112	-0.206710852	1.685333234	0.904221033	0.481649941	-2.614246328	-0.609401277	0.800674055	0.539886263	0.755364329	-0.040500817	-0.718966298	0.999081932	-0.266174216	-0.5388626	-0.795075023	0.060777376	0.983089516	0.399550225	1.363199719	0.76951462	-1.324253489	-1.636360875	0.153547795	0.374839221	0.962185772	1.812632254	1.171754452	0.773409604	0.524124279	-0.740842114	-1.063246787	-0.901022962	0.543887389	-0.61003803	-0.174104993	0.1061915	1.335685186	3.512028697	0.436197674	0.769573275	0.78504148	0.480548681	0.058502181	0.245491643	1.374054579	-1.142636292	-0.484895004	0.466412908
Acriflavine-C [C]	0.995266599	-5.748972605	-0.208822922	0.216271834	0.1488362	1.64372256	-0.088839182	-0.029297481	-0.016009035	-1.13566954	-1.551640724	0.09253004	-1.8863104	-3.178961983	0.17498394	-0.169668996	-0.099198997	0.379619654	1.250325633	1.125107985	0.797299364	-0.077008833	0.894111408	-0.088812026	-0.876837315	-0.07030032	-3.471816667	-0.450944562	-3.597284704	-3.338500648	-0.828991474	-2.10868455	0.089464775	1.534716609	-1.832351307	-5.094667991	1.023839744	1.980508772	0.998933542	0.020203063	-2.205614663	-0.483598682	1.336363841	-2.182806693	-4.31989399	3.751144582	1.232139472	4.981396602	4.189012256	-0.507182062	1.874653143	2.459473427	-0.228211731	-1.928630544	-0.99771342	4.966019097	1.827848449	1.900576172	4.164861428	2.256983031	1.621144613	4.220222921	0.872991878	-9.153089597	-4.382700065	-2.085857343	-1.465141513	4.830077659	0.028394124	0.179200907	0.966083329	-0.354842128	2.627163866	0.523489814	-2.804740343	-1.168022564	-1.589104168	1.95121174	0.125231124	1.421071343	0.159911444	4.900473779	-2.239331925	-2.749487031	1.321597656	-2.813975495	-3.406157066	-0.694277086	-2.460039646	-2.280425426	-0.091723857	1.153229604	-2.81180773	-0.370444357	-1.322948245	-1.495483532	-1.933730254	-0.136264319	-4.347568652	2.049214014	2.544642445	2.042679963	-0.064922989	5.919269243	3.375121476	0.365273189	-0.075065897	-0.651889818	-0.962638887	0.372680053	1.363911939	-1.462340613	-4.029509835	1.571483153	3.759627533	-2.712949395	-2.080784568	2.094891501	0.946020373	0.736784053	-0.147812282	-4.271329496	1.047854867	2.117415651	-1.817305164	0.286924075	-1.497219735	4.513488013	-1.687125442	1.222898534	-3.188459578	-0.428054313	-1.452792014	-1.419553649	-1.957146658	-3.803621931	0.254885739	-0.473722471	-1.813765579	-6.061177426	-4.862635811	-4.772231365	-2.307627801	-4.372880465	-3.30655623	0.029004895	-0.253417711	0.919749914	0.298823453	-0.37279821	0.544260883	3.698120422	0.000833263	1.539820599	-5.08702516	-5.480238548	-3.251875486	-4.868891834	-4.156791257	0.641594488	0.651187749	-1.168556728	0.756158076	-0.593999062	-0.755727138	-0.568060578	1.375210874	-0.618301622	-1.364725882	3.523779211	0.555658408	1.145494746	-1.467600162	-0.339066225	0.185173577	0.204174983	2.023318173	3.430904314	-0.077027579	6.407513742	0.697206713	1.027107672	-2.707404802	-3.071539476	-1.960825373	3.381333018	3.378661157	-0.161864644	-2.684238091	-0.149765936	1.981090308	0.799942925	4.121602109	5.103361587	1.032520882	0.450566338	2.114818766	3.117443738	2.731069439	0.351049611	-0.442707128	4.018569932	3.322140201	3.591337261	1.450626902	3.445031077	-0.649505863	-0.406731876	1.615103661	-3.529011142	-4.348035053	3.331216182	3.378132422	1.509107293	2.544249894	2.931571889	3.911656408	3.552436055	-0.141392069	1.455649771	3.387912793	-0.938898247	-0.201135361	4.319955662	-0.676059741	3.306454689	0.00311072	0.796945835	0.308461338	-5.44502523	-0.548492243	-0.116694611	0.779662487	2.38354017	0.317063122	-1.048022792	0.553820999	-2.369765638	3.015597519	2.087686914	2.703105343	2.16828251	2.441498402	1.806456043	1.268259325	-2.565864981	1.510402466	-6.249870565	0.603045481	0.377496357	0.848467293	0.385429203	0.12034426	-0.229367378	0.416416386	0.437252353	-1.619192897	1.163845228	1.080470262	-0.67707458	2.703070649	-0.43789151	-1.266919445	0.97750762	1.914700231	-4.071951563	-3.157767898	-0.464261831	-0.74198253	-0.328678207	0.339329128	3.272667955	-6.638236649	-5.024725408	-0.297046641	-0.115374277	0.187359817	-0.468125289	0.779909015	-1.572995276	0.103169662	0.916356833	1.27678914	1.418707542	1.555301801	1.88339387	-3.81025807	4.439232794	-0.731813677	5.420352104	-0.621988999	0.101106862	-0.65520096	1.748010307	0.385588709	-0.462733083	-1.353939018	-1.967783517	-0.709536772	1.401878452
Actinomycin_D-A [A]	-1.788668126	1.882140343	-1.185059328	1.521043455	0.600602897	-4.269869646	-0.739040966	-2.569089384	-2.068826215	-1.091146077	-2.360305895	-3.437406585	-0.650334329	2.170548882	2.465359938	-1.062174591	0.87535345	-2.109018371	5.703315059	2.519860915	2.382087764	-0.967218159	0.369780997	-0.556492569	-0.566732787	-3.685135857	3.849512735	1.8011263	0.809250617	-0.77523679	4.362631214	1.865285195	3.825208717	5.28445926	-1.83966432	-2.97743811	5.101031617	0.929721305	2.259043164	-1.22026945	5.017667326	0.671785537	1.045425216	5.894369372	6.613244075	4.390755872	-0.618179339	3.563417917	2.48982505	-4.345397377	-2.540254374	1.950167545	-0.117043229	-0.321012465	-0.614067888	-1.257878453	1.317552887	2.734343071	0.309112014	-2.275689713	0.677635735	-0.794623939	-0.146186711	0.961204441	-1.025542873	0.879833708	0.629129435	3.384592273	-2.07929946	1.554017864	2.973143224	-0.856485691	-0.095270237	4.898179538	1.413430013	0.685887417	-0.265478576	-1.201486706	-2.458131859	-1.780982502	-0.579125763	7.854408051	-0.669510403	0.01458777	-2.145583267	2.697875066	1.813881834	0.866999453	0.249234507	0.179654958	1.967212293	-1.253499702	-1.162138846	-0.250542488	-1.470531118	1.353472697	-0.641879057	-1.716702112	4.501434298	2.962355731	-3.623438853	-1.139937513	-0.846311506	-4.993503862	1.565873021	-1.052761798	-0.541670301	-0.244991133	0.218373555	-1.01852947	0.495481147	-1.186598427	5.148588026	-0.392901858	-2.481385505	-1.263546657	-0.222168203	3.685992073	-0.574495978	0.077256039	1.101300971	-1.315679029	-0.346888675	-0.515619997	-0.605015417	-1.56926169	-0.571180318	4.522444146	0.604075936	1.327100407	1.694399085	0.003399969	1.266536479	0.755661482	0.728215967	2.141918483	0.023756483	-0.867487143	-0.335700646	5.869867819	5.928910764	3.687307616	1.111994845	0.427233037	1.682894126	-0.212612047	-1.291424871	-1.047093454	4.976978236	1.530605013	5.719226237	-3.099219664	-0.739222314	3.609485606	4.04237951	0.666820926	3.080860108	-5.692259324	4.880986857	-0.473710535	-3.061838537	0.362854851	-0.017368023	-0.800224944	0.813232926	0.857350531	6.183473908	-0.819148306	-2.390611226	2.374067104	-0.885865746	3.573331203	-1.403398019	0.160432532	0.353854034	1.908357678	3.740085021	-1.26660806	1.859025074	2.627512112	-1.585473108	-1.184278956	1.450058496	3.029495133	1.387337516	1.005290004	-1.77301354	-2.321309515	-0.061502021	-0.206378733	-1.148330888	-0.826542095	-1.023606694	-2.034103561	0.369690498	0.183031692	1.502961254	0.862182441	0.85763408	-2.076999366	-1.229992069	-3.301294409	2.494612464	-0.559304296	0.495856343	-1.474889014	-1.226098272	-0.392161726	-0.943270108	-0.386835863	-1.296686702	-0.827349581	-0.022469407	0.972320309	-1.397670548	2.893563369	-1.64504214	0.054606714	-0.63892118	-0.73631234	1.395556918	-1.91977162	-0.443342733	-4.026224005	0.851950618	1.048063512	-1.321030491	0.273108599	0.236245917	-0.590176886	-0.853147737	3.300989453	1.689849788	2.344753574	-0.394611924	-0.016422942	-0.122439695	-0.640965038	2.314202682	-1.84210223	-0.767608963	-0.379195097	0.890386779	2.252909496	2.291361234	2.804612391	-0.991472463	-0.426729687	1.502331289	1.428443198	1.579399893	-0.650637033	-2.321280936	-2.914625966	-1.315603332	-0.871928607	3.780230305	0.599751116	-1.343421196	-0.939035033	-0.015359294	-1.247518621	0.124034717	4.560210725	0.954915563	0.71643111	-0.583774053	-1.241872341	-0.800696837	-1.497531011	-1.058118647	-0.394930347	3.763041859	4.624567715	1.252500531	-0.492113946	-1.904250418	-1.262716359	-0.376242008	-0.180043916	-1.33221383	-0.540339474	-1.533322946	-2.210309001	-3.11311297	-1.859378457	1.335490162	-1.118124816	0.81420925	5.416298636	-0.707007523	-1.145971273	-0.844239188	1.50917945	0.740561815	-0.594345141	-0.43726583	0.666709836	1.71436431	-0.055461606
Aztreonam-A [A]	2.812016097	1.881547436	0.448103418	2.370846059	-0.452571823	0.317545586	-0.760240918	1.089024999	1.700220278	-1.305675804	-1.465289337	-0.968811765	-0.219808727	-4.819120731	0.07474083	-1.205840793	0.312179131	-0.644202547	-5.271039471	-3.856135779	-1.242031231	-0.055801284	-0.018020541	-0.733160526	0.077587233	-0.530576401	-4.219995881	-2.640735671	0.056446285	-1.823279329	-0.263179523	2.701083873	-3.93228383	-0.805511056	-2.042205096	-2.825806738	1.12042892	-2.286146319	-3.607444625	0.0567275	-5.247381247	-1.339675506	-1.568742474	-4.040213147	-3.422485852	-4.698591556	-0.661073336	-0.75777403	2.481270204	-2.077920125	1.458568893	-0.21787099	1.161045912	1.364677445	-0.932615078	-0.112966201	0.18176937	2.92338686	1.097138639	-0.722511574	0.254878113	-2.530056099	-1.548119857	-7.553235082	-4.785889843	-1.364451454	-1.144818302	3.273972052	-0.592114687	-0.015315427	1.238957875	0.954096015	0.182766316	-1.050585147	-2.914363833	-0.910113103	1.353894319	-0.208453817	-0.139547739	0.560533147	0.513616077	-1.907455536	-0.165161115	0.682188731	-1.632750809	-0.537993377	-1.221647651	1.66203469	0.05706664	-0.2176927	-0.351037241	0.244054798	1.311215945	0.237861424	0.477747378	-1.415837645	-0.643527053	0.019888108	1.26984964	3.412102657	-1.0381766	0.205608768	-0.443344794	-1.947058915	2.512025418	1.126913506	-0.658649076	-0.207454254	0.619430885	0.5146533	-0.659403279	-0.035604779	-2.563394721	-0.281225246	3.033614798	-0.077289377	0.050075288	-0.236222337	0.954358519	0.822034448	-0.240943808	-2.480979716	0.312780888	0.831099885	-0.016988416	-0.142173309	0.260308384	-0.747556304	-0.671367856	2.441587093	0.321406746	0.066721741	-0.445712574	-0.479388992	-0.167677159	-0.633318548	-0.342614859	0.342398128	-3.727501319	0.974208386	-5.559300573	-6.826778969	-6.402452939	-1.061787003	-1.516349156	-0.846958614	0.010905991	0.063711147	-2.397238073	0.240135629	-2.916061604	-2.361467409	2.435967756	-0.345211929	-3.347322784	-0.021234165	-2.948912652	-4.368317846	-2.865558705	1.33139391	-0.842765569	-1.831688497	-0.288168513	-0.806438018	-3.065089707	3.085932943	-4.436278114	1.333596271	1.00428859	4.463080581	-1.514942303	-1.916117334	0.59846536	-0.694268191	1.155485212	-0.988735499	-1.127864466	-1.035558312	-7.530888919	-0.178133932	0.657448251	0.568304668	-1.283247778	-0.927817072	-0.586159697	2.398101704	1.013690176	0.745384649	0.633051133	0.449971813	3.517447585	0.08886255	4.051278882	4.109516213	-0.909495935	1.908600847	3.197685991	3.684032011	4.231665185	5.762219341	4.426310165	5.081333171	-0.03950648	2.356006001	0.363281867	4.104500464	2.444326804	1.053177418	1.648733906	-4.591527936	-4.473393829	0.862394706	2.805728764	4.32863539	5.16156393	2.43686482	5.493482419	4.858347484	0.63281495	3.784242186	3.787838919	0.665673504	-0.672670152	5.475809929	3.771998483	3.046284488	2.505664796	2.742016963	2.171083764	-1.011413117	-0.723178739	-2.523779262	-2.075490613	2.33994858	-0.652808763	-0.658825807	-0.139209787	-2.229279857	1.963608462	-0.446429559	0.326765202	0.365584604	-0.537813129	0.641899329	2.250006074	6.221864061	0.38167702	-4.620347857	-1.852588883	2.402748279	-0.694122627	-0.271528887	-0.00874444	0.940292849	-0.757505238	-0.957143521	-0.116980961	1.847022304	0.451225866	-1.111332825	-0.454116064	-0.149974551	-2.304515903	-4.118808764	0.072521556	-2.710864275	-2.392400502	-0.535002823	-0.793347944	0.240137886	-0.948270251	-1.244333099	-6.068052581	-5.850798627	-1.171164058	-0.602450517	-0.242385668	0.526628067	1.67924519	-0.484749996	0.395378025	0.495039186	-0.264671293	-0.614316246	0.331526979	0.141815134	-0.604448654	3.172066311	0.598423903	-2.230108597	-0.425538393	-0.409996279	0.534184669	-0.599897349	1.629730355	-0.142325363	-0.821199841	-1.347783719	-1.23928032	-0.35921744
Aztreonam-B [B]	5.051591426	2.940018088	2.021021149	4.421320044	0.418271259	0.957012469	-0.65122314	0.759505877	1.929930315	-0.266495077	-1.573573255	-1.62943326	-0.130947189	-1.404970405	2.258653496	-0.954845134	0.681428527	0.749659301	-2.314450468	-1.078698921	-0.813454315	0.46533413	0.680220137	-0.697143943	0.279997454	0.924144371	-1.905617068	-0.492705066	0.444746945	-0.664812889	-0.842174387	0.599546939	-1.544501498	-1.098534152	-3.002121292	-2.899972689	0.100763734	-2.218374767	-3.705060182	-0.192975495	-4.854411555	-0.124624516	-1.61581601	-3.869236971	-3.749807123	-3.514886378	0.170876975	-0.654232852	2.731251923	-1.541736379	2.097528559	1.518347993	1.840838987	1.173929367	-0.272528652	1.302925319	0.150981475	2.454522347	2.064271494	-0.840491508	0.224389331	-3.44678178	-0.959341258	-8.611034732	-5.972192132	-2.106671154	-1.902949985	3.575323022	-0.500092641	0.242063836	0.712777911	0.227463862	-1.050296021	0.670333353	-1.969139652	-0.472096004	1.202746352	-0.586355189	-0.474100712	-0.606789585	-0.483970192	-2.591550466	0.013674771	0.650934814	-1.260763526	-0.580526692	-1.699254793	1.892674528	-0.892687489	-0.198096821	-0.922655933	0.564250973	0.07504807	-0.081587489	0.517565674	-1.65712252	-1.19215269	-0.591829101	1.289988467	3.233284197	-1.55189444	-0.432004338	0.124301809	-0.970873186	2.822428323	1.125459693	-0.119006552	0.655887257	0.809161472	0.154586176	-0.093060391	-0.637379507	-2.916554092	-0.54010821	2.292092535	1.832164927	0.072276057	-0.457687793	0.195696162	-0.070278358	0.169632732	-1.886129194	0.503084546	1.079371189	1.182620804	0.650209369	0.770017619	2.989075973	0.268466966	3.435808862	2.264306322	-0.533367468	-0.177128544	0.04344617	-0.309213611	0.329080062	-0.521524133	0.145102899	-0.2827946	2.59369844	-4.057758866	-5.50624385	-4.651578997	0.978730758	0.498194956	-0.863080856	0.543063653	0.644224112	-2.396336275	-0.149079125	-3.218603697	-2.873633242	3.053067322	-0.667955017	-2.8701711	-0.000374018	-1.820742684	-4.557098092	-3.203619292	0.87952384	-1.330560577	1.417729121	-1.254443827	-0.115335779	-2.800423865	3.024978898	-4.354932449	1.293807922	0.662782366	4.012668604	-1.217191802	-1.719572578	0.438887399	-0.425581037	1.006122393	-1.165840345	-1.078058262	-2.647356703	-6.091193077	-0.384252845	0.078699771	1.123071781	0.449980322	1.337577968	0.170213898	1.83685695	0.9468971	0.200890962	2.863513614	0.099781535	3.016365451	0.341298545	3.733464497	2.113758665	-0.191312194	0.959184344	2.639046075	2.136066019	2.508045034	1.013038333	3.619956868	3.710506414	-0.19634838	2.549397062	0.983619792	3.054920772	2.133562352	0.696597992	-0.287834989	-6.268467011	-6.190503147	1.643495324	1.685184355	4.867030976	4.02031356	2.609087355	4.157002511	3.240692196	0.949062578	1.501743288	2.681881904	-0.231060521	-0.071003536	3.606099786	4.251369207	2.720577301	3.059349256	2.915975743	0.174198968	-1.419081082	-0.219510058	-1.737312853	-1.119710704	-0.434027494	-0.336629678	-0.279163194	0.379682746	-3.01644734	2.570997248	0.096078815	0.605931666	0.815994919	1.40614606	0.68610682	3.074356398	7.639877731	1.175146326	-1.353406193	0.01862169	2.597267088	0.234910103	1.222194208	0.386591154	0.924237201	-0.036169851	-1.207512493	0.271841594	1.777136321	0.370002899	-1.327889613	-0.320774405	0.420779481	-1.863267058	-2.455018964	0.218950246	-1.931020694	-0.89487661	-0.447246639	-1.100104884	0.322623131	-0.764373884	-0.859645736	-4.514732066	-4.638759508	-0.687931969	0.139725228	0.481778468	1.121124502	1.063410857	-0.219315137	-0.382235813	1.088124695	0.308832219	1.168461814	0.64805295	0.389832493	0.045426806	2.658195457	0.9686697	-1.722575932	-0.330497388	-0.042465598	0.962309484	-1.15838118	3.430829307	-0.176390679	-0.764174135	-1.519436183	-0.729171376	-0.464945723
Benzalkonium-A [A]	-1.710163891	1.693471403	0.190324128	0.443934074	-0.649791119	0.214737138	0.647746205	-0.442722541	0.286808806	0.464233762	0.09940864	-0.647485754	0.7584747	0.107776409	1.11508147	-0.730179648	-0.605414086	-0.283272275	-0.71801261	-0.701175069	0.764131459	0.435891777	0.144293135	0.198047414	0.273583197	-1.518974905	-0.939190258	-0.496861817	-0.660207153	0.168605623	1.406906431	-2.938726297	-1.626162264	1.248700172	0.61630754	0.816774271	1.237866526	0.204131383	0.882111403	0.091978103	0.260193433	0.41805262	0.178885686	0.728239512	1.336298186	-1.069914862	-1.396098056	-0.025055026	0.02311371	-0.349979564	0.477503965	1.283153658	0.155852685	0.525319269	-1.498554682	-0.766423523	0.350164964	0.267499605	0.370687771	0.819181453	0.897946097	-1.000361362	-2.807688194	1.953350157	0.773946561	-0.595305747	0.180348385	-0.475326214	-0.033949063	-1.067825988	-1.497995611	-0.23614353	-0.176528447	0.395150846	1.044851866	0.409746399	-1.28931048	1.129560299	-0.052469399	-0.993039534	-0.290505066	5.888455904	0.092160201	-0.065065855	-1.394331606	-0.136947246	0.590847048	0.479947057	0.344243902	0.104475762	-0.194488688	0.62094851	-0.31258949	-0.816534159	-0.405470844	-0.030184942	0.208990255	-0.386959768	0.741973069	1.719142735	-2.206277241	-0.95357873	-0.396316914	-0.293168143	-1.265471359	-0.390741392	0.156945691	-0.502648939	-0.39761586	0.061426682	-0.536618658	-0.512272617	1.023174455	-1.067287852	-1.330002922	0.515732603	0.363133167	0.738313855	0.512257292	-0.107291066	0.104537805	0.393696602	-0.94466079	0.821059262	0.441555745	-0.132624591	-0.223088581	2.501682505	1.70053536	-0.667050372	1.163737565	-0.258384276	-0.138423363	0.05771065	-0.785695271	-0.287219527	-0.024130883	-0.412978549	0.383943365	1.601011396	0.65468843	0.775600043	0.412926722	-0.14133398	4.867113241	0.227070601	8.96e-05	1.403459134	1.139193948	0.36641999	1.262594908	-0.074914042	0.467317649	0.950211782	0.382888885	0.288971827	-1.464062723	-0.184267229	1.02622829	0.560024274	0.48093586	-0.290180668	-0.672979955	-0.596693306	-0.144362793	-0.218605829	1.178452001	0.166563065	0.25286665	-0.320976289	-0.513791868	0.723095033	0.116094199	0.604878511	0.713011274	0.739345335	0.961911318	-0.295191033	-1.98012437	0.432049374	0.232861238	0.091696857	-0.300241331	0.108011954	0.318283415	-0.453885079	0.181455928	-0.224086276	-0.217444166	-0.046310336	-0.360863432	0.333585023	-0.837490531	-2.075345735	0.226359196	-1.282584624	-0.329873826	-0.662037333	-0.924644447	-0.073792854	-0.580504457	-0.811977284	0.004593371	-0.111240637	-0.33915874	-1.421671174	1.181792269	0.29605367	-0.450082283	-1.081044449	-1.341645011	0.852342026	-0.789115565	-0.23561649	-1.069185089	0.100752118	-0.31127964	-1.126042285	0.175474089	0.957954953	-0.104815285	0.468606769	0.167664758	-1.740152763	-0.12753538	0.317072804	-0.190933293	0.081705436	-1.137598719	0.361415014	-0.664721543	0.556115907	0.497451729	1.246141635	-0.26007396	-0.163086733	0.234942623	-0.568122575	-0.700191106	0.275640593	1.274256602	-0.076546083	0.38156789	0.382662534	-2.047136405	0.085987278	0.532584942	0.899853055	0.00383284	1.904302749	-0.232906326	1.43858758	-0.151434707	-0.151213938	0.053662809	-0.039717666	0.963743705	-0.12406225	0.694108626	0.705452508	-1.416524662	-0.041774088	-1.414704345	-2.205439418	-0.339832926	1.473181561	0.763861491	0.158944771	0.003266101	0.232375079	0.218657911	-1.130595174	0.828011514	0.656057642	-1.734391625	0.351717125	0.340185288	0.00174076	0.530392008	0.643268158	0.620310519	0.777074211	0.292874733	0.023758934	0.511240258	0.016242192	0.827026041	-0.311992506	-0.859992442	2.405619771	0.448165994	0.23667	0.33142424	0.185892782	1.641798333	0.044339132	-0.251176537	1.151562858	0.490650984	0.438992203
Benzalkonium-B [B]	-1.642026553	2.780061392	-0.288728192	1.330080779	0.21539576	-0.310229337	0.044259138	0.12792022	0.867747507	-0.71159502	2.74275888	0.478917676	0.336526808	-0.362790645	-4.130900106	-1.059048783	-1.527422907	0.211077541	2.383265432	1.902780216	0.424532431	0.635477318	0.198408507	0.164163536	-0.038427864	-3.385589819	-1.305469327	-0.432004905	-0.197957058	-1.711956724	-2.730445287	-5.790334723	-3.19230416	2.028377769	-1.069873077	-2.329288836	0.415844119	1.502169643	1.176137611	0.51693399	1.131775471	2.263646086	0.561626516	0.70908844	1.956344326	2.693832227	-1.608251869	2.41739188	-0.072756258	-2.443620936	-0.067784829	3.088963384	0.501977871	-0.124528236	-0.690313158	0.631189927	0.623101636	0.352021512	1.309216211	-0.959618804	0.219702544	0.353730555	1.597409477	-3.060656331	-3.230908957	-4.638304818	-2.660851437	-0.020201233	0.418051237	-1.176628183	-1.247439258	-0.17853977	-0.576015521	2.535801318	-3.174220365	1.148654431	-2.193806676	1.099595981	-0.593279638	-0.177018898	-0.66343527	4.254514739	0.273427703	0.477132424	-0.798178999	-0.252533668	0.597451262	-0.017522047	1.464403725	0.634813093	1.700180195	-0.216355119	1.454398843	1.647981197	2.108162226	-0.312490062	-0.31904697	-0.254824069	0.42497301	1.211034612	-1.033469404	-0.20493035	0.026307298	2.063692424	1.475769796	-1.827658812	0.360269784	-2.078411444	-0.805911763	-0.25467239	0.698546283	-0.94571528	-0.327802146	-0.753981793	-1.388617194	-0.250484547	0.184850258	2.84019985	0.910545318	0.904519414	2.046782458	0.022438713	-0.519368397	1.441751084	0.489209503	0.272826957	0.261753127	-1.002425402	-2.484160301	-2.041969946	0.034951826	-0.669893478	0.183066662	0.61938068	-0.273481463	0.197879381	-0.6797546	-0.04373474	-2.671358764	-2.453181678	-0.87985156	-3.683378167	-2.876422574	0.553826761	-1.289026963	-0.504005022	0.583640765	-0.684276481	-0.968149177	0.49773251	1.25466863	1.184894399	0.83985727	2.238601224	1.601574466	1.837144796	1.101358627	-1.683423936	0.361365086	0.160246643	-0.462017474	-1.429446868	-0.568237653	-0.415304214	4.347153095	0.222745633	1.879215512	-0.170586336	0.126427547	-0.103582176	0.199807202	1.279351688	-0.351854186	0.893023975	1.193246975	0.002407869	2.583745434	0.342754547	0.260118608	0.829844351	-0.622049161	0.358649943	-0.045862074	0.3360595	-1.41138668	-3.589047777	-0.203138956	-0.581710177	0.87846798	-0.525587946	-1.46327285	-0.077577864	0.016479607	-0.500029099	-0.952067357	-1.147558456	0.313979195	-2.111853778	-2.40536031	-2.067158858	-0.393540479	-0.244801652	1.992845297	0.815808192	0.297168682	0.172813726	-1.143496509	-0.488243232	-2.514347029	-3.05060785	-3.365931104	0.667416161	-1.74967334	-0.732660905	-0.967293587	0.399171629	0.716929577	0.073905776	-0.586240565	-1.852153641	0.152292216	-0.480432955	-0.517353061	0.31566788	0.900764049	-0.29588566	0.05496496	-0.808005651	-1.933747869	0.548613696	-1.170269161	0.397283356	0.685954063	1.115148395	0.498008431	0.163371719	0.411866417	-1.865285361	1.320017789	0.179244475	0.336190493	1.710911295	2.129952566	0.483276316	-0.410744452	0.330625597	1.327905117	-1.075483598	0.011024593	-1.265708636	-1.130737115	-1.912288081	1.219372908	-0.386910331	-1.486790838	0.177157704	1.836792391	0.081834046	-0.717525916	-0.837708913	-0.33977004	0.215055094	-1.067324865	1.558969464	-0.792015698	0.406058811	-2.318827929	0.383203044	0.635227617	-0.226593056	0.610390842	-0.124650993	0.352140701	0.709644887	0.157688586	-0.206739415	0.081657225	0.550466415	0.59981809	-1.41715977	-0.001245682	1.467999167	1.817052862	1.916174726	1.516466367	2.112681524	0.922918498	4.002217342	-0.530412763	5.132720992	-0.398086543	-0.638280264	-0.637404756	2.190768062	3.572234625	0.305704825	0.23189532	-0.608736758	0.815133898	0.343886752
Cefaclor-A [A]	5.976961648	3.73168785	-0.344866307	4.34108591	2.05295459	0.571728543	-0.357317247	-0.596449492	-1.170077048	-2.370732134	2.687571633	-1.346241702	-2.84634584	0.060715242	2.859762949	-0.033859477	2.163208914	-1.053562318	-0.489723446	1.340432471	0.195589445	2.411906359	-0.45519856	-0.664367965	0.42500473	3.632468611	3.237846181	1.940007243	1.157664081	3.306689779	2.03470991	2.415088854	4.550728234	-2.498468206	-2.720082202	-0.057383642	0.17371365	-0.706372814	-2.355396313	0.978496224	-4.760230773	-2.77533403	-2.419785063	-3.382799647	-5.092878901	1.926010233	0.617151172	-3.265752627	1.342718854	4.717749716	2.436528137	2.650395225	2.048312271	0.240369944	2.619893844	4.390470752	0.495071227	-1.445977695	1.413084595	4.161684513	-1.447022389	-0.312531882	1.036350151	-4.804486427	-1.951074357	-2.181028523	-0.13277645	2.384811314	-1.224993754	-0.026179788	1.230119186	-0.165219079	-2.110194449	3.151401861	2.083938846	-1.664872532	0.128633019	1.129177657	-0.996509412	0.404693109	-2.517878734	-5.962273803	-1.842700902	-1.406626334	0.746831771	6.264410195	5.889372149	1.010923363	-0.496689696	-0.383669966	-1.73140078	-0.01731656	-1.794310217	-1.029275657	0.019940391	-1.427765463	-0.468165477	1.00564089	-0.945648888	-0.416837677	3.848929526	3.241010253	0.803701868	2.417902605	-1.893608243	0.544298795	-0.284128784	-0.825460621	-1.528395236	0.902098181	0.929796379	0.486273849	-9.019969893	-2.208428151	-1.514376889	-0.609040868	-0.670371541	1.039757531	-1.0786209	-0.837365348	-0.63885898	-1.120826929	1.578564806	0.167121915	4.035110265	1.121382252	-0.766587776	-1.495163029	-2.257757126	9.518979138	3.101676151	-0.834316624	-0.860511172	-0.685501087	-0.229964341	-1.085617476	1.064034207	1.430855212	0.264282616	3.877975847	3.085675391	-1.489744936	2.620238493	1.484938107	3.43493231	-1.556247164	2.972109678	1.160492202	-2.660677896	-0.578762621	-2.982479987	0.55228017	6.336866115	2.767430156	-0.160651657	-0.23903613	-3.901289512	-2.44501914	-9.049406419	1.506161207	1.237032764	5.561943905	-0.86258392	-0.539778208	-3.091107194	-0.398188194	-3.335040858	-0.213507788	1.070499767	-2.380943639	1.896695079	0.516832631	0.372576922	0.504147878	1.735179883	0.988412249	-0.733282819	-0.719446759	1.477958147	-0.037669385	-0.160942789	-0.526759052	-0.607098911	4.595674779	-0.207059165	-2.977230045	0.388737059	1.070382851	5.695036973	0.092619961	0.150280944	-0.636569028	0.315490321	-1.966330333	-0.225839016	0.764651423	-0.545937731	1.073843759	0.56602496	-0.457040911	-3.396006342	-1.490103009	0.600275037	0.925309327	0.324595679	-0.187829802	1.390310538	-0.827008841	1.503459294	-1.141921102	-1.787425064	4.436864032	-1.259464865	1.961836652	-0.156391692	1.635738984	-0.01747262	-1.042500821	-0.885192644	-0.945204143	1.452114087	-0.742517229	-0.523950649	-0.254521676	1.261242375	1.124684583	0.455737216	1.264310799	-0.857392876	-2.603818406	1.745613103	1.200120023	1.050788082	-2.632253512	-0.263152894	-0.453551089	-0.532049765	-1.16280626	1.941547305	2.116522105	3.316169606	1.376896089	0.893829904	-1.730274517	-2.968350534	6.130492185	-0.611750066	2.138162305	1.368766019	3.457173084	2.059342501	0.477083024	3.207909961	1.209684262	-0.217881286	-0.533985384	2.708070933	-1.37851384	0.288500732	-1.060315472	2.622938528	-0.118158305	-1.360771552	-0.622845499	1.776146447	5.507419909	5.600190227	-0.158766112	-0.093677723	1.212611476	1.420208289	3.227878597	-2.298216413	-3.18781135	-0.445133262	-0.704303581	0.839719058	3.946392588	-0.271818542	-0.712251063	0.000437408	1.192557444	-0.967943378	0.935774034	1.33811174	-2.123576372	-0.756383818	5.096913352	2.529716215	0.261722884	-0.978460783	-1.35185003	1.091344059	-0.421761534	5.027097791	-0.74055645	-0.149885552	-1.577962052	-0.887315787	-0.429779106
Cefoxitin-A [A]	0.057414801	-1.191730095	-0.677741913	-1.708386479	0.705445934	0.783728571	-0.6209151	0.834560594	-0.609294912	1.090236618	-0.510185712	-1.071933809	-0.18826072	-2.810913326	0.599996553	-1.080569275	-0.113830853	0.675220002	-3.007673558	-1.519984602	-0.563272944	0.225693563	0.426712085	-0.051038836	0.967703511	1.088495122	-2.370373204	0.652171882	0.858787105	-0.168263937	1.658907624	5.119649361	-2.020624854	0.800887394	0.051429753	0.036735808	-0.996197107	0.074310798	-1.219462936	-0.165218157	-1.159749027	-0.772342803	0.232884441	-0.141054816	-0.087230905	-1.115879662	0.703835428	-0.939391371	0.301917687	-0.08611128	-0.731082164	-2.485651187	0.961606569	-0.055119615	-0.28018278	0.146922685	0.023624859	1.938744676	-0.009058592	0.421213589	-0.430193976	-1.231273365	0.32758551	-4.116262593	-2.365778461	0.413804593	0.252675453	-0.329690267	-0.191077487	-1.315966058	-0.635836062	0.026376038	0.544932355	-0.172502142	-2.542155819	-1.031913637	-0.114061316	0.225950242	-0.730181186	-0.982843329	1.029522325	6.268082783	-0.584264062	-0.040212439	-1.206690339	0.243784545	0.613704739	0.663124523	0.107007927	0.307814239	-1.325913785	0.608714092	0.346465141	-2.017230165	-1.631793388	-0.466788506	-0.317120972	-1.262186885	0.589514555	0.045458443	-1.415577383	-1.231542333	0.738923479	0.000234881	-0.947204513	0.167316561	1.080521073	0.194571842	0.758300413	0.426817313	0.439328983	1.192874223	-0.743994113	-0.852351252	0.673215718	-0.953306038	-0.222187262	-2.064890442	0.657113814	-0.330913163	-0.672896981	-2.000163875	-0.393090772	-0.229660067	-0.364888652	-2.004361121	0.668002598	-3.603881575	2.189320179	-0.590070736	-2.318951897	0.871190482	-0.022005412	-0.553920219	-0.517553149	-0.551806343	-1.178707482	-0.104856823	-2.165476485	-0.328796602	-3.883902059	-3.649714784	-2.903347175	-0.201018424	0.322302842	-0.409705868	-0.83366076	-0.068576833	-0.475806143	-0.013987514	0.187045789	0.663421028	0.519991143	-0.590290156	-0.950438175	-6.09e-05	-2.054224727	-0.605933607	-0.798782545	0.321297234	-0.877242626	0.013358228	-0.151701677	-1.838864811	-1.604251728	-0.005831006	-0.377534246	1.252532857	0.258171413	1.769890288	-0.783257441	-0.220986403	0.510000449	-0.227002033	1.09668603	-0.270530282	-1.3206646	0.885343406	-4.830277401	-0.417736341	1.033870392	0.769359274	1.644563485	-1.333417084	0.101920825	-0.79579137	0.998709717	0.641348263	-0.056145407	0.451202138	1.463017485	-0.364502767	0.20977947	0.05653454	0.538559615	0.663664267	0.905338033	0.320741609	1.8489941	1.910822167	0.82446047	1.020512275	0.182326066	0.883402809	0.276709331	0.688457208	0.235960512	-0.620480438	0.965529752	0.918955696	0.30596843	-0.521037467	0.107306468	0.006000757	1.763239423	0.359729482	0.583759356	2.064618867	0.558223023	0.657972752	1.025277335	0.97959183	-1.104036755	0.619845128	0.35725007	-1.370647987	1.019720839	-0.141143263	-0.236919134	0.504962228	0.527652009	-0.899701539	-0.693622188	-0.78962438	-0.068407907	-0.193308866	-0.167080918	0.149543654	-0.281908149	0.348589752	0.742489382	3.176457922	2.915824659	1.493762479	1.9989482	0.988487167	0.345904655	-2.44902433	0.917201754	5.813644284	3.022742982	-2.153510213	1.348584874	0.098005725	0.274085906	-0.521371721	1.204447535	-0.14045854	-0.463374422	0.077987881	-1.517906816	-0.253376789	0.510858023	-1.229903279	-1.656951798	-1.829581454	-0.933132924	0.71473893	-0.808281953	0.099146639	-0.348358416	-2.772454584	-1.775977796	-0.707236479	1.026852153	-0.030336315	-0.137409468	-0.382827187	1.121200962	-0.212689546	0.024882929	0.69294532	-0.641858765	-0.746537915	0.801005857	0.180707337	0.090793137	2.332022748	-0.446865056	-2.427780829	1.233439385	0.225739893	0.209131187	0.18353657	-1.363771532	0.393561221	0.00077871	0.558588535	0.421013471	-0.468284324
Cefoxitin-B [B]	3.801685402	2.127815046	1.129276871	1.725979582	1.222499729	0.587412345	0.114216364	0.993194935	0.256676233	0.72794364	-1.324737012	-1.213963529	0.445545084	-1.64861612	0.957957026	-0.145127239	0.473881153	0.164666077	-1.815451697	0.088739498	-0.984812227	0.924118425	1.346640465	-0.267891356	0.352304909	2.27920914	-2.307057923	-0.13465047	0.759449642	-0.11916904	-0.39187832	-1.215480256	-1.279212676	-0.361631248	-1.777317258	-3.075774122	-0.905985644	-0.317409439	-1.572253043	-0.529448856	-3.035458712	0.854585862	-0.643545508	-2.775943356	-3.152835511	-1.779390278	3.084510874	-0.130692797	1.4161172	-0.326353572	0.092296807	1.677030402	1.239314181	1.133306036	-0.32672251	1.247939842	0.029396369	2.317674729	0.943122221	0.132470786	-0.305903853	-2.107655499	-1.541155564	-8.311187033	-5.390505102	-2.801823033	-1.140439477	1.510573172	-0.081424952	-0.387717943	-0.30550872	0.329525884	0.735476727	1.170541933	0.548752255	0.197035304	-1.448055646	-0.182386445	0.054463397	-1.231547495	-0.847722613	5.508352671	-0.810338465	0.720861874	0.584915626	-0.578907994	0.756592073	1.273751602	-1.390754294	0.33911942	-1.601001228	-0.139271674	-1.098280323	-1.719667967	-0.922295035	-1.402032073	0.611187315	-1.959641296	0.566711766	0.536077507	-2.061735506	-0.976300093	0.691936897	1.122405235	1.414233267	1.774443965	1.371403178	1.006185075	1.184170717	0.719751715	1.972049107	1.710803499	-2.252957873	-0.515555335	0.111970575	-1.294593023	-0.189442461	-2.544632371	0.258488198	-0.005287389	-0.642094041	-2.845546901	0.041754492	0.574802153	0.29161177	-0.501776448	0.13911477	-3.778807605	0.671520676	1.224607868	-0.080084611	0.394765945	0.156760232	-0.475477788	0.236789497	0.012274118	-0.091961182	-0.6481179	-1.157566136	-1.35553011	-3.872192458	-5.061140674	-4.186018959	-0.414090183	0.204985128	-0.575489469	-0.057162445	0.490297322	-1.601455646	0.214854052	-1.442370308	1.186927097	1.166228312	0.627518109	-1.824500077	-0.229257246	-2.107105674	-3.769102646	-1.520053771	1.438723312	-0.75006609	1.456293205	-0.659968018	-1.221519103	-0.692730581	2.007043155	-1.420817369	0.28358815	0.850945792	1.708676282	-0.849757446	-1.210529879	0.476423642	-0.476439469	1.964782625	-0.514028672	-0.163621615	-1.412377981	-4.052086892	-0.426384085	-0.592223908	1.141229117	1.966533619	-0.147365147	0.427548051	-0.047265116	2.311904331	0.962758702	1.801228303	0.396792342	2.062511637	0.200259174	1.901021437	0.519145907	-0.31312449	0.096820008	1.029488452	0.670551563	2.107861638	1.654331732	1.438956974	2.229931672	-0.59344785	1.727169382	1.116364911	1.730422165	0.097886161	0.360308265	1.055605366	-1.877074333	-2.132215612	0.665402666	0.725717576	1.891700475	2.0048134	1.286931417	2.191476149	1.514447017	0.87972185	0.36490219	0.926556914	1.289358911	-0.428739104	1.609580318	1.899612736	0.530703201	1.805453118	0.652221437	-1.370838705	-1.049566688	0.052075508	-0.679866592	-0.668237741	-0.309006901	-0.469309835	-0.140180902	0.402667977	-1.00927005	0.112081489	1.625241686	2.082595276	2.032379354	2.594486152	1.748973062	3.625003555	2.565136722	0.734879628	-0.162106888	0.827172128	5.077268251	3.25419362	-0.974312304	0.478366505	-0.352654732	0.263622818	-0.074931172	0.237185497	1.047949603	0.165931926	-0.578231293	-1.397578293	0.25707098	0.6203808	-0.68472012	-1.345178239	-1.904261161	-1.36315813	0.086637556	-0.396145721	0.348574485	0.160657562	-1.213618063	-2.313048493	-2.13262851	0.323512062	0.405481973	0.577081955	0.146817309	1.277495977	-0.225219424	0.674284052	1.105817438	1.505671768	1.008920882	0.665919114	1.831773338	-0.445559791	3.162232576	0.906315733	-1.578116075	-0.351803985	0.907550717	1.30018785	0.453940631	2.749811222	0.277916101	-0.180889619	-0.03109805	0.585977833	0.554899161
Cerulenin-A [A]	0.208130143	-0.395619096	-0.716831947	0.544218699	-1.847044644	-0.034172537	0.618945342	-0.681808517	0.607478057	1.381461272	-0.194644243	-0.560982592	0.876821575	1.199921695	1.759106044	-0.370130136	0.425733923	0.221388736	1.170787113	1.115502854	-3.821496079	-3.036804417	-1.419689811	0.030256896	0.347168278	1.167816804	1.827839433	0.787332088	-0.984591787	1.535587559	3.00326118	2.354071895	1.641980248	0.137881511	0.964855973	2.411805273	-0.170604997	1.020685433	-0.270323096	-1.037122215	-0.754796521	1.09555176	0.687975968	-0.994290331	-0.66376877	-0.454783043	-0.786522831	0.526739397	0.760941347	0.973500589	-0.109693072	-2.867331905	-5.10297716	-4.650807753	0.252877594	1.255645144	1.490767405	-0.236446509	0.156895924	0.763666297	0.410145747	-2.369936441	2.46155383	1.918646189	1.606583911	-1.421595577	-0.712541156	0.906353365	-0.108277186	1.206876713	0.34274536	0.145806201	-0.180188964	-0.154088133	1.482899237	-0.290839064	0.57254877	0.9247894	-0.554116612	-0.880938359	-0.197963083	-1.397002346	-0.555094633	-0.770398553	-1.113666688	1.756773827	1.563737438	0.154941819	-1.636186666	-1.584269211	-1.387702863	0.191500545	-1.833482046	-1.226128765	-1.056247481	-1.120950136	1.369304048	-1.185036687	0.770336864	1.793923378	-1.912904484	-0.712700122	-0.599223964	-0.000407588	1.364158383	-0.678132831	-0.463821183	1.800520786	-2.212963994	-1.459998876	-0.89947533	-0.672590785	0.486203619	-1.199857784	-0.28196763	0.33942268	-0.507958455	-1.302641508	-1.431942174	-1.287545673	-1.364786911	2.681716639	-0.046166124	1.856206318	1.937430554	0.399934642	0.038696669	2.097838858	1.304592373	0.890453251	2.26974269	-0.76662895	0.167044111	0.950514682	0.428737268	-0.36462846	0.267446923	-0.643724001	2.839120457	0.690793036	1.547528642	3.69330579	2.193436606	1.082627837	3.814161592	-0.528260405	-0.871892628	0.012987362	-0.702211108	-0.754884371	-0.959417269	1.000906868	2.144225814	-1.553286742	1.190267001	-0.436658162	1.183080461	1.235569173	0.964040399	-1.118831801	-0.843528759	2.442396956	-1.290698194	-1.782331212	0.299646719	-6.084014227	-0.102255059	-0.159225181	-0.716530248	-1.699589064	-1.632062955	-3.365375347	-0.450008329	-0.63373133	-0.095382614	0.248901379	-0.906000886	-1.732906427	0.882550113	-0.983459467	-0.030970781	-1.077660217	0.98782313	1.206327756	0.945130992	-0.335273293	1.807347868	0.367894355	1.989723862	-1.624237423	2.132452853	1.794787307	0.720512777	0.785865935	1.441471395	-0.300179633	1.337504006	-0.191340268	-1.443799774	1.340489293	-1.013630631	0.785211222	0.108913298	-1.613538937	0.231108442	0.777587157	0.811893893	-0.367409707	-0.792100523	-0.145941413	-0.240465568	1.297683959	0.246386526	1.468536546	-1.45217878	0.943417817	-0.341121686	-0.471734863	0.007481772	-1.574408813	0.406769424	0.470099499	0.218368302	-0.621931739	0.169501594	-0.389350774	-0.56742051	1.314383706	0.178182324	-0.950473473	-0.216989331	1.512786535	0.592166338	-0.503045976	-1.163327691	0.556078711	3.53565136	-0.628661404	0.280291215	-0.45922782	-0.157406778	-0.027637044	1.045816333	-1.530002893	-0.983730607	2.652257277	0.810264528	1.233568903	0.980737462	0.580528111	1.806588838	-1.138856187	-0.191670701	0.328317834	0.574166509	-1.183297287	-0.927962602	0.98649066	0.234821963	-0.427249841	1.936243204	-0.101455342	0.017460176	1.818546479	1.250577539	4.057218028	1.867664311	2.106347072	1.301555086	0.655604364	-0.615566075	-0.407585175	1.267365246	-0.311913886	0.131988826	0.551042585	1.474319303	-0.768073811	-1.662744105	0.719477559	0.516092384	1.884836977	1.834624824	2.368489469	2.933577294	2.630025599	-0.477707667	-0.03614669	-0.214258395	1.442108949	-0.450971321	2.021075467	2.67775995	0.306625885	2.094199946	0.505386867	-0.323171507	1.444400804	-0.20583282	1.728708316
Cerulenin-B [B]	-0.087126823	-0.64822009	0.005186108	0.737783964	-2.418921413	0.210205602	-0.59561125	-0.773548318	-1.293573362	-0.295460491	1.187371271	1.627069751	-0.463265765	0.32308094	0.048717323	-0.492472208	-1.033277789	0.127838128	1.852312302	2.198112675	-4.049998709	-3.712489967	-1.676223254	-0.000622097	2.356457425	-1.480795852	1.043146985	0.481216868	1.60701182	0.576059818	-0.01086243	-0.055381654	1.08584134	0.428877171	0.513597828	0.937800832	0.078390975	1.283132891	0.621636558	1.219618623	0.958241968	-1.190212225	1.563040292	1.164553156	1.603342848	2.239772892	0.294356388	-0.789130043	-1.282915998	-1.415908576	-0.600883872	-4.93809231	-9.001537303	-6.80472683	1.277142446	-0.488754328	-0.171010487	0.086174887	-0.572087509	-1.220429101	0.43517418	-0.101400105	0.879360206	1.021200215	0.815462647	1.080090848	-0.467231335	-0.466811991	0.535401901	0.831284676	-0.805113879	-1.070525462	0.914636828	-1.748113865	0.456229382	-0.122712443	0.94336477	-3.172905982	-0.243981666	-1.207577573	0.462182022	-1.582905584	0.385733814	-0.144978934	-0.251330616	0.868460891	-0.328682299	-0.522008494	-0.113604495	0.114384184	0.384540445	-0.054857009	-0.74521613	0.401678043	0.378351092	0.541478632	-0.09558477	-1.525228985	0.375294351	-0.856096962	-2.040256973	-0.825431037	-0.536516491	0.460879712	-0.644383954	1.021346468	0.085243223	1.51231792	1.314456627	0.170424286	0.425025637	-1.48961352	1.563369117	-0.900618155	-0.849426281	0.683864231	-0.790166656	-0.836697507	-1.672867509	-0.789615645	-1.472534993	-0.059663177	-0.230843898	0.098396365	0.07916427	0.188236957	-0.048828964	0.389634897	-1.963241221	-0.191232806	1.748787663	1.435976763	1.34459319	0.691730577	1.128007849	1.353539081	1.593328687	0.844172666	1.525677299	-0.606633868	-0.431695239	2.232446922	2.627632251	0.981109163	0.55430746	0.838801628	-0.925319872	-0.345069475	-0.430170754	-0.076176668	-1.19342673	1.882324565	0.149312663	-5.908805167	1.526229639	1.261647036	0.840486074	2.383823958	1.230838331	-1.300421232	-1.507609622	2.695617279	0.271469184	-0.465501712	0.181845653	-9.200717068	1.334228255	0.386602433	0.260501405	-0.739227162	-0.621670709	-4.809468027	-0.954172834	-0.137648907	-0.552906287	0.396574505	-1.362958144	0.270925014	-0.692940156	-1.325875688	-0.265203373	-0.489708004	0.213257727	-0.27892527	1.312516334	0.603877589	0.105686324	1.302018855	-0.388076286	0.888826835	0.574047481	-0.821429882	0.607877953	1.151303186	1.196489706	0.078272445	2.006873964	0.005862465	-0.20270738	-0.195704548	0.746328819	-0.495233456	-0.020347737	-1.519066376	-0.087138501	-0.403288555	0.158161869	0.067220002	-1.113129557	-1.509898883	-1.874906217	0.24010115	-0.565711687	-0.524692451	-0.174062922	-0.272236135	0.024406816	0.022615932	0.665183663	-1.046015857	-0.948120357	0.015730719	0.369020572	-1.032902991	-0.462785815	-0.38863749	0.39974759	0.423352551	0.738642212	1.432649686	0.323701971	2.001200066	1.85403553	-1.265454224	-0.411654981	0.435417952	0.648096482	0.812268884	0.822234892	-0.666955514	-1.491570189	-0.677120146	-0.862837946	-0.062602662	0.224014378	1.191878743	-0.243494771	0.124277952	1.826551669	-0.614921376	1.279117053	-0.556802556	0.050432082	-0.739204654	0.1881552	0.452246117	0.315541675	0.88527296	-1.02859746	-0.999106061	-1.163044552	-0.321022565	1.078635554	2.557681538	0.107440762	-0.292805338	0.437566126	0.684334479	0.351383629	-0.316241128	-0.423875291	-0.41194088	0.832628796	1.189427172	3.803944692	0.046380334	0.553837322	-0.971532448	-0.535984348	-0.222675487	-0.0131812	1.526512611	2.921018079	2.625468307	-0.144075109	2.424412124	-0.055400727	1.179696257	2.6554603	1.24568479	-0.156378119	0.059209842	0.192438713	0.494112698	-1.203063121	-0.307080619	0.022903661	1.395695319	1.339789114	0.017715758
Cerulenin-C [C]	0.833543688	-0.371799908	-0.781848096	1.21458585	-2.12445872	-0.272225575	-0.339580137	-0.927469848	-1.599062994	-0.678885857	0.927548521	1.658855334	-0.635980913	0.841243346	-0.578376659	-3.313711687	-0.932328718	-2.1025817	2.091584207	1.961532727	-4.752630926	-5.044795	-4.575588461	-1.010916422	-0.094270075	-6.5843724	1.327351174	2.205801675	-1.158823654	0.143869748	-1.700383902	-1.230201701	1.46157478	1.224698943	0.243442974	1.456228015	1.41623942	2.471210375	1.385972081	0.556084131	0.957625695	-2.566475106	2.27162698	2.371842373	2.224232048	3.358915616	3.261974284	-1.610126255	-1.928928081	-1.798289632	-0.033254499	-4.366443025	-7.447363314	-7.396701045	1.70255996	-1.46019327	0.682769394	-0.454375182	0.08110842	-1.963292961	0.045139473	-1.823728259	-0.295842684	-6.562855011	-2.812248078	1.557695873	0.013296038	-2.394125418	2.399318914	1.331146295	-1.601438336	-1.184431078	0.226034094	-3.242380855	2.35508456	-1.556322735	-0.502203927	-4.550815643	-0.548372539	-1.688025045	-0.322889538	-1.990668058	-1.60682145	-0.556857651	0.171742709	-0.426679063	0.1825161	-2.36966202	1.25941216	-0.743833931	0.362599388	-0.954978909	1.154702179	2.247641199	1.054148439	0.761175382	-0.090676307	-2.376624656	-1.382109262	-1.279216097	0.85744845	-0.476537259	-0.243553431	3.970641984	0.848323085	2.152476189	-1.112252881	3.271727766	2.312955582	-1.394310286	4.594135872	-1.260326287	0.724592979	-1.115353515	-3.164000255	5.720035854	0.02608926	0.207270471	-1.495166992	0.659973287	-1.833953165	1.290757183	-2.709685111	1.410864003	2.040919684	-0.072994821	-0.489934616	-3.449340702	-0.223016388	2.406294839	5.211925452	0.555540979	0.562285361	0.097913659	0.626476961	2.20388407	1.218322376	-0.187284163	3.662289707	1.306304722	1.692507332	1.133038204	2.459818447	0.039862976	-0.739169203	0.044839833	-0.0966691	-0.761446954	-0.202345164	-0.644045648	0.94840021	4.212331013	-1.371309255	-4.90153193	0.769845108	0.81024344	1.69720907	1.803075095	0.803645175	-1.249148604	-1.656544854	2.530398724	-2.132935229	-0.528972283	-0.607110145	-6.73447446	0.797137887	-1.38686999	-1.327444174	-2.016163368	-0.607841216	-5.209154584	-1.10418416	-1.140754609	-0.33579097	-0.022549065	-0.528301045	-0.918903415	1.404463237	-3.935242901	-0.927242103	0.024735483	0.515011347	1.650351456	1.159262116	3.359968524	-0.111269685	2.466143106	2.348647638	-1.752910357	-1.336031566	-3.025254773	-0.80246748	-1.333588929	1.562489477	-0.320524972	1.574542328	0.175158495	-1.067424995	-1.908515537	-1.607659718	0.11106528	0.017382767	-2.052583225	1.052463222	-1.905185236	-0.133033652	0.043846685	-2.560393388	-4.373469158	-2.982955134	0.723732642	-2.021673331	0.680689578	0.545878963	-0.356782338	-0.106045391	-0.446399642	-0.362153131	-2.942439497	-1.786668779	-0.395355774	-1.571335815	-1.649751588	1.293258366	0.213228282	-0.298142009	-0.37798681	0.203898506	2.373573306	0.028595193	1.048852222	2.407552505	-3.169871997	-0.910203555	-1.001374948	0.150701228	0.714840282	1.540816505	0.278023507	-1.325559738	1.996602443	0.360604378	0.326886764	0.183074493	3.225777121	0.804070506	3.671055694	2.003073821	0.001845004	1.594783272	2.848074675	-0.126147709	-0.362202652	-1.475539522	0.446055894	0.532482802	1.682467115	-1.187599653	-0.792391991	-2.995052843	0.106930965	1.113144494	3.703584056	-0.59759349	-0.399867831	0.416929068	0.133800678	0.191562962	0.271925108	-1.106925892	1.252541252	0.054696627	-2.955223583	1.732572472	-0.645710712	0.075338532	-1.982486861	1.125924867	0.316841226	-0.991156086	1.764826249	5.049294069	4.717112182	1.153656842	4.084528527	-2.579521789	3.39990198	2.0985006	-1.832091652	-1.729170684	-0.654808278	0.180189085	0.440160648	0.245747887	-0.922252711	-0.079054867	1.432596131	1.671559384	-0.672831538
Chlorhexidine-A [A]	-1.025294209	1.822043452	0.662817503	0.25472206	-0.480743634	0.153141536	1.180773551	0.355923517	0.846114586	0.95012832	-0.093411657	0.069515773	0.964222052	0.422137114	0.017435369	-0.358417158	0.522315533	0.745261316	0.44263969	-0.233261747	1.351064973	0.769655426	0.503171028	0.642679067	0.962693613	-0.249196037	-0.140998065	-0.168436036	0.499813981	0.229789084	-1.385898669	-1.371331577	0.241092714	1.45601823	0.940650566	2.386658093	-0.821170144	0.566884901	0.186814662	0.796501447	0.084848688	0.470613405	-0.00449886	1.114911007	1.128906324	-0.374155823	0.107897519	0.479808239	0.02179791	0.136886907	0.466219928	1.685084405	0.640768692	0.286045943	0.815053323	-0.068644149	0.234863557	0.319901626	-0.073132587	0.512949528	0.738522335	-0.274647207	-2.979184324	2.01975294	1.929218473	1.041146364	2.154010583	-0.392488002	-0.22006369	-0.282323504	0.131062864	0.55551811	-0.304951359	1.484326604	-2.22618382	1.873515051	-1.077860155	1.28288865	0.627221396	0.511699788	1.181716028	4.453989442	0.45242633	0.03120279	-1.047186071	0.13459452	-0.356768032	0.03240481	0.726761218	1.32879353	1.219104048	0.80785574	-0.03269368	0.698813181	0.480774131	1.164613715	0.932459593	0.483651562	1.164376262	0.83100662	-2.320471676	0.995959488	0.145525776	-2.281671311	-0.537946627	-0.781175394	0.362893409	-1.240514965	-1.178751354	0.242243176	-0.686976092	-0.38919552	1.097996083	-0.65777804	0.896007227	0.234420751	-0.066961762	1.276958905	1.226095255	0.960871229	0.988726806	-0.007751496	0.281631621	0.037529678	-0.865079792	-0.376918484	-0.176830529	3.613006067	-2.663652106	0.886237262	-1.254930718	-0.028851602	0.801159893	0.563367577	-0.151229025	0.344968043	0.444485006	0.195715443	0.616777695	1.347061649	2.319353067	2.18560946	1.608358329	0.986902464	-0.15375918	0.618888406	0.476075985	0.774313877	0.422824099	1.44468517	1.729447192	-0.193638114	-0.946312927	1.506699752	1.013436972	0.157163713	0.727644468	-0.141233715	0.639526128	0.537074682	0.037730365	-0.076179247	-0.014099894	0.581878171	0.777980112	-0.026817208	2.088707479	-0.336214322	0.297405089	0.400709118	0.676108587	0.765010315	1.313705398	1.449130591	1.227517497	-0.871084184	0.867329165	-0.415373181	-0.235927479	-0.749118434	-0.0491908	0.488829439	-0.79014377	1.679722739	0.330389584	-0.02360479	0.351849262	0.040166164	-0.916181464	0.483431641	-0.084888809	0.73479891	0.478544447	-0.788925869	-0.832194739	-1.290425324	-1.225855066	0.308205274	-0.900881787	-1.223593699	0.723221888	-1.200574895	-0.294956673	0.308368279	-1.799066929	-0.061311472	1.013125486	1.469225398	0.334342069	-0.416068398	0.066553644	0.525156913	0.038457064	-0.684622845	-1.968030575	0.233259974	-0.578362559	-0.630034206	-0.031564655	1.443320509	0.701291174	1.524499849	0.736134751	0.13131071	-0.073306839	0.260193772	-1.109756874	-0.162124932	-2.80920376	0.259028612	0.865265141	0.752045808	-0.190889505	0.698810579	-0.625462274	0.738807381	0.910307838	0.256945675	-1.01463866	0.498711718	0.771751666	-0.502895182	-0.205681893	1.013889465	1.267263771	0.60551469	-0.550251384	-0.767032972	-1.292066943	-2.896488472	-1.299116192	-1.472676915	-0.65889265	0.269205522	0.602428206	0.171466076	0.028768409	-0.283239233	0.502209058	0.829661195	-0.568563055	-0.440901021	-1.076386835	-0.662289393	0.291765895	0.028162149	0.190616232	0.70619125	1.174511822	0.153646201	0.553721691	-0.29937461	0.699253022	0.030812332	-1.278179548	0.237529578	0.638429703	0.220644343	0.442736224	1.018531935	0.20781595	-1.704568605	-1.293819852	-1.53124168	-0.344507635	-1.136725137	1.066818052	-1.042974932	0.668581765	0.87960837	0.156413045	0.386121306	1.375363185	0.017752036	1.564190671	0.477049122	0.796406366	0.807235317	-0.369082256	0.335190676
Ciprofloxacin-A [A]	2.031901002	-3.039542513	0.676629941	-3.639009791	0.293217513	-0.204659262	0.654392059	-0.223492215	-1.01281435	0.122587314	0.910822509	-0.461143643	0.296363426	-0.001080092	1.773829646	-0.078291124	-0.084517258	1.213688065	-2.119718495	-3.042149235	-0.063384791	-0.620733356	0.023374291	0.347248281	0.70490053	1.254620236	0.419694778	-0.245488863	0.670137106	0.09175968	0.781121557	2.477499422	0.365842277	-0.790357321	1.582926489	2.201619479	1.26664208	-1.883298898	-0.564897762	0.505756946	-0.183482188	-0.888406542	-0.456284223	0.594672385	1.249666264	-2.945831691	-1.844582555	-2.178649924	-0.465607419	0.704723464	-0.790142182	-2.209065042	-1.006074395	0.272891602	-1.283429224	-0.585243167	-0.035466622	-0.251880134	-1.107683057	-0.017633222	0.598129404	-0.121180835	0.831805542	2.914305706	1.811296681	2.319612097	2.787024935	-0.343389172	1.16767038	0.997105421	-0.006499543	0.541532971	0.21494321	-2.09173625	0.670754651	-1.061026528	0.966456414	-0.425981167	0.12547934	0.599542357	0.464008022	-1.932780825	0.122628554	0.133388056	0.537524145	-0.264269405	-0.034420031	-0.398344295	-0.823002109	-0.770908499	-0.928859994	0.495267197	-0.611957821	-1.775485336	-1.614061674	-0.960025098	0.261776991	0.873232671	0.559852366	-0.342545509	0.568890025	-0.587709727	-0.58661189	-0.228840321	-1.060438827	-1.213572715	0.324030902	-0.103105295	-1.441961302	-0.30626022	-1.596820272	-0.021800968	-0.007025501	0.168030124	-0.363152942	-1.046226641	0.627414668	-2.842061448	0.034996334	-0.91478168	-0.49299891	0.06452784	0.605889704	-0.808991067	0.886898253	0.468056506	0.627987922	-1.950878067	2.643852672	2.50569211	-1.358115643	-0.444265204	-0.597220537	-0.161866225	0.188724508	-1.267234367	-0.999509459	-0.905304435	0.861504975	0.627660182	1.672862729	0.906283809	0.828192203	1.055423465	0.512153166	0.550966497	0.007640798	0.142392504	1.855622685	0.195648726	-0.035660974	0.542349591	-0.614230673	-1.266568903	-0.040818571	-0.178714864	0.190213593	2.617869702	0.188817459	-0.382391656	0.453004531	-1.722471453	-0.29007885	-0.645828398	-0.49214178	-0.176850751	-0.85013999	0.172786844	0.012517298	-0.143635299	-0.532193866	-0.053041568	0.363628619	-1.302829961	0.159694413	0.149364363	-0.007521579	0.08814652	-0.770711874	-0.849281458	-0.356348966	-0.644042145	1.89254103	-0.689243258	0.188454561	-0.555945281	0.587453509	-0.256095529	-0.834722787	-0.085244135	0.105899797	-0.295417539	-0.745756664	0.028245278	-0.364229097	1.433669888	-1.021273783	0.387454167	-0.229913332	1.757526256	0.46341915	-0.970105289	-1.8400993	-1.151771181	0.003807135	-1.280736029	1.037216019	0.407706529	2.940656791	2.98091694	2.739636279	-1.826542943	-0.302449281	-0.611257856	0.356201265	-1.058134106	-0.206033144	0.024753436	0.22575662	0.51992641	1.182318792	0.588114643	-0.018035474	-0.933602107	0.146280324	-2.029986832	0.10920623	0.41162594	1.267019137	0.267220587	-0.421300236	-0.841241633	-0.107487695	1.165859077	0.077916244	0.742016557	-0.115086615	-0.281868398	-0.861569822	-0.510173434	-0.299807804	-0.659145513	-1.700882133	0.89924694	-0.59161537	2.295172674	-0.555819857	-1.506271787	-1.582531603	2.249256642	-0.156173555	-0.301348447	0.335264762	0.045686419	-0.470846	-0.07730953	-0.938810137	-0.693745795	0.777268482	-0.113079328	-0.010025209	0.228943613	-0.588803724	-2.266083272	0.583995164	0.274643326	-0.588168952	0.000552234	0.060669686	-0.138113127	0.124784142	0.376242078	2.404429883	2.537218558	-0.431561759	-0.113194496	0.151463873	0.207457731	-0.254243612	1.002173511	0.055360249	-1.232971627	-0.499378628	-1.49181354	-0.975160537	-0.322600378	0.277714055	-1.013907301	-1.266766791	-3.16266449	0.620776669	0.16045212	0.029281548	0.262687268	-3.945341131	0.016925297	0.083518828	0.265337148	-0.179952252	0.199235348
Ciprofloxacin-B [B]	2.928277675	-0.295185719	0.801098676	0.545165966	0.134564595	0.970695617	0.620703189	0.288689954	1.918323644	0.565254971	0.769745321	0.76412722	-0.766096877	-3.778855775	0.46672326	1.32142192	0.194169763	1.616461742	-2.079875264	-3.653592806	-2.02169956	0.036711929	0.842783313	0.012299817	0.034896535	1.740187898	-3.346156159	0.481103428	0.673870502	-0.649955436	-2.50988246	-1.713738816	-1.051218841	-4.501259837	-1.225301753	-1.879579195	0.093820761	-4.307723934	-3.34517123	0.342537667	0.420028343	1.709949673	-3.112754502	-3.659379825	-2.056294692	-2.548462799	-0.624726485	-0.06662068	0.820951931	1.95294609	0.648214269	0.068843012	-0.246644125	0.328463965	0.451944322	0.159233352	0.456395973	-0.19925681	0.173632884	0.3922111	-0.069664742	-0.152695701	-3.903289471	-5.428131315	-6.815965886	0.810231913	2.247913364	1.083854191	1.12072863	0.618776728	0.159583827	0.235851151	0.735130475	-1.79645376	1.259304338	0.278291568	0.369803055	-0.423671831	1.1769079	0.753217588	0.288160901	0.619484279	0.069321482	0.242106106	0.649103889	-1.580740453	0.239202226	-0.133140412	-0.717804294	-1.019327751	-0.882854837	0.08075671	1.046205219	-0.335466717	-0.307690051	-1.795091809	-0.236691844	0.255001329	-0.751674334	0.775046548	0.594660085	-0.24539115	0.36346653	0.721680187	0.94996999	0.009702491	1.017716067	0.358897386	-1.003748095	0.582778704	-0.537047115	-0.518629216	-4.098659509	1.377538058	1.441550109	-2.315934782	0.176419097	-1.238305775	-0.439139348	-0.171480006	-0.311456519	-0.485993867	0.58740893	0.745967051	-1.061429923	0.665739788	0.293070344	-3.318313031	-0.353698291	1.810544116	-2.323184919	-0.696391513	-1.679072264	-1.499813803	-1.047822275	-2.194713711	-1.771028781	-1.054202372	-0.825844956	-2.594017867	-1.836180379	-2.160228829	-0.725450338	-0.151537396	-1.541306938	-0.824157643	0.046945579	-0.636443442	0.361780721	-1.065838751	-4.959579918	0.611828823	-0.407584235	0.791876126	1.334952381	0.588729536	-0.237594622	-3.799139595	-4.385800487	0.324314922	1.515015038	-2.241245237	-0.148313261	-1.062313959	-0.36150964	1.089694103	-3.65407064	0.539010279	0.18477228	0.631793286	0.338548961	-3.308273526	0.930553127	0.361117425	0.117325396	0.395683362	1.535960083	0.107379648	-0.327105663	-0.267167669	-0.42318137	0.013974565	0.547401147	-1.323222157	-1.292878261	-0.820737112	0.965229082	0.132010783	-0.435440016	-0.061671691	1.479952021	0.297413644	1.060317338	1.375834983	-0.235338044	0.887054789	0.312962236	0.80832943	0.939386832	1.170974661	1.214585416	1.008914044	-1.027483808	-0.056995579	0.869820366	1.046217999	-0.653533804	-0.124343124	2.102575831	2.832843967	3.387927108	0.601306128	0.516028844	0.98409569	1.534803746	0.349710257	1.028086758	1.377524434	0.646225823	1.370686585	1.494859102	0.087693964	0.335437005	0.975912629	0.593261079	0.138910157	1.007537212	0.665952708	1.60945023	-1.022953727	1.174651599	-1.232237899	-1.065280153	0.988803119	0.660258662	1.131397176	0.189652179	-0.089693694	-0.776951391	0.254126329	0.334536319	-1.166687345	-1.22379352	-0.148356426	1.496656033	-0.196541979	0.398203237	-2.877605516	-2.660003329	2.109367941	-0.382561935	-1.439127212	0.498942379	0.29706886	0.309488637	0.371480943	0.030336424	0.174164823	0.220385123	0.087589951	1.00006599	0.494690351	0.677356238	-1.067542064	0.48453444	-0.734868755	-2.454299358	0.438497233	0.044941287	-0.505879365	0.329755312	1.917089827	0.044760327	-1.33478829	0.193742524	0.346523451	0.361573464	0.429647096	-0.154388406	-0.644742452	0.216311684	0.030597804	0.8849403	0.442507541	-0.262750827	0.285601544	-0.574605076	-0.181806613	-0.138361311	-1.937591837	0.268357222	0.440081841	0.091124384	-0.343774939	-1.2883494	0.143512691	-0.024033792	-0.333326842	0.581063326	0.284262622
Ciprofloxacin-C [C]	2.603794006	-0.254993471	0.777029912	0.889038076	-1.053155575	1.470126133	-0.700103798	0.300616014	4.639707772	-0.286594743	1.886228103	2.58840662	0.243326948	-6.161053769	-1.800231809	2.521086928	0.414157059	-0.009843831	-4.251804984	-4.673141428	-4.281441408	-0.304560375	-0.31262776	-1.145688538	-1.650151321	-1.179420162	-7.185474435	-1.008243023	-1.871323135	-4.31398616	-3.864138643	-4.526397004	-3.054910137	-5.43030191	-4.33313418	-6.734069899	-1.162350168	-6.780718347	-5.941450118	-0.508751855	-1.470729476	4.004406919	-5.706087198	-6.632458366	-5.350654071	-3.920772146	-0.329295094	2.308453801	0.958529556	3.978251692	-1.697153716	1.31955196	-2.450046061	-0.439492707	-0.007126453	2.232871319	-1.117200653	-2.702483258	1.770584924	-1.16937313	-1.111517538	3.715966321	0.254827062	-10.10448783	-12.00840523	-3.260021425	-1.602059906	2.633047561	-0.670727639	0.997870725	0.420339515	1.492993856	4.028823142	-2.599952676	-0.198392449	0.83754264	0.788030182	-0.810494522	3.746102717	3.939448262	-0.368537444	2.835204016	-1.62647167	-1.161383222	0.650386711	-1.920557877	-0.554266274	-2.419291065	0.073033478	-0.427578654	0.68693229	-0.799457544	1.872642064	2.855770871	2.716054276	-0.479259263	-0.403646128	3.391447383	-3.233267819	2.052291913	2.72994388	2.477011053	-1.024042983	1.407864181	2.181891673	0.462806958	0.518297667	-0.662151778	-1.246048327	-0.832315093	-0.906261633	-0.883811664	-6.135880373	3.23804614	2.149303624	-3.533318644	0.658734909	1.760010071	0.434966834	1.278040277	1.299955917	-3.439319033	0.847219056	5.7375856	-3.222558632	2.857601005	-0.741894522	-3.065470296	-1.663360027	0.636598917	-3.42097376	-2.336015975	-3.883407845	-2.808932385	-3.471208776	-3.565305589	-2.112535713	-1.871850105	-3.141732839	-7.060294267	-6.156307623	-5.757416499	-3.458386422	-3.763615791	-4.927602119	-1.44130103	-1.180913285	-0.658996441	-2.241702785	-0.997140932	-8.832569144	1.226052427	-0.425473703	2.236744474	4.47074753	5.12458526	-1.459815347	-8.793096506	-7.37014122	-0.004355383	0.777660112	-2.97682134	0.498950103	0.622208929	0.19663874	2.732234369	-5.464962659	-0.837212976	-0.640543108	1.28274117	-0.880595799	-5.199621415	-0.429609023	1.271175138	-0.770402737	-0.252451147	0.123355723	1.495381977	-0.959676858	1.288887304	-1.448217405	1.240478899	-1.522167082	-3.246724551	-4.333891982	-2.680849343	0.921999614	-0.842095791	-2.189380098	-0.743954283	3.050064897	0.031340649	4.383166918	4.903210148	-0.675071092	0.507394881	2.100608064	2.677119794	2.334211361	3.398730112	-0.163872334	3.632189857	1.854734262	1.172125724	1.365147849	3.888927528	-3.989407541	-0.835414028	2.856029423	1.012207516	3.739370738	0.669804522	4.41027377	2.397467244	3.083348757	1.250197446	3.222927655	2.680075265	-0.633279243	1.105466659	2.054308181	-0.22510863	-1.081275915	4.500540093	0.288685077	2.934587878	0.151296143	0.557679777	1.40171721	-3.349400464	0.68815692	-0.786063092	-2.657258993	1.516231712	1.235911398	1.853138243	-0.464191013	-0.624689584	0.219573004	2.315191697	2.190936384	1.000019133	1.591988736	-3.403137746	0.207985109	-0.6751836	0.299170205	-5.697006629	-3.438881245	0.813971447	-1.993644552	-2.897001058	-0.406955228	1.176890789	-1.278236571	0.385780422	-2.250938487	1.119907019	0.882951135	-0.856548835	2.064392682	0.70895794	2.346736074	-3.773651139	2.07588347	-2.568950797	-5.175952793	-0.325397035	-0.036045403	-1.011245044	-0.494362939	5.409962038	-3.68981065	-4.720763887	-1.001053828	-1.209776752	-0.847419604	-1.134982308	0.56397195	-2.806881506	-0.969928502	0.943653975	1.189786735	1.05180074	1.067230486	1.747509308	-1.704386697	1.629638935	0.665089036	-0.424655654	-1.028823487	-0.69694786	-0.473369372	0.244768951	0.383050643	-0.717209416	-1.326149841	-1.955909375	0.23885859	-0.559286516
Copper(II)_stress-A [A]	0.877122939	0.2039509	-0.277995838	-2.402408604	-2.129752491	-0.52572889	0.402973755	0.062446154	-0.249212036	-0.644414954	0.127903942	-0.476803868	-0.539313372	-1.451341699	0.950382752	-1.215587542	-0.021505521	0.855132607	-1.233261137	-1.410552493	0.232880961	0.933574026	0.627892762	-0.07835359	0.373918898	1.270620234	-3.661586291	-2.430183883	-0.898668659	-3.143652272	2.23116525	1.273335637	-2.739794766	1.334683663	1.612880706	1.444988468	-0.394889613	-0.466702068	0.022915252	-0.307190826	-0.618620026	-1.690981281	-1.732685803	0.035947123	-0.789112899	0.045042647	0.099281326	0.509316931	-0.212311972	-1.200373206	0.004813901	-1.052553476	-0.60468723	0.26966465	-0.780196325	-0.037035864	0.657304526	0.925948975	0.819694363	1.24029157	0.201425489	0.690476072	0.240211728	1.40860994	-0.15061402	0.064195939	1.583619973	1.041523681	-1.440900568	-0.688300693	-1.525051765	-1.21998601	-0.534886168	1.564493304	-1.299410837	1.284731754	-1.191748717	1.053760957	-0.540656763	-1.462292946	-0.556302066	-1.560975387	0.04738018	-0.14026129	-0.4617786	-0.438754421	0.174011936	0.825457765	0.644992295	1.200891425	1.223360371	1.15319442	-1.038343236	0.44088366	0.79901233	0.017418293	0.1754983	-1.199375434	0.246531026	1.114914595	-1.802420211	0.661616428	0.881091156	0.046146626	1.446105137	0.942372751	0.074627528	-0.966324805	0.443031204	0.847120222	1.328292367	-0.274095153	-1.453316618	-0.004538326	-0.480420141	-1.115131772	-0.124812615	0.445756754	-0.241749324	0.013507508	0.585238834	-0.446523827	0.391524869	1.395089294	-2.192725239	-0.958145325	0.123915474	7.729206121	-1.873791822	1.760001179	-2.08189279	1.054027485	0.914091633	0.192691815	0.777196251	1.815109973	1.398305665	1.204394718	0.148682874	-2.815390469	-1.078047462	-2.816134954	-0.278564528	0.880179034	1.455177699	-0.643229688	1.016872463	0.37767638	0.341514614	0.979965173	1.007642453	-1.103237688	1.367946158	0.284115167	-0.905047456	-0.559224442	-3.884397334	-1.329973434	-0.045726274	0.344709304	0.749085604	0.669402167	-0.317647611	-0.115835737	0.44705546	-0.444980779	1.008900116	-1.22212352	0.54479986	1.176056538	1.988999995	0.450121093	0.483419881	0.82536236	-0.298080509	0.666760612	0.566723804	-0.119747499	-2.791478659	0.85047809	-3.08293269	-3.39161378	-0.814387739	-2.803128848	-0.512446478	0.580795071	-0.951452605	-0.407028605	-1.682611418	0.859941672	-0.804663194	0.119091853	-0.932072507	-1.71071452	-1.734842878	0.080698343	-0.031311275	1.406848098	0.269013519	-0.92813243	-0.136415599	-0.963277334	2.741916937	2.004735093	1.267687926	-1.190346739	0.485299111	0.536635871	-2.36337722	-1.698183293	-2.463134255	1.561180079	-1.449084783	0.863742185	0.13865713	1.874274639	0.100618647	-0.670455907	0.007899396	1.2245826	1.383511612	0.239398198	0.314949128	-1.388604081	0.046413423	1.100738445	-0.001309686	-0.098888043	-0.602774608	0.582332999	-0.608456932	-0.765605532	-1.073372837	-2.730490356	-0.258257955	-0.656104141	0.36550681	0.10281172	0.604547408	0.741864903	1.584356794	0.892534678	0.226290694	0.710350881	3.90442762	-3.001718819	0.082011274	1.573617233	-2.336383699	4.029596321	-0.053277171	-0.141175358	0.274559566	-0.895117648	0.216289184	0.033111876	1.051688531	-0.729250869	-0.120925937	0.323868269	-0.77239608	0.531164121	-0.803962518	-0.785376934	-1.469157197	1.253881317	1.411643339	0.571475177	0.016807225	0.90572073	0.406128063	0.584828969	-0.207694106	-2.164606899	-2.033094655	0.441329961	0.250103071	0.517737916	-0.474250662	-0.383844278	0.718367954	1.147816306	0.556988691	0.680679033	0.703844668	0.408380271	-0.053529491	0.062288981	0.724377809	-1.160482545	0.24327032	0.092865818	-0.451864122	0.175903198	-2.205000891	0.36336195	1.414979557	-1.206009458	-0.707009136	-0.018698844
Copper(II)_stress-B [B]	2.77369481	1.952734286	4.063968289	1.478708307	-2.37566244	-0.334547722	2.616346858	-0.568990102	1.982751397	0.925050822	0.997473659	-1.480008079	-1.577127832	0.06873179	1.103195159	-0.237721735	-0.72251211	1.164573271	1.177911761	-0.271978097	0.668788351	0.922734006	0.388487207	-0.439824158	-1.748376095	1.45729983	-0.268703553	-0.894458821	-1.059343768	-2.106515973	-0.109841112	-0.013683459	2.380734439	0.278119332	-1.008533105	-0.383762461	-2.132408448	-2.586921604	1.918022353	-0.025775124	-2.474325468	-2.918881402	-2.067223382	-1.028717914	-3.602810495	-0.366587528	1.786104823	2.220415568	0.157714208	-0.642027916	0.027721251	2.964420325	-0.21894417	1.077082017	1.506178522	0.936834151	-0.046565489	-1.560828813	1.656161017	1.402359104	2.937923849	-0.126136026	0.914833296	-3.494952784	-2.642527066	-0.035686745	-1.183625949	0.722310375	-0.87624478	2.981182669	1.248691062	1.797511515	-0.758194418	1.900325363	-2.09028915	3.723943225	-0.668242458	1.648833345	1.585032882	-0.308291989	-1.530160883	-0.527460739	-0.526111791	0.133126928	0.148019245	2.644295262	1.253352326	0.679339859	1.16466081	2.044399901	2.325035299	1.004304151	2.029430925	3.212762534	3.02966981	-1.303631713	1.074965742	-1.790096045	0.318923228	0.024105809	-0.228422867	2.893862023	0.293362141	0.525163897	3.796635005	-1.143582054	-1.011375319	0.682649301	-0.532013709	0.29034488	1.604000796	0.378239841	-2.641457024	-0.275867284	1.055921351	-0.038504853	-2.393811468	1.796204629	0.049624654	2.145595843	2.431752514	-1.358628484	1.991520503	2.936721349	-2.321772562	1.037768071	-0.498677808	7.140278934	-2.118371971	3.879206442	-0.822483304	-0.029982711	-0.766312232	0.997394324	-0.173256238	3.658385811	2.322826407	0.708561114	-0.908186136	-0.365456392	2.261625312	-0.505922775	-0.059765135	1.164237996	0.001830768	1.500959459	1.311489004	-0.591685537	-0.225408068	0.661780944	-0.892579807	-1.37636747	2.911462991	1.474465161	-2.664793943	-0.969381805	-1.086079172	-2.85504355	0.621783391	-0.169311722	-0.250541786	0.643241318	-0.281674852	3.04667332	-2.869726035	2.464183315	-0.003470676	-0.970452728	0.667679705	-0.375274943	4.093987223	0.577924425	1.769820823	3.800666971	-0.339198395	-1.165691961	2.751412281	-1.562899641	0.689776751	0.211995548	-1.833369588	-2.935744739	-3.078262043	0.760396791	-0.539981121	0.270593159	-0.566462905	0.6084142	0.368660851	0.189202369	-1.552888146	-0.201913362	-0.447005204	0.587734225	-2.51665638	0.478530944	-1.851393939	1.848055282	0.307106298	-3.193103344	-1.703073104	-1.836897671	2.043982083	4.439543424	1.54534515	-1.976792725	4.413823668	0.806945357	-0.592062527	-2.528390665	-1.389671831	3.926023519	-0.378578095	2.160072546	-1.345421367	1.76319214	0.493636791	-1.397115041	-0.482966721	0.209209073	-0.956884049	0.349349684	-0.163207446	0.566563461	1.712836262	2.314302868	-0.225422945	0.895626334	1.001060235	-0.970721472	0.575516815	1.160496649	-1.487115591	-1.571183048	-0.22564788	-0.379491742	-0.917736428	0.36657973	0.768424807	0.551348146	0.453048951	1.782657542	1.237226395	0.404221966	5.319452186	1.165123481	-0.616196415	2.264359651	-0.296575723	2.942502613	-0.57363909	1.979327662	0.199766519	2.020497328	-0.797924676	-0.312893652	0.627333117	-0.908929032	-0.68648119	1.163238099	0.078154252	0.305694501	-2.099982812	1.154725328	1.423454784	0.519435179	-0.200555725	-0.22053282	1.456594299	0.820770152	1.159088274	2.22030685	-0.178564941	-1.39931538	-1.445048758	-0.209550821	-0.04838482	3.097472315	-0.214814495	2.077284416	-0.126995361	-0.173160523	-0.113554998	0.156183355	0.103846907	-1.050634045	-1.144212508	0.800016839	0.301470562	-0.437609382	-0.996785175	0.148654521	-1.649808988	0.156934235	2.026903167	-0.657396584	2.184598344	-2.982588736	-0.640225875	-1.051910387
Copper(II)_stress-C [C]	2.086923104	1.689066641	1.226569258	5.233667742	-2.983610101	1.137381044	-0.356633481	-0.915139688	2.034343264	-1.96807331	0.630059374	-2.32388423	-2.040341787	0.81775834	1.406807219	0.012143426	-0.705955844	-0.03042856	4.486810215	0.370796211	1.671786551	0.590199376	-1.517687582	-0.629144009	-4.402064807	1.527783812	0.888047484	0.095322156	0.306477199	-1.066580038	0.020854155	-0.796574404	1.599984108	1.415233522	-4.645187913	-3.376460649	-3.658084579	-4.055803671	0.598254194	0.153710593	-3.824145348	2.418014988	-3.0520526	-2.381830303	-1.4360694	1.797841559	0.309249153	3.297678624	-1.095782828	0.054514805	0.578170355	5.58092353	1.795590982	-0.589482849	-0.849151933	1.552379715	1.158285133	-2.810537265	2.166915137	1.033785385	1.548398759	2.110871652	-2.237794767	-4.372011527	-5.614348291	-6.15567255	-7.178935867	1.261027338	-0.798603765	2.523914573	3.150063083	0.980552958	-2.429945798	3.400593694	2.813967469	1.732422889	0.52250309	-1.539937951	-0.70901209	1.897192254	-0.426094418	1.962701377	-2.003944465	-0.55903868	-1.811841476	1.138955284	1.467706216	0.1917942	0.072318237	2.205573828	0.411897568	0.311827502	4.313078801	8.010607109	4.236273161	1.350538378	-0.967514376	-0.309465373	0.408121981	-1.841483947	0.463437539	4.127576154	0.148967723	1.696998285	2.097911185	-1.850586511	-2.465245608	1.153742054	-0.517803273	-1.449829781	1.621645694	0.323290688	-0.19835283	-0.473167128	0.764059818	0.235924963	-4.948737422	4.680781049	-0.390498316	4.549691401	1.122722956	-0.41542445	3.138487287	2.546617185	0.355859319	2.009214343	-3.188411807	4.288213043	-0.873287186	6.078223329	-1.986421078	-1.289900235	-0.064012038	0.022224503	0.052534186	3.239080404	3.065770776	-0.80629036	1.236078562	-0.621839252	2.160509642	-2.009551881	-0.503707785	0.537632407	1.604910466	1.566582627	1.640029634	0.505488074	-2.21070481	-3.256975307	-0.490549991	0.940702817	1.949243823	1.92162941	-0.814300542	-0.1775306	0.444656029	-5.166380784	-1.521877877	-1.183014741	-0.785242427	0.594945741	-0.341058843	1.897249779	0.110254061	1.060762241	-0.263650854	-2.228256768	-0.123082531	-0.425353114	5.4832623	-1.342729296	-0.294454838	4.946684708	1.512745634	0.0123733	2.610647907	-1.393627294	1.037675039	2.651559122	-0.55820994	-3.035852583	0.03585147	3.319251263	-2.281763943	1.86007321	-0.345536474	-4.110102468	2.161088325	-1.782168055	0.551121705	-0.586083484	2.48699504	2.269583399	-3.048988401	0.710299352	-1.123790148	3.594686601	1.879430021	-2.851394699	-1.618217262	-0.731630804	2.600118062	4.903657109	2.713440495	-2.088361446	-1.289708096	1.846438557	-0.385947149	-3.766104569	-0.073702377	2.270876088	1.533757952	2.325127032	0.069739553	1.162141823	-0.995509578	-1.521018523	-0.810479088	-2.26363015	-0.965930325	0.02747778	-0.312933682	1.600012657	0.151150641	1.36786843	0.048671587	-0.393578247	1.002828686	-0.202135896	1.007869501	3.670679563	0.535208484	-1.154496453	0.8730009	0.786639416	-0.583785377	-1.204671596	0.540969482	-0.180978508	-1.950681097	0.676304981	-1.443317045	0.953020929	4.241095815	1.808219685	0.327189433	4.305960807	2.630879912	2.275571474	2.57047393	2.972252716	-0.216970824	-0.873666179	-0.012517041	-0.143686212	0.103272019	-0.87687758	0.534613495	-1.38085198	2.408519221	-1.57262381	-3.549489765	3.278725216	2.424044776	3.648839495	1.162858727	-1.126625211	-1.507610434	0.837712096	-1.110200801	0.560889773	-1.447503472	-0.869532748	-0.735053648	0.464784884	0.266042917	3.978268853	1.271096001	-1.009524701	-2.102373826	-0.414370856	0.791829037	0.562972876	0.362567221	0.09566474	-0.076134146	-0.088026865	3.996736436	4.515344043	-1.804699116	-2.072860685	1.99033058	-0.10616144	6.075671475	-3.392844068	-0.03484095	-1.875635658	-0.063085225	-0.881475937
Cycloserine_D-A [A]	-0.449753925	-1.134123248	-0.273744419	-1.037825199	0.477224981	0.091900043	0.117833344	-0.326150274	-0.95337178	-2.055996286	-0.031986378	-0.772335043	-0.348451614	0.763725917	3.313730233	-0.209976457	0.818900598	-0.450740577	-0.590844667	-0.354228487	-0.76176376	0.086273931	-0.532580853	0.104241795	-0.400994547	0.206023814	2.864961742	0.627211506	-0.065139841	2.354697766	3.011398258	1.571537409	-3.221200626	-0.838935007	-0.43104606	0.9260542	-1.688854022	-0.407824106	-0.137864862	-0.445018758	-0.596838206	0.09575363	0.178026648	-0.267624674	0.281856281	-0.798701227	-0.574154732	0.421651259	0.379625689	0.722517375	-0.403803407	-0.372620257	0.355903191	-0.227786026	-0.297881838	1.583946497	0.150123352	0.971178191	0.473008768	0.942436422	-0.1039881	-1.200404387	-3.907595738	3.596658761	3.494207859	0.61035258	-0.448140971	-1.033622302	-0.238570645	-0.835743422	-0.658201873	-0.150218007	-0.908840723	-0.144526192	0.307638737	-0.892428991	-0.673468821	-0.210824656	0.065633482	-0.540899837	-0.290696598	-0.975890731	-0.277906845	-0.238332257	-0.605326724	0.720556858	-0.965314704	0.46207981	-0.412096412	-1.459013016	-1.054414658	-0.30227524	-0.502034804	-1.753291942	-0.877654112	0.359840767	0.304516555	-0.319590667	-0.016628334	-0.377024792	0.057643695	0.084057595	-0.607964651	-0.650666472	-2.359359604	1.157312647	0.3199506	0.752319085	0.941116747	0.045656194	-1.05835123	-0.197183302	0.185552347	-0.229130708	-0.426268257	-0.237554877	0.401841115	-1.619292578	0.073723833	-0.551641697	-0.075380707	0.170596901	-0.680711145	-0.251227784	1.427216752	-0.13376473	0.396053996	0.760429987	2.319951044	-0.108727039	1.783078821	1.112280279	0.583323255	0.063187074	0.322973872	0.779095012	-0.177968348	0.096565528	2.542908952	0.291300895	2.23653079	2.948280321	-0.422213711	-0.328472862	0.188361698	-0.094815991	0.152742861	-0.095905381	-0.822871735	0.389561001	-1.034691176	-0.543239124	0.98659869	-0.244214241	0.053993602	0.309868629	-1.236060294	1.017641528	0.143477654	0.078983352	-0.52180577	1.000385153	-0.339358079	-0.405808448	-0.284796145	-0.237718487	-1.223795535	1.773162649	1.094388907	-0.111963694	0.073584182	-0.357852256	0.271838417	-2.661302242	-1.114888348	1.858203217	-0.833475097	1.037146009	-3.746532663	-0.749829004	1.0488401	-0.089182567	1.893355033	0.20107217	1.524514289	0.289537789	0.273630708	2.077094362	-0.210210042	0.514530618	-0.406861372	0.265477127	-0.626022761	-0.616167647	1.014510677	0.470706717	-0.965675795	-0.989703635	-1.1414383	-0.720476217	0.430760214	-0.24625066	0.139051885	-0.414413576	0.671782072	-0.148137819	-0.817683094	0.215878618	-1.098010076	-0.162704795	-0.271330149	0.022306963	-0.738626294	-0.412253896	-0.945278234	-1.656389296	-0.661689612	-0.176598123	-0.334011267	2.381838707	-0.521649923	-0.238820606	0.04762616	-1.016812019	-1.600051827	0.176810534	0.158579449	0.209004594	-1.232007674	0.621942645	1.045552829	-0.086347584	-0.227336198	-1.117472681	-0.005273416	-0.180401814	0.74552904	0.162177202	-0.61538954	0.940256083	0.841708157	0.898078268	0.56698247	-0.40120648	-1.026607793	2.049636591	0.53738936	0.50634827	2.009898288	-2.247166133	-0.365887927	1.741060037	0.999969676	-0.461002757	0.32700803	0.183944078	0.287504335	-0.118531887	-0.122240934	0.322688421	-0.615588863	-0.424098691	-0.501574446	-0.376458508	-0.693849123	0.047087565	-0.276584743	0.935107705	0.091459775	0.607928122	-0.051624432	-0.419288612	-0.392570936	1.288363746	0.174428613	0.849806972	1.465703422	-0.268941799	-0.061717237	0.031150011	-0.434553697	-1.148280806	-0.359678265	-0.122875749	-0.115426608	0.279791878	0.763986509	-0.444589068	-0.311691552	-0.786048791	0.345972117	0.09548582	0.77991479	-0.630709374	-1.233541077	1.138196903	-0.003196055	0.768324878	-0.274520873	0.43026037
Cycloserine_D-B [B]	-0.70756622	1.581099008	-0.457654978	-0.107764543	1.462230571	-0.493294637	0.386620434	-0.97154867	-0.106097889	-3.388557968	0.171105217	0.015627611	0.123410739	0.397633625	-0.655769765	0.7507389	0.707474349	0.20153819	-0.290854055	-0.206975466	-0.194380277	0.491062355	0.538147088	0.033014423	-0.106390138	-0.829949986	0.485807719	0.54840477	-0.349418808	0.688204545	-0.399777176	0.150467131	-4.339739874	-0.598628629	-0.931747793	-1.917055293	-2.847111287	-0.605240943	-0.09541425	-0.604109131	-1.135075773	0.625236678	-0.059483812	-1.359498959	-0.691899931	0.279428398	1.081526792	0.446528699	0.188464515	-0.528096779	-0.267268722	0.744701007	0.38055769	0.861257708	-0.468755373	-0.327671142	0.73200995	-0.012765503	0.7555995	-0.344732778	0.098149445	-0.255611547	-4.918726487	-1.95005027	-1.441511101	-0.997695281	-1.509941142	-0.348605131	0.985349728	0.055623414	-0.921506126	-0.752319625	1.038267898	-0.110801778	0.293798989	1.179816048	-0.937560105	0.267646203	0.397961804	-0.542058696	0.344907741	-0.214745855	0.331962751	0.457788189	-0.386622869	0.862015246	0.489348927	0.492339537	-0.030008215	-0.382674733	0.054960681	-0.24005517	-0.689675369	-0.166516689	0.312594632	1.616773878	0.15801881	-0.672013404	-0.228808586	0.651652219	-0.019890215	0.20557479	0.134801777	-0.667349061	-0.797270057	0.433326099	0.785506075	0.71764034	0.289530708	0.203754005	0.81097094	0.584133055	0.150339309	0.285822643	-1.838855871	1.010617843	-0.062297891	-0.133915234	0.040427286	-0.092421104	0.440691288	0.669868239	-0.141440722	-0.024716904	0.457164481	-0.223975692	0.434472817	-1.520956753	0.393624077	-0.933400354	0.805688127	0.530933537	1.106762165	-0.287840447	-0.010374347	0.965242701	0.358285034	-0.004096186	1.025289966	-1.312650295	-0.028537502	-0.273289772	0.074072527	-0.822957677	0.157430292	0.651725602	-0.250865255	-0.412435586	-1.771078296	-0.632726844	-1.132624827	0.526247419	0.833631175	-0.563904936	0.11076802	0.49533021	0.156973077	-1.659061207	-0.586666101	-0.249190855	0.187790712	1.002079153	0.448917105	-0.55799006	0.971006985	0.114176269	-1.005445811	0.358964348	0.062998151	0.0223501	-0.194931473	-0.425036366	-0.015166625	-0.043435555	0.157877908	0.847905143	-1.169609428	-0.306499211	-2.562205689	0.843973085	0.217120577	0.537112516	0.680133651	0.40972378	1.238937176	-1.094942561	1.151320412	0.301820875	0.120230896	0.584110692	-0.294560713	0.402239026	-0.623131654	-1.673343786	1.633934166	-0.172781424	-0.349425732	-1.499019954	-1.679727503	-3.397910583	-0.228072551	-0.486710567	0.706665193	0.122296732	-0.701103456	0.510469728	-1.248295649	-0.708637497	-3.773673242	-3.592757615	-3.60146992	-0.397497442	-1.281219279	-1.209840749	-0.769676927	-1.061959803	-0.877196629	-0.879541013	0.271770701	1.781776978	-0.406960805	-0.967796858	-0.150752867	-1.760323331	-0.81352558	0.800773448	0.005579645	-0.834950289	-2.108678606	0.111967762	0.377581255	-0.525114308	-0.156800951	-2.417778135	0.420774041	0.384870973	0.680640748	-0.246082463	0.152675978	1.1482908	0.416371132	1.096438692	0.706677744	-0.357572407	-2.197913529	0.427239504	0.449248336	1.346458274	1.039759663	-1.19294926	-0.961275781	0.835831019	0.96088241	-1.165711751	0.660318578	-0.138375245	0.604566429	0.04023702	-0.516105731	0.247129219	-0.720192915	0.14327545	1.247696406	-0.061459481	-0.210649867	0.171845792	-0.290228088	0.866953366	0.061126687	-0.22431734	0.257898167	-0.214417116	-0.567304009	0.245342817	1.014654802	0.107736244	0.937727692	-0.302846572	-0.437280758	-0.05916609	-0.119747354	0.000160816	0.463576969	0.19133027	0.660522467	0.763007587	0.150359127	-0.013939211	-0.413412239	-0.002953006	0.310092117	0.03619077	0.720520372	-1.158350257	1.321724392	-0.115246632	0.036843589	0.832327741	0.601606015	-0.289272938
Cycloserine_D-C [C]	-1.16020145	2.811909297	-0.31366462	0.707242082	2.166638857	-1.35268253	0.054654435	-0.496887395	0.697152627	-5.230734426	0.14591927	0.570492161	0.28406882	0.398539336	-4.352114363	1.256993629	-0.611770842	-1.031851303	-0.365458279	-0.655197794	1.157219386	0.584179721	0.711683922	-0.358933955	-1.124082403	-2.651748836	-1.312576751	-0.353893527	-0.91158933	-0.946147284	-1.44763694	-1.991799964	-4.372014026	-1.67884833	-2.983234235	-3.084755038	-3.553746576	-1.641229725	0.066750767	-0.978401054	-0.900778071	3.016869696	-1.325555385	-1.652161873	-1.564255077	0.932041479	3.991163803	1.362855545	0.034242567	-1.675439335	-1.188151537	1.369579032	0.175360609	1.19168564	-1.204732065	-1.610547563	-0.238751147	0.832224621	1.402079755	-2.141590685	-0.448709138	0.688023429	0.193202585	-7.450898412	-6.614746177	-2.513346932	-3.431677668	-0.384773042	-0.282872592	-1.155345312	-0.78817962	-0.713637247	0.94768829	0.046163169	-0.696509751	2.293735333	-2.086738236	1.397483197	0.729976963	0.12509975	0.495852088	1.357614182	0.756606482	0.681734399	0.516243861	2.126805312	2.104267406	0.905392485	-0.250345951	-0.230222364	0.817205476	-0.789039212	-0.007946017	1.804616563	1.322992263	2.190792263	-0.181716241	-0.223589808	-1.109437063	1.394386337	0.537760563	2.084163691	0.115636016	-0.861414484	0.462021568	2.102391998	1.260275837	0.549745611	2.037308521	0.561491473	2.792507405	-0.087659767	-1.147274306	0.656444707	-2.785106212	0.809533281	0.875952082	2.051555787	0.159942169	0.937232036	1.617989773	-0.602216116	0.208825487	-0.338494682	0.743879417	0.305404766	-0.541412498	-1.703902153	-1.59307591	-2.001553432	1.28893676	0.395010409	1.995690877	1.501911326	1.51243266	3.135806027	0.906522254	0.481383844	-0.310875641	-1.564086683	-0.738366231	-1.86091142	-0.941092472	-0.098256094	-0.362915515	1.564639021	-0.69306049	-0.792640939	-1.355826265	-1.190983268	-1.007155193	-1.631309632	2.171572455	1.245419307	-1.287935488	-0.569441233	-0.772768775	-3.605778091	-1.289360023	-0.13218789	-0.603693092	0.434807996	0.639054844	0.426089485	1.72705004	0.477724692	-2.294649977	-0.924387895	-0.899419778	1.782652376	0.622110458	0.07669064	-0.604336868	1.826371793	0.620907156	0.064182786	-0.27404343	-0.779225926	-2.4498421	0.437849232	-0.27757919	0.936668429	-0.783644023	-0.14510501	0.536608698	-1.820334262	-0.601442961	-1.012831959	1.480758836	0.020585668	0.214067137	0.267676175	0.68522969	-1.425263098	0.464982287	-0.388395899	0.034268899	-0.723227604	-2.17187028	-4.642101062	0.008888297	-1.212668413	1.757262213	0.838812074	-0.647277472	0.568687909	-0.010601778	-0.23075515	-4.459759114	-7.063364251	-6.515844983	-0.941195891	-0.145628375	0.098003822	-0.820726297	-0.46256806	-0.525499757	-0.795356194	-0.627561748	1.013105872	-0.519640696	-0.773317138	-0.4284656	0.18743108	0.041110349	1.367006764	-0.450530975	-0.55272783	-2.633818363	-0.540719369	-1.140231908	1.368791131	0.956080203	-3.384204321	1.02930886	1.26066279	-1.11850504	-0.737247882	0.5720678	0.298430035	-0.537406378	1.089657553	2.787527559	-0.432288485	-0.96246608	0.749923671	-0.188742766	1.445086759	2.099735844	-1.619354543	-1.33205313	0.230470068	0.01978582	-1.084923564	-0.281564384	0.036809537	0.466742984	-0.947206425	-0.763956204	-0.337943873	-0.227819994	0.373956317	3.429467759	0.752507322	0.581751137	0.968789922	-0.273382531	-0.611942304	0.395481729	-0.837636359	0.244948118	1.518794087	-1.338358957	-1.062789208	0.53251838	-0.130467077	-0.810764286	-0.764001298	-0.640858429	-0.855707985	-0.114419915	1.646901292	1.803014435	1.554287946	1.77298457	2.70821297	1.301142462	0.75342291	0.82745688	-0.36697947	-0.79366802	-0.385311548	-0.631870587	-0.223268397	2.009201408	0.017952485	0.23599557	-0.806586569	1.951865166	0.075724011
Dibucaine-A [A]	2.186197278	0.107325419	0.393738322	-1.297765917	-0.684975994	0.298548949	1.709112948	0.376353164	0.434346226	-0.056124771	-0.775874819	-0.283601817	0.082400953	-1.086685666	-0.071423228	-0.218662305	0.45186973	1.098362303	1.484653922	-0.894364163	0.613117332	0.743564151	0.587397055	0.322074209	0.643645323	-0.609561138	-1.608025588	-0.809113776	0.211970143	-0.744937613	0.321503936	0.407313655	-1.079926932	0.348837844	3.191577564	2.313647771	0.061970274	-0.665239536	-0.588222348	-0.091549741	-0.332523558	0.593678243	-0.700069771	0.670343446	0.307279035	-0.746153785	-0.826648768	0.684763394	0.87232931	0.246340264	0.692494714	0.04924083	-0.29171676	0.435927509	-2.183139052	-0.322281982	0.327368741	-0.109742571	-0.18640857	-0.516598351	0.097066274	-1.207961102	0.634583177	0.893089776	3.723036278	0.518720255	2.006382489	1.492117071	-0.030354478	0.484616308	-0.58643284	0.798988963	-0.664403258	1.38196568	-2.054567822	1.236427068	-1.64947362	0.1004804	0.043283316	-1.235268428	-0.055024063	1.237613957	0.683277844	0.352010921	-0.796665545	-0.153039579	-0.018566175	0.340052155	-0.242010399	0.300035426	0.223616514	0.629319094	0.129522917	-0.353819067	0.102705179	-1.261755365	-0.031339288	-0.80237942	1.817330549	1.35366064	-2.487068905	-0.057377219	0.146774255	-1.072588275	-0.200476927	-1.090105414	0.472620809	-0.854598362	-0.079644008	0.215198095	-0.185800499	-0.104154755	0.321904544	-0.06156167	1.327805263	0.019881832	-1.355095517	-1.11775723	-0.018021908	-0.230819949	-0.007136143	0.930774566	-0.256340985	0.667112573	-0.890007419	0.260527623	0.57900849	6.81785556	-1.4614858	-2.099402857	-0.055164935	0.381411801	0.642482528	0.457963429	0.324378243	1.62942746	0.448047682	0.474373166	0.970531753	3.652787823	0.103653707	-0.282615244	-0.827576897	0.299904025	0.007017101	0.517241037	0.757623039	0.478694662	0.719111238	0.891760453	0.493221375	-0.526294677	-0.123771761	0.320596684	-0.112735223	-0.491511663	-1.142731277	1.599498792	0.698501089	0.31708456	0.352820917	0.302000512	-0.306609279	-0.5160932	0.638603205	0.63678962	0.062331533	1.044330415	0.416303662	0.225347951	0.502459943	-0.063764553	0.288915584	0.628557175	1.486689718	-0.958096747	0.959893278	-0.609540667	-0.681757406	-0.034744086	-0.517772028	-0.133949427	-1.142583378	0.620291325	-0.807899783	0.276181284	-0.059279954	-0.253713621	-0.031986372	0.608172872	0.551602752	-0.348314459	1.048267946	1.677725933	-1.279060955	-0.452224343	0.778826632	0.815810155	-0.340350546	-0.633820234	-0.016343613	1.277207901	0.905872288	1.399004363	-1.05844784	0.094828615	1.184170941	1.174573004	0.867716881	-1.399856801	-1.364726456	0.453601679	1.546420133	1.106947572	-0.076298267	2.389726809	1.423772134	1.658953644	0.345905219	2.347491593	1.219519699	1.235138778	1.005033165	0.387377073	0.514147894	1.204364991	-0.1634436	0.079893973	-0.723752276	0.121974039	-1.248393529	-1.321417975	-1.964141269	-0.157408062	-0.30657612	0.512473614	0.635341672	-0.226820185	0.730196424	1.002049258	1.749898812	0.498270715	0.245122049	0.255670052	-1.128574479	-1.54350471	0.1301417	0.039866577	-0.360258859	0.122614902	-0.409626395	0.569552262	-0.262052942	0.014360913	0.873579526	-0.27894252	0.505311618	0.313603534	0.397366972	0.625910111	-0.367325891	0.427194104	-3.080886768	-0.428176885	-1.110399536	1.217899514	1.03378245	0.643826638	0.294163612	0.267853377	0.088863116	-0.578154097	1.235833966	-0.2418694	-2.38511364	0.290122683	0.989345578	1.29036371	0.659213007	0.55438164	0.244719524	-0.482827452	-0.188429742	-0.004381106	0.221011956	-0.452141217	0.871412201	-2.25177298	-0.567512371	2.407399033	0.533794272	0.0263904	0.821581932	1.42332531	-0.708462788	0.253061117	1.167104705	-0.277721595	-0.534711144	-0.010869567
Dibucaine-B [B]	1.952521318	0.724441496	-0.001217432	1.297069953	-1.839389217	-0.136292082	1.718118884	-1.190023093	0.307714581	-2.202995511	0.05306598	-0.07512187	-1.617976358	0.417327393	0.207605146	-0.363011715	0.87588742	0.151792077	2.215243905	1.186338462	0.92581556	0.972912674	0.671615617	0.255563473	0.636155896	-0.840021035	-0.539128927	0.352190144	0.550737736	-0.958477286	-0.045087687	2.198114126	1.238678649	1.227672895	2.340499888	-0.03677191	-1.176027996	-1.726501032	-0.457005648	-1.577458878	-0.666076689	0.382416565	-0.58955439	0.349952545	0.157232351	1.404397934	-1.789247644	1.034214042	1.350590043	-0.143797595	1.407255305	0.475743743	0.478757318	0.154373441	-2.168904166	0.763508943	0.872085825	-0.156031407	0.188765978	-0.248052721	0.699289947	-2.079015536	0.112097274	-1.700267966	2.62342098	0.14933714	-1.228533705	0.748971759	0.434264568	1.807220622	-0.378605587	1.436186095	-1.797255706	0.51839743	-2.38804327	0.223914322	-1.37425504	-0.455797469	-0.899137627	-1.671562107	-2.111271473	0.408150749	0.216253658	0.852119788	-1.293749173	1.691471961	1.246421087	-0.68382058	-0.173632703	0.011487783	0.411601845	0.046911632	1.387281141	0.941908671	1.012842567	-0.634506073	-0.784977814	-1.489945528	1.367899375	1.649628709	-1.943833859	0.983647126	-0.707875424	-2.232937751	0.223752577	-2.245557734	-0.942780335	-0.452160195	-0.770265422	0.747437692	0.569038698	-0.762304878	1.100434426	-1.432170047	2.467976618	1.957720463	-3.220385135	-0.044896173	0.173590724	1.110028103	0.574543296	1.727252506	-0.649865275	2.083365796	0.851596596	0.873130246	-1.026630391	5.839257176	-1.693740579	-0.402121064	-0.443671125	0.364044416	-0.503394543	0.487652623	0.548949896	2.09387956	0.621295563	0.082631456	1.405769323	3.455850577	-0.236141721	-0.896791106	-0.189482917	0.88775851	-0.807287081	0.085750114	1.131280616	-0.197479835	0.273801957	0.363758547	1.50971738	-1.020897496	1.129544797	0.622445319	-0.280709436	0.64409455	0.804971962	1.587425708	0.970025846	-0.188618981	0.938205666	1.306891695	-1.333396645	0.13119393	-1.408370251	0.717401786	0.862404691	0.95269702	0.413025108	0.379113059	3.057310751	0.095168891	0.369573451	-0.08909061	1.822537209	-0.843179927	1.880373206	-1.22107314	1.151527185	0.996246711	-0.70930066	-1.392240062	-1.617489047	2.222113792	-1.284348776	1.001852487	-0.423813913	-0.41686202	1.46894793	-0.173416857	-0.181236236	-0.400402259	0.962453361	0.990356799	-1.689687454	0.488060608	-0.458018809	0.595207041	-0.051012052	-3.080552215	-0.205215921	0.748942789	1.314449269	2.471919395	-0.387795328	-0.713432304	1.644728553	2.176507399	-0.686115364	-2.048246609	-2.214182045	1.967765188	0.568328503	1.519752021	-0.576481788	1.211311884	1.562022952	1.897217152	-0.766322819	1.06568957	0.615440882	0.44963319	1.20803466	0.540306863	1.555828899	1.292662146	-1.293490932	0.56802014	-1.726019607	0.153920374	-1.262302413	-1.253763851	-0.573271362	-1.198322713	-1.449037204	-0.058121877	1.700763447	-0.436293889	0.230602846	1.232707065	0.657164126	0.979706531	0.932232021	0.328751071	-0.710956411	-1.013476208	0.956793847	0.175545985	0.289432675	-1.104257795	-0.749887268	1.699443843	0.039751258	0.228771611	1.189050686	0.004964591	1.738783776	0.809578758	0.244971244	-0.13735311	-0.350794199	-1.090272981	-4.189041731	0.334302839	-0.167183129	1.263654068	0.965417856	0.835795395	0.909391478	0.129997704	1.370961874	0.455203586	-0.393506311	-0.205129674	-1.459122045	-0.18696901	1.615009494	2.094766863	0.742233585	1.026615904	0.011974398	-0.642991368	0.856956272	1.298329929	0.135614414	-0.546838943	0.424194206	-3.006641168	-0.119682404	1.92132544	-0.963629955	-0.478599249	0.350728255	2.198953134	0.715383963	-0.781709004	1.648982013	0.172132037	-1.01006628	-0.905585436
Dibucaine-C [C]	1.512172527	1.936507839	0.241804156	0.37621996	0.105096841	-0.799730195	0.576228929	-1.007682015	-0.617380734	-1.430734599	-0.146328333	-0.187712965	-1.009923637	-0.176465631	-0.033347702	-0.630019986	-1.295213516	-0.603721054	3.664068702	0.335992323	1.082902593	0.660812016	0.865968949	0.781538214	0.072585934	-1.911560573	-1.553239816	0.417124095	-0.001394424	-1.282980683	-0.218491645	2.598704316	1.058065603	0.043971778	-0.942493739	-3.784164885	-0.202133747	-0.171135616	1.037561811	0.138028728	0.976190803	1.10515633	0.114056944	-1.295875907	0.071363326	3.860534167	-0.705509323	1.343358759	0.203008569	-2.356175484	0.581380187	2.006827403	0.033672215	0.355597806	-0.402463357	0.04377153	0.590247312	0.977504308	0.810833457	-1.439764616	-0.341683585	0.572930914	0.235865984	-3.439718071	1.742796653	-1.775248513	-2.752833287	0.704853723	-0.586854691	0.676020093	-0.382626747	0.881935551	0.050023479	1.402597258	-2.756611292	0.239429754	-1.012184125	1.009832251	-1.26336815	-0.337796277	-0.507734307	1.974260739	0.792701795	-0.111099841	-1.367704785	0.306247556	0.522946184	1.298141718	0.528136168	1.219496021	0.83923049	-0.44134161	1.96225215	1.967188545	2.490572706	-1.107457796	0.856417104	-0.792916044	1.173650159	0.474401258	-1.745502316	0.8677624	-0.21642006	-1.530579957	-0.404027122	0.416319851	-1.049427404	-1.960878801	1.584151481	0.787398354	0.982285473	-0.111571161	0.178454004	-0.148622444	2.034530025	0.731548991	-3.221542587	1.39557266	0.493187526	1.450874812	1.174818393	1.291541529	0.016064282	0.728288753	0.377600741	0.598270984	-0.630076408	5.655773405	-0.526930669	0.220109954	0.603851383	1.18786237	-0.441532235	1.268792731	0.515956743	1.527035545	-0.149756084	0.316936442	0.574035315	1.040158065	-1.070702247	-2.205538694	-0.882698541	-0.994095355	-1.983779576	0.211574386	1.093150999	-0.015778739	-0.555209394	0.098075071	0.459145658	-1.899525567	1.739673428	2.467373812	1.099429466	1.389622367	0.590312786	1.431030337	-0.163010472	-0.228806282	-0.204710649	1.051535284	0.13287484	1.152065598	0.540439799	1.040686892	0.000692785	-1.290289741	0.846120861	-0.038664895	1.394400324	1.482930188	-0.283603443	2.089696607	1.465056674	-0.603429627	2.185271562	0.714372265	1.032736232	1.1881288	-0.837788718	0.252466602	-1.104211889	1.905874856	-0.339621151	0.700578848	-0.207418115	0.98424128	0.881239654	0.941420756	-1.552303963	1.83170333	-0.967380379	0.637580682	-0.350034646	-1.110502506	0.52067784	-0.686757453	-1.806402199	-3.336713777	-0.213969593	-0.096284531	1.366774517	2.231289222	-0.509290433	0.246338087	0.305835655	-0.090906332	-1.905849086	-3.110249418	-2.465655004	-0.39234345	-0.873123263	-0.591858424	-1.134612741	-0.169999619	-0.954022875	1.080101281	-0.900357176	-0.893071006	0.169801958	-0.910120175	0.5719709	-0.095550893	-0.028579598	-0.064396323	0.139939637	-1.008125259	-1.369519477	1.099269199	0.251533126	-3.712350888	-2.759870299	-1.306764829	0.310996635	0.739156233	0.488065622	-0.69343542	0.461928691	-0.704673087	1.206683687	1.498050488	1.906288765	0.788363802	0.459115048	-2.515333016	-0.0439234	0.817976563	0.984298812	-1.360855869	0.038740385	0.075541686	-0.757625415	0.176312717	0.382391913	0.568888802	2.084408187	0.328011577	-0.855719913	1.048068793	-1.031312298	-0.375880105	-3.165710389	1.665653686	0.741782248	0.235132803	-0.785493498	0.772753442	1.084707849	0.242359536	0.249835185	0.872710894	-1.944445394	-0.259662061	-1.583338961	1.281946373	1.34865144	0.62365673	1.502587665	1.261265102	0.49716286	1.283770431	2.546414639	2.519817249	0.992832076	2.43484332	1.035466088	-0.6072765	1.424991811	2.385860409	0.012548505	-1.531119137	0.549740026	0.841129113	2.696035491	-0.336274597	0.352549106	1.360956476	1.166016032	0.066082072
Dipyridyl-A [A]	0.276795174	-2.885222431	-0.844342273	-4.037100312	0.576116916	-0.477739426	-0.988080465	-1.947249449	0.077859961	0.624493815	3.125386858	0.158410454	-1.992795578	4.874174402	3.181191055	0.227024667	0.025253449	1.203451399	1.103109677	1.172185822	-0.961950165	-1.547419876	-0.215919451	-1.649027384	-3.54401206	5.124738071	4.146076102	2.575744733	-1.049755777	3.851798814	4.913595933	5.917106141	6.762730802	0.18713224	-1.644000641	2.414327579	2.251208719	0.525544177	-1.753876657	-0.905259379	-0.942162911	-0.68612725	-0.502756866	0.899010474	0.752921965	0.142598808	-3.061309277	-1.184696013	-0.90550904	-0.998495628	-0.726648882	-1.307760471	1.464853578	-2.67772361	-0.228326176	0.058085515	-0.329430744	-1.523675313	-0.946704542	0.342841699	-0.294707395	-0.78758297	5.295899578	4.762622681	4.374455658	-1.924685999	-1.205987145	0.260998237	-0.025232372	5.915602141	1.504493089	0.940216522	0.149335163	4.081495983	6.068646115	0.834795717	-0.298923028	-1.584449285	-1.278673892	-1.004736049	-1.405864479	4.696251512	-0.141525647	0.260148185	-0.824341377	5.422662235	-0.388551186	-0.341929181	0.982645278	-0.425763661	0.071000819	-1.46532391	-2.134857994	-1.909683546	-2.517541567	-0.915978349	-0.536091192	-0.419110479	-0.715381409	-0.016997337	-0.596643146	-0.288540365	-0.992214542	-1.819386231	-0.774605587	-1.61726994	0.352199635	-0.235975265	-1.091774048	-1.92544253	-0.743615538	0.425003499	-0.175274696	0.143861154	0.671354491	1.228637321	-1.252292241	0.040226716	-1.214946149	-1.786008037	0.399972827	-0.051014224	-0.443786299	-0.607065357	0.138856421	0.900775248	-1.041675213	6.399066491	7.632528424	4.631861767	5.355472077	-1.253542779	-0.920959115	-0.218848848	0.859645155	-0.052847691	0.525725211	-1.790175697	5.524958188	6.050095815	6.243692921	6.735287127	5.225060421	0.562846795	3.081622718	-0.424838128	-3.520942331	-1.236593613	0.84945648	-0.751831362	1.013928416	-0.66792833	4.550645044	-0.967573735	1.283107699	0.741262118	2.439976169	4.133440403	-0.743665625	-2.41106531	0.685845757	3.903374985	0.092705242	0.899462702	-0.763104185	-2.00141356	1.04580511	0.145155582	-2.286736541	-1.624093343	-2.467992765	0.839775019	-4.156158566	1.473583843	-0.03836675	0.567258873	-0.163524188	-0.533912453	3.034098136	1.735314709	0.872812356	-0.002714833	2.041074666	5.904668587	-1.153896302	1.877406294	-0.374127246	-2.004778975	1.658353481	-2.57151952	2.504348721	1.183827749	-1.104795605	-0.665945581	0.357695112	0.210127432	3.368459312	1.806729107	1.932087755	2.498130326	-1.512633426	0.591298527	1.332814836	-2.930120244	0.731893522	3.493475467	-1.340556443	-1.25081704	1.61186843	0.09407343	0.245386759	0.669527376	0.049798647	0.489662596	-0.308855714	2.48602605	2.194802488	3.031943341	-0.608710435	3.448758513	-0.016251547	-2.810125949	-0.42994179	1.738793168	-0.661014719	0.606877623	-0.243262457	0.348902671	0.205519827	-0.695405681	-1.979923081	3.442267152	3.065847763	0.025264493	0.907072097	3.39246012	0.187644217	-2.047872256	2.63705771	0.64071117	1.684496966	-0.534676336	4.454394072	-0.627281878	-2.731880247	1.185153426	-0.567411231	2.634268316	1.169428611	5.655225536	3.548409167	-0.9599339	-0.109433403	-1.516918865	-0.292782204	-0.132268171	-1.217907916	1.171415095	0.0854002	1.7259163	1.914963947	-1.070985239	-1.141356046	0.2803332	-0.410467907	3.718616406	2.056234701	-0.546709524	1.261178346	-1.606211426	0.817048597	-0.864550908	0.763860747	1.309817189	-1.942394999	-1.069647086	-0.245215259	-1.20938028	-2.454515887	4.721398331	-0.601703466	-1.848609712	-2.01940153	-3.41512758	-2.057112306	-2.333235306	-2.3232697	-0.861198601	-2.903397061	2.15964193	0.034525365	-0.079193803	-1.823827577	1.058725092	-1.94325689	-1.763109264	-0.577248292	-0.697273563	-0.889279652	-0.855799256
Dipyridyl-B [B]	3.045271086	4.423111953	-2.846215563	5.032912704	3.444159342	-0.587947646	1.36110975	1.112705229	1.61890442	-0.276467443	0.013666208	-0.925031068	-0.229214827	1.851722935	-2.650649506	1.192921282	1.434660306	0.384417659	1.748648887	4.750424567	0.181579013	-0.569088242	-0.553477661	-0.943481749	-2.682775954	2.92008707	1.532496251	2.418603249	0.916604257	-0.378344658	1.290724432	3.745659343	5.206273065	-2.248170771	-3.222136409	-1.47488997	-2.55160339	-2.584032444	0.655566109	-0.48045712	-2.208645936	1.28862609	0.932862053	-4.056868699	-1.382374702	1.370889466	-0.740990957	2.312022525	-1.560060012	-1.033190172	1.618953764	2.981885409	3.951351883	-1.334147384	1.826810093	3.163756579	0.271982253	-4.757345326	-0.081489726	1.02029343	-0.486405186	-3.953749379	1.079296145	-3.117373519	-4.941045861	-8.819299884	-6.443945359	1.328861305	-0.053729321	3.219375414	0.52942133	2.022283079	-1.878726208	2.185824376	-0.444626245	0.483695745	-0.173172314	0.033797111	-1.634801672	-1.645516454	-0.334201043	3.098401281	0.637779883	0.299358648	-0.641811596	2.97197956	0.031376654	1.360743565	-2.679452527	-0.612424298	-1.271981591	-0.251068236	-7.000004136	-2.223303552	-0.964839009	0.548308048	0.430847732	-2.815969985	-0.367298707	0.799121377	-1.17805373	0.702382019	-2.939523831	-0.186529532	-0.287490664	-1.243632191	-1.329907829	1.667504913	-0.778323182	-0.342075221	-3.111568498	-0.595916279	1.340104746	-2.143307088	-3.117238333	2.514917393	0.102339402	3.000094084	-2.302916594	-1.606277699	0.265180809	2.322023027	-3.970655648	1.571257859	2.392130515	1.072742067	-0.927181716	6.760101808	3.404738751	2.919720599	2.666987535	-0.376728642	-0.739389067	0.55814611	0.75737741	1.281555251	1.10712432	-1.890580511	5.104237519	3.200091467	5.668222562	2.525773767	3.21853032	0.620529026	-0.996908424	1.34868723	-0.207826478	-2.29038987	-2.476588748	-3.71857206	-2.751811622	2.501210925	6.026778401	-0.8339441	-1.190212307	-0.409044373	2.355851686	-2.609888286	1.881491582	-6.41968055	-0.097508453	4.135185357	0.50201318	2.729172636	2.552962283	-0.223003955	-1.395281488	-1.546805122	-0.893741389	-3.98105627	1.336717843	1.244939706	-1.301017568	2.457500762	0.716417965	-2.363561635	1.146212636	-1.958325091	1.797958562	0.177047991	-1.262692481	-0.004079971	0.193303875	2.982054114	-1.645478526	1.782271118	-0.836709682	-2.174078683	2.554920578	-1.602316417	0.210373752	0.957081274	-0.542273452	-0.12123667	-1.108892177	-1.984191897	-1.008153464	-1.338053863	-1.579091105	-4.293072872	-1.783237654	-2.837061143	1.057840928	0.439340517	-0.424157887	-1.093500697	0.005453177	-0.036822589	-1.594720845	-0.620403844	-0.026035149	1.651517086	-0.285896535	-0.006773338	-3.280967828	3.27201389	-0.190888243	-0.529813143	-0.192580972	-2.787485256	-0.829232191	-0.734928725	0.784401854	0.710474259	0.270924482	2.105123765	0.819735109	2.943407667	-0.852243449	-1.072987689	-0.050791882	3.94963102	2.429755451	0.926681541	-0.8224333	1.782730103	0.882235993	-1.372988068	0.575834584	0.276922978	-2.691802577	-0.419026705	1.494338525	-2.469638587	-2.620382624	2.13540228	-0.786170981	2.249199406	3.910674399	3.927071513	0.306828539	0.819191572	-1.548526574	-0.386886523	1.03049908	-0.219448239	2.747888061	-0.013679015	0.135011825	-0.035698892	-1.343471284	-1.582250618	1.809322527	0.399735554	1.807236193	1.916837303	1.019020036	-0.716268731	0.238858493	-1.789957095	-0.174553211	3.346268067	1.558765323	1.110622229	1.695027322	0.024664361	0.223522884	-0.820361267	-3.941218312	0.02787392	-0.338901165	1.522005624	1.019327322	-0.224853836	0.20194363	0.223136593	-1.603085983	-1.589562282	0.997235326	3.30235591	-1.161991755	0.19129724	0.012963329	0.087703684	4.701976498	0.104191285	1.543562978	-2.278116297	1.292915132	0.943262734
Doxycycline-A [A]	-2.480688371	-0.812973765	-0.76626923	-0.783437316	-0.567655068	0.566184249	0.793211387	-0.29565302	0.089490684	0.712750018	0.894744739	0.858784672	0.612311989	1.06431114	1.138186421	-0.505944442	0.263319113	0.057475136	-1.306217119	-1.298239214	0.137143968	1.163764688	0.092850557	0.400453079	0.795685765	-0.585855658	1.982275546	0.012330733	-0.848555372	1.666134085	0.500582619	-0.86693197	-0.087615121	0.500342166	0.849801016	2.026209596	2.202766614	-0.311170851	0.096927755	0.53981603	-0.425161892	0.551235855	0.783466662	1.201670074	0.191421274	-0.610106663	-0.339651401	-0.132798112	-0.545809278	-0.067816539	0.039761922	-0.012784842	-1.10008939	0.496827222	0.921352867	-1.114960544	0.388194244	-0.024079269	-0.70097865	0.106746978	0.431688859	-0.881941422	-0.201353182	0.054008531	0.078521778	0.473039387	0.596532266	0.782028709	0.057625507	-0.2872744	-0.358984676	-0.819376532	-0.338312143	-1.209434318	-1.82989058	0.302282054	0.762230418	0.440614527	-0.573750846	-0.690794982	0.100727752	5.776393969	0.342695734	0.176503904	-0.242348846	0.678565075	-0.132471648	0.124073574	-0.100749785	-0.445909013	-0.096394032	0.017928324	0.095417192	-0.380785615	-0.52979737	0.213194349	0.729944996	-0.258807644	0.51363077	1.481424787	-0.920771433	-0.969407568	1.063028544	-1.96388634	-0.895155517	-0.413643378	0.21906152	-0.16917205	-0.272678889	0.869111631	-0.327923475	1.313398532	0.10363269	-1.291890818	-0.631881345	-0.193037622	-0.100914906	-0.228843278	0.46880695	0.100439578	-0.667705636	0.248059004	-0.602254418	0.670962648	0.614281269	-0.134136265	0.233677306	3.188068604	2.122704067	0.959483257	0.334266251	0.377841698	0.434370282	0.409246289	-0.055055544	0.09210401	-0.509430799	0.195888741	0.265701561	1.807632997	-0.872319459	-0.30410683	1.549685499	-0.668389628	2.764172296	-0.167908643	0.538667216	0.259223928	0.903723418	-0.216224404	1.043916948	-1.856405535	1.683008426	-0.09244312	-1.167569934	-0.211141913	-0.790597297	0.938807449	-0.080938113	-0.468359033	-0.683801278	0.544950679	-0.310099805	-0.752507272	-0.469451918	-1.124307657	1.388593948	0.947577535	-0.157284734	0.285415081	-0.103177959	0.430601766	-0.059292106	0.060170901	-0.470749956	-0.862061095	-1.776406994	-0.602309212	-1.74223528	-0.841439456	0.793115565	-0.026218159	0.765645333	0.492844365	0.563707565	-0.033017121	-0.673444868	-0.758995524	0.50300787	0.233249273	-1.063698255	0.421946668	-1.00897342	-0.808091947	-0.139423487	0.238612663	-0.551354778	-1.111443818	-0.42411329	0.380460546	-1.967584088	-2.434922617	0.196655151	-0.125773759	-0.088987447	-2.083860844	-0.63503439	0.468913308	-0.303518903	-0.651566196	-1.342537221	-0.9767809	-1.587572012	0.479077372	-2.059240237	-0.972804275	-1.848442458	-1.599496289	0.136436491	-0.412334895	0.199209043	0.58820982	0.35989025	-2.746109682	-0.606857588	-0.690765605	-0.222688665	0.374530557	0.32462194	0.220133137	-0.263946004	-0.093001616	-0.993527868	2.508195756	-1.318229213	1.030832829	1.153944914	0.316686688	-1.067989746	0.165905614	-0.053601893	0.29521126	0.183580052	-0.551565123	-0.58736676	-0.741688068	0.818113933	-0.271285148	-0.807340451	2.078550106	0.990990767	-0.859804031	-0.2813289	0.619792542	0.1065984	0.347352908	0.774123189	0.59045547	0.019168358	0.106533824	-0.5015481	0.622635447	-0.179446656	-0.432744694	-0.197710063	0.447904767	0.616094406	0.686541746	0.528726828	0.599774309	-0.177595677	-0.955070396	-0.232210273	-0.036282395	-1.044059321	0.701143149	1.324013526	0.088475128	0.479178941	0.791570015	0.479910099	0.958826321	0.14550771	0.181849454	1.269817563	0.792773103	1.839205667	-0.544887093	0.221121671	-0.616659159	0.704880563	0.483965676	1.67263766	0.585435521	-1.048936425	0.213189399	0.519008828	2.284237271	-0.364712178	0.243586038
Doxycycline-B [B]	-1.461841399	1.357440687	-0.061363989	0.577587959	-1.413123437	0.140716025	0.674972214	-0.398851815	-0.594831313	0.376713343	1.043369841	1.014614034	0.282635254	0.320867883	-0.363962197	-0.687947009	0.643280276	-0.533138451	-0.843192348	-0.008123598	-0.674296952	0.675983296	-0.719331679	0.090431372	0.321327814	-0.779718943	-0.086344489	-0.751553459	-1.165217686	-0.076161661	-0.794868041	-2.399418645	-1.986132379	-0.386594652	-0.85661937	-1.158854363	1.432893583	-0.703854794	0.580687071	0.291168964	-0.995574575	0.213828623	0.018825191	0.581282921	-0.652398156	0.02544324	0.108671168	0.963603562	0.328601449	-1.579276069	-0.511933776	1.349256562	0.040101003	0.018812122	2.18080247	-1.234743034	0.359929859	0.263107994	-0.196391725	-0.278880912	0.292910109	-0.465773552	-1.330691749	-3.336972427	-1.94902357	-1.065480851	-0.481789359	0.326617078	0.128514831	0.687224668	-0.310082985	-0.52737836	0.890605324	-0.317718037	-1.179559534	1.530851738	0.432811303	-0.01526753	-0.384015477	-0.638505291	0.229265725	4.409632629	0.061328298	0.094268221	0.127750239	-0.913661441	-1.687801457	0.218876635	1.105416147	0.528618934	1.091531052	0.65866555	0.261859681	1.262900747	1.030958566	0.670462229	0.300528764	-0.018145227	0.239677824	1.166362157	-0.426604588	0.395855219	0.029564701	-1.568664989	0.822955093	1.284204436	0.662876574	1.389112437	1.274685917	0.032948508	0.066432018	0.250448603	-0.004643254	-1.537398294	-1.240291228	1.675520342	0.372058995	0.409928481	0.489491715	0.306696647	0.127823011	0.575192498	-0.417025796	0.654893633	-0.25925067	0.453198461	0.463442959	0.67008379	-0.361855709	-0.870421913	-0.821277603	0.471509011	0.469192072	0.097684725	-0.001959707	0.164173252	-0.22412231	0.355896069	-2.238592559	-0.498040406	-3.11593586	-1.457862037	-0.304084832	-0.450441937	-1.038174382	0.462276195	0.048949139	0.756983908	-0.35069934	-0.340413291	0.178780453	-1.080600143	0.412162386	-0.316770027	-1.23841204	0.180601988	-0.309858152	-1.185674834	-0.224441786	-0.079311566	0.338272634	-0.169247011	-0.649884893	0.686613665	1.389840233	0.35873133	0.378068785	1.074287137	0.267807591	-0.04356384	0.226856368	0.070450686	-0.391992483	1.960515222	-0.900521762	-0.564515607	-0.724595396	-0.318114119	-1.454966771	-0.398866253	0.422643475	0.561792858	-0.229490371	-0.74042901	-1.184742914	-0.558675358	-0.447004123	-0.642088456	0.151090683	0.296662086	-1.097947742	0.375324196	-1.479097014	-2.185343249	-0.379868681	0.294039478	-0.376320438	-1.4103699	-0.859845055	-0.080945284	-2.105612542	-2.39218259	1.421772599	0.14879036	1.300395334	-1.719153375	-0.561489049	0.4619498	-0.799153302	-2.504951705	-1.867728436	-1.482431957	-2.495841024	0.356575145	-1.859094656	-0.18378449	-1.709024003	-1.966274325	-0.339885312	-0.470588645	0.710550282	0.545420963	-0.013759677	-2.03585154	0.544395997	-0.131983284	-0.664261206	1.605656613	0.215147962	0.345617007	0.254871624	-1.4955912	-1.366547674	2.539811046	-1.075978387	0.431028562	0.79324314	-0.317846512	0.691924328	0.338072765	1.121039575	0.617282243	0.931899826	-0.567305982	-1.524863204	-1.757198474	0.229051298	-1.1827169	-0.513160134	0.697511745	0.372975512	0.07661561	-0.782790125	0.76801467	0.261229619	0.367409485	1.198857371	0.152358783	0.377107792	0.14496381	-1.592669937	0.375958315	0.401707898	-1.071735473	0.30800281	-0.138258633	-0.384823254	0.955067551	0.393995501	0.521965059	-0.077931453	0.292556857	-0.465048768	-1.807648705	-0.477619754	0.296380967	0.70444792	0.262918118	0.730957992	0.305223315	0.344942467	1.836026599	0.640646256	1.087810351	1.376210002	1.598646728	0.829401	0.571537953	-0.261495237	1.136844545	0.736261897	0.887228299	1.105567288	0.630342441	1.246293693	0.672654762	1.032202173	1.379539891	0.120130822	0.73994643
Doxycycline-C [C]	-1.582408619	2.267573488	0.884847977	1.072888712	-1.51692987	-0.684307798	0.693324225	-0.218622286	-1.08238027	0.028776638	2.352079186	1.000707822	0.338829678	-0.896722523	-0.908616976	-1.049830976	0.063382262	-1.308786024	-0.765202452	0.316195917	0.072242081	1.27763322	-0.943294693	0.074511833	0.053362956	-2.166370073	0.082795233	-2.073332216	-2.128887631	-1.493400839	-0.815582138	-3.405213125	-3.328369475	0.411619177	-0.258809166	-2.288129561	2.524798426	0.319331407	0.521800308	0.597833137	-1.680108712	-0.804970687	0.560938152	0.522494185	-0.804284476	0.571036621	0.703368231	0.817240463	0.603396492	-1.032267526	-1.36503667	2.186987556	-0.20221468	0.328500255	2.640828459	-1.102551277	0.442240868	1.136901072	-0.310121997	-0.763693944	-0.230151565	-0.592915106	0.825811387	-6.714890984	-3.358257125	0.972243141	-0.37205401	0.302421218	-0.133685745	-0.480710012	-0.137647231	-0.765459323	0.142492194	-0.130564736	-1.659439163	2.390236955	0.959390115	-0.57934659	-0.714971425	-0.31601665	0.549799498	6.383470086	-0.182010026	-0.360884596	0.364489459	-2.157745719	-2.346838462	-0.200016449	2.407465987	0.791333051	2.170094137	0.632446929	1.244409031	2.092984785	1.736133833	1.088618271	0.009322919	0.377135798	0.653593709	1.430511999	0.06033689	1.068021987	0.666535615	-0.821882392	1.288316969	0.973437169	0.260696788	1.194628864	1.040505793	0.08596689	0.438178283	0.570743946	-0.850214293	-1.981180682	-1.010724332	0.904393972	1.036962096	0.993003514	0.542697674	0.834776371	0.759293962	-0.136384547	-0.245304089	0.100560158	-0.943425157	0.486305977	0.501642539	0.869730654	-0.47171491	-1.059594734	-1.684155819	0.849452298	-0.18203896	0.307829058	0.228218309	0.462197577	-0.049294137	1.222019449	-3.997850802	0.390753454	-3.890998418	-1.533504927	-1.50918315	-1.158057154	-2.308315995	0.087518562	-0.161950416	0.911241723	1.563676628	-0.333763646	2.37443825	-1.370064146	0.395552273	-0.162024198	-1.929305105	0.780999712	-1.150082007	-1.94691139	-0.990602173	0.206300784	0.720434685	-0.900673552	-0.628671734	0.622097188	0.994025183	1.195142755	1.679762218	0.829351214	0.950454965	0.21304596	0.38291948	1.071861995	0.216302435	2.967920473	-0.377045514	-0.765648218	0.010902317	-0.233411859	-2.456520142	-0.401608383	0.423244641	0.021690596	-1.414707332	-1.065390837	-1.544431795	-1.631767457	-1.733536516	-1.611189999	0.019075897	0.547793271	-3.0613032	0.707554437	-2.073344168	-2.993722143	-1.255212814	1.0105253	-0.259765065	-0.956649854	-0.293656846	0.821891119	-2.127393687	-2.751615524	1.730495977	1.004456956	2.27615269	-2.961474206	-0.465769383	0.674357885	-1.037837798	-2.19419244	-1.899430393	-1.871704624	-2.658464526	0.38759804	-2.468304993	-1.374752514	-2.956683177	-3.221800039	-0.882116571	0.081675846	0.351373833	0.555354075	-0.750204839	-3.294782628	0.100549943	-0.283693835	-1.631353836	0.848254727	-0.320725435	0.796632628	-0.230603924	-1.340853363	-1.439644154	3.481734947	-1.612839279	0.036783325	0.261961912	0.26619756	1.687917561	0.160183184	1.05472653	1.423382334	0.880380845	-0.445891715	-0.735341778	-2.678271592	0.208831555	-2.231416971	-1.753638969	0.254871009	-0.365796417	0.312115465	-1.021014546	0.871641985	-0.096671727	0.245239634	1.559697265	-0.050604679	-0.430623222	0.304659594	-2.221864343	0.245948781	-0.026149891	-0.736701973	0.616686063	-1.762657246	-1.137063178	0.498061765	0.762276448	0.182276017	0.614320854	1.183543901	-1.5267288	-3.057009708	-0.670119518	-0.111632716	0.757575868	0.009786705	1.297178725	0.545575659	0.084925182	2.024921966	1.472171437	1.495096497	1.819462419	1.404976023	1.443428361	0.972259145	0.500110177	2.198461589	0.590652169	0.129074828	0.52412664	0.207083259	2.062577432	0.581622788	0.616986868	0.600976235	-0.149932977	0.282074797
EDTA-A [A]	2.530534723	-2.047891979	0.526066922	-1.975285227	-0.280525735	0.52901822	-0.031493539	-0.150324495	-0.452534539	0.40853859	2.094149599	-0.157327319	-0.714152405	0.373270333	2.653655988	-0.196017108	-0.067692399	0.064090188	-0.734068364	-0.551254551	-0.589498639	-0.261538101	0.258020372	-0.155939573	-0.122415623	1.332783949	-0.310189013	0.698393355	-0.287051764	-0.187282584	1.65339304	-0.951584755	0.243075962	-0.273703628	1.375925042	2.426251056	1.180329297	-0.656144606	-0.425008493	0.022537088	-0.95087015	-0.664063588	-0.550411386	0.873964132	0.895202891	-1.633561392	-2.33653813	-0.43420668	-0.457826912	0.082061539	-0.469598247	-1.583734599	-0.272962472	-0.308239616	-1.73573472	0.315129292	0.477619576	-0.827600833	-0.246882227	0.597442045	0.41904976	0.140614286	0.356297615	3.143368864	2.901169233	0.775781546	1.442693174	-0.314408213	-0.453512133	1.171527821	0.452533862	-0.338144905	0.766451283	-2.892821164	2.078453923	-1.109633421	0.162084922	-0.026007246	-0.184287957	-0.227836142	0.857302535	-1.69343491	-0.226086084	-0.731495459	-0.455588306	0.778999313	-0.452606301	-0.441624723	-0.698581311	-0.135827487	-1.386733316	-0.16564211	-1.825253523	-2.123090892	-2.394582795	-1.723459313	0.434677695	0.114371297	-0.166554352	0.134830956	-0.434266569	-1.559414456	0.522247766	-0.610884063	-0.40011222	-0.348046124	-0.015510597	0.13149125	-0.505080465	-0.037774696	-0.921801528	0.299639092	0.008934671	0.073850861	-1.254124268	1.305220723	0.310425179	-0.665663002	0.439362438	-0.948033994	-0.564001247	0.46920747	-0.221324825	0.70440585	0.010394191	0.602587414	-0.848280416	0.193996811	-1.384074253	3.466665093	2.206529787	0.715510888	-0.061945731	0.220779207	-0.023047343	-1.021881823	-0.456847581	0.272475904	0.805568951	-1.277773239	-0.050745335	-0.549726019	1.800433095	0.00886018	0.421089097	-0.721982251	1.272117164	0.216280736	0.253287353	0.258987189	0.679255924	-0.370532267	0.875906455	-0.071423078	0.539753421	0.453862828	-0.564623124	1.078270339	-0.552395255	-0.009741624	-0.389533181	1.489410261	0.13119064	-1.387256062	0.20723328	-1.186487452	1.049076417	1.179675157	0.831517656	0.412877203	-0.230428803	-0.456673264	-0.424730837	-0.776885914	0.256586569	1.928556025	-0.039020247	0.105685586	-0.311005171	0.85577937	0.234264876	0.062993087	-0.003163601	-0.49990333	0.244995297	-2.318209601	0.962481453	0.62672051	0.006156889	0.809504538	0.400465088	0.367613734	-0.925669619	-0.702897588	1.041777197	0.7468681	-1.621605573	0.491484154	-0.118406002	1.027099961	0.499340954	-1.294418564	-1.125223988	-1.238718437	0.83426126	-0.819414033	-0.185469433	-0.317706076	2.093639729	0.873286155	1.279635554	-0.75058641	-0.474835302	0.430377916	0.588548016	-0.864229844	-0.300805816	-0.121957003	-0.265589503	0.906103376	-0.031262502	0.348467745	0.238128721	-1.93872815	0.048432239	-1.36378944	0.469781601	-0.367958296	1.523179295	0.26021864	-0.730196895	0.360781896	0.401928191	-0.237605812	0.264728614	-0.383758594	-0.260535782	-0.58727138	0.393975094	0.673091908	0.793850269	0.167294067	0.349619374	1.025853425	-2.470029337	-1.184625317	0.069565314	-1.139176141	-0.875104082	2.242978335	0.654598757	-0.917969761	1.229759721	-0.257630311	-0.021291251	-0.459873032	-0.175801955	-0.143102563	0.655920458	0.126090103	0.263569757	-0.623511962	-0.158044616	-0.961754264	0.491212372	1.817063535	0.613191437	0.714845358	0.055914638	0.081170713	-0.194710453	-0.137092246	-0.260793623	0.108859824	0.654656011	0.358784615	0.373116846	1.219492731	-0.455836688	0.35445694	0.615083693	-0.980957731	-0.702100491	-1.490902487	0.303895345	-0.086286057	-0.239386657	1.707801408	-1.037150725	-1.194261601	0.471008048	0.762396328	-0.149080477	-0.137796755	-1.942957281	-0.13272614	-0.619203968	2.153206104	-0.418758234	-0.176162247
EDTA-B [B]	-0.036030399	0.491215736	-0.74233933	-0.894162856	-0.130798084	-0.094653308	0.667101045	-0.984791721	0.878660603	-1.068942122	1.272448018	0.111225048	-0.487721748	0.357792416	-3.194278336	-0.486306238	1.047820672	2.017740435	0.250123619	0.677033323	0.823938877	0.816774983	0.294025345	-0.290740945	0.00749368	-0.111074181	0.413694529	0.666923711	0.308316361	-0.837574444	-1.925141916	-3.486373017	0.056373635	0.182129241	-0.830515239	-1.079651474	-1.929508914	-2.693951714	-0.248690395	-0.588594466	-1.133760827	-0.166067761	0.748461863	-0.15338417	-0.619189197	2.624065407	-0.244922769	0.498971285	-0.019903224	-1.709105008	-0.228088733	0.973639465	0.595840412	0.634900544	0.447731275	0.728645472	-0.200037148	-0.883932662	-0.426461044	2.492286786	-0.125351768	0.245920972	1.589867475	1.069703043	0.439573186	-1.282054345	-1.82864953	2.128818304	0.217101227	1.697745269	0.649498595	0.274572006	-0.262109789	-0.646207575	-2.805656425	0.679259764	-0.462253571	-0.548346949	-0.43706797	-1.912445994	-0.403971223	1.879357092	-0.035365852	0.131531331	-0.217408817	0.331713831	0.554731661	0.566179027	0.079903444	-0.679609021	0.240623419	-1.403192324	-1.695198022	0.291403326	0.786936248	0.990890763	0.510250494	-2.106962807	0.380204908	0.872310004	-0.370501504	0.057904355	1.128092987	-0.656159711	-0.746194526	-0.163436561	0.92128732	-0.747234339	1.421344244	1.370873638	0.550028436	0.78112291	0.295870429	0.611138635	0.356946288	2.135297435	-0.132665448	1.552235369	-1.229670055	0.405837748	0.358889846	1.127700952	-0.716210311	1.484712479	0.996180682	0.605303865	-3.413140953	-0.943319199	-3.253757441	-0.352460048	0.750374044	0.340221633	0.894749224	-0.41514809	1.040456525	2.01387496	0.936288095	0.830704151	0.025849648	0.138482675	1.00837974	0.712589144	0.58687747	-0.839532432	-2.462464567	0.351629374	0.250379701	-0.404120394	-1.308868805	0.018484807	-1.444515857	-2.041089275	4.552992802	1.104903949	-0.516248427	-0.720068093	1.214276522	-0.056935407	0.472925862	-0.047951606	0.058724671	1.55677207	1.588337141	1.080455073	1.204870118	0.141307096	-2.156333556	0.205163908	1.39908683	-0.850867756	1.28518862	0.654584669	0.440178627	0.954190868	-0.093970668	-1.242128715	-0.152740333	0.067076298	0.008822416	0.44742293	-1.038027521	0.211771021	-0.980922099	3.475133262	-0.752113467	-1.679570501	-0.489951964	0.098780958	3.380838279	0.560922291	-0.180269985	-0.656903277	0.801797095	1.03525673	0.46578051	1.2095016	0.230201641	-0.319738986	-1.263245026	-2.487773949	0.005033691	-0.097167093	0.879760145	1.297975816	-0.849626059	0.09620203	0.860051421	-0.557402184	0.637053838	-0.553817142	-0.774638963	0.555787586	1.359738807	0.858674969	0.81304525	1.791763713	0.516529261	0.403716664	-0.483441894	0.172988158	-0.051296916	-0.759284906	0.41396684	-0.574411778	-0.579400908	1.326927923	0.594231698	0.589909141	-0.429988283	-1.094822447	-0.160434799	1.528345883	1.615375473	1.783057755	0.770462651	-1.779966588	0.390963534	-0.238086301	1.293934035	3.855588492	2.92712718	4.257163889	3.240562002	-0.104815761	-3.473173943	-0.441662352	-0.324908243	-0.636923947	0.197700052	-0.393374817	-0.604078558	0.051745741	1.233774717	-0.499908586	0.335172653	0.135325831	2.711124574	-0.052764843	-0.241379139	-0.734850499	0.931011122	-0.375744605	2.011186094	0.156137821	-0.587669348	-0.225841703	-0.463681166	0.883025488	0.375751359	-0.655324714	0.644750759	2.430902649	-0.634734681	0.325476794	2.597603446	0.15266105	0.468885357	0.904330537	-0.949862014	0.126819979	0.556345596	0.512296393	1.942031887	1.369523406	1.27417807	1.475872341	0.414679197	-0.692120816	0.596859922	2.068725005	0.123337463	0.891490803	0.215602896	0.710828949	-0.793163874	-0.069124169	0.103245934	0.059400889	-0.011737457	-0.77493753
EDTA-C [C]	0.398922217	2.533603969	-0.681499967	2.099249509	0.116027264	-1.23430829	-0.232396067	-0.943010211	0.842420614	-0.956949107	0.195805433	-0.131346315	0.388991158	-4.031677668	-4.506378523	-0.488632786	0.380071703	1.492193245	1.907977589	1.703869668	0.622732161	-0.461643592	0.616768081	0.026901757	0.153981837	-1.799229013	-2.542288798	-0.246453133	-0.068019524	-1.517416565	-2.807297777	-5.284723035	0.167701786	0.030992082	-2.334128634	-1.934655855	-1.760807568	-1.120994608	1.255925372	-0.19710102	0.528067593	1.004640339	0.797325142	0.15427007	0.068756485	3.163205285	0.996655332	1.28998791	0.2782687	-1.354938308	0.320395285	2.75284351	0.928242397	1.428453083	0.65989146	0.550060844	-1.062522978	0.441025133	0.699493767	1.85274215	-0.326454398	0.78380303	-0.374741483	-5.761397375	-2.618431179	-2.653174502	0.44046033	1.09665117	-0.105835766	0.612192425	1.261995494	0.562923474	1.798515974	0.580764255	-3.891557189	0.77196567	-0.250139726	0.1162412	-1.096161727	-1.33572708	0.574077517	1.043770621	0.642085551	0.394677982	-0.457105467	-2.050389002	-0.911072903	1.225667307	0.168727663	-0.862032532	0.540433076	-0.327380935	-0.992194548	-1.266091387	0.073650127	-0.570308638	-0.313468721	-0.259326239	-0.780565574	1.425933322	-0.494889317	-0.242122006	0.094582776	-0.12340607	0.80047589	1.808156624	2.100231858	-1.068511463	1.279847522	-0.083792651	-0.172259318	0.610051057	0.464465392	-0.02007759	-0.339213021	-1.090196211	0.594977085	3.496757922	0.770412175	2.171477337	1.325847533	0.322206395	0.035855787	1.462455916	0.504179487	0.450346893	-2.330448453	-5.27824751	-4.498752307	-1.53654855	-0.386111331	-0.163278091	0.197079742	0.447073181	0.916353581	1.452317478	1.031207186	-0.044593155	-4.109707971	-2.339360541	-1.367943285	-0.326214745	-1.816794878	-2.251915265	-1.839921529	2.244932416	-0.826791335	-0.650247674	-0.82841847	1.066634639	-1.683003073	-1.131377036	3.086064488	0.988480857	-0.189798249	-0.698731562	1.796745672	-2.664359561	1.114248009	-0.790614693	-1.581562138	-1.060309681	1.170021731	1.592650454	1.997847245	-1.200132412	-0.264323074	-0.752944789	-0.764868769	-0.48278052	1.123158725	0.78594128	-0.353211731	1.229350721	0.61967211	0.392533271	0.855991796	0.31964576	-0.309971997	1.280942238	-1.24122976	0.547190424	-2.950993908	0.099978762	-0.847102892	-0.863060803	-0.339557674	-0.364868863	4.021906609	-0.19569304	-0.996444297	-0.682083935	-0.802440603	-0.051608776	-0.180414285	0.568361575	-0.527783185	-1.132089175	-2.356856172	-3.242839856	-1.931325798	-1.185324519	3.000427221	1.802206151	0.613385127	-1.92721098	0.036380349	0.34020264	-0.91250944	-0.437865854	-0.455020954	1.213244993	0.061860578	0.774262702	-0.857949803	1.919764428	0.421428291	-0.599431739	-0.866181669	-0.469408633	1.430996059	-0.296637233	0.415276118	-0.77063483	0.076362536	0.814862639	0.341749847	0.899605773	-0.00193113	-1.479430633	0.510644713	1.695435874	1.477359792	0.926883177	1.078472262	-1.032804509	0.61695469	-0.438230987	2.717254908	4.138639639	3.799940666	5.484586837	5.087492209	-0.787779057	-3.28224595	-2.240178575	-0.713527558	0.262683015	1.697309606	0.032051121	-1.717119718	-2.293356901	1.499368024	0.4516567	-0.05730451	-0.224506033	3.799607115	0.513686254	-0.74550718	-0.229200731	0.274986804	0.277814223	0.834076115	2.283130265	0.037167028	-1.530944091	-0.052073262	-0.252628404	-0.021692157	-0.536918463	0.235865684	4.883450795	-0.15150689	0.242178386	2.585846555	0.101633132	-0.245636533	-0.163018831	1.116281804	0.438006472	0.260120081	1.151818346	1.164280688	0.387947594	1.606166365	1.443967545	-0.630850709	1.248712424	2.545395328	2.454317922	0.611607557	1.18483655	0.243899925	-0.625943699	1.006424948	0.255187617	-0.550697538	-1.70134257	1.317109966	-0.573216239
Ethidium_bromide-A [A]	1.006051357	-0.958211008	0.723654147	0.695669443	-1.660205493	-0.171401031	1.050519217	-0.034866832	-0.726934642	0.430232459	1.865223435	1.314520533	0.277805893	-0.162586158	1.889166155	-0.82201956	0.255785548	-1.973997246	0.828847306	0.98374479	0.735926202	-0.987953186	-0.340965548	0.129501716	0.567936551	-1.756888927	1.060594001	-1.437200001	-3.657056058	0.465315163	0.423563333	-0.534700361	-2.118685068	2.068425368	-1.386320015	-4.738731132	-0.314589072	0.116636317	-0.002629238	-0.085984709	-2.487069252	-1.360557044	-0.17356474	-0.137161362	-3.626114765	1.60153469	-0.737691493	2.603498156	-0.551734163	0.554533993	0.163940142	0.613008761	-1.284970557	-1.47392586	0.117982491	2.368414661	0.094424466	1.276430342	1.270984313	0.753962783	1.289532304	0.701908538	0.132443262	-6.82232105	-3.126277267	-1.351103386	0.046945979	1.031358401	0.273634094	-0.324817851	-1.183654946	-1.074189343	1.381249137	-0.94819639	-1.0105898	-1.88364901	-1.825827646	1.128796441	-0.665645197	0.180668504	0.647275371	2.709555198	-0.024655409	-0.572062015	-0.926049675	-0.942262827	-1.630066755	0.667061585	1.286482682	1.24808962	1.905611116	0.766684641	1.214520796	1.116940013	1.611875762	0.05683087	0.628646913	-0.877941185	-1.279931139	1.014748593	-0.232023704	-0.064397218	0.315606785	1.103680033	1.123622224	0.472993038	0.224587696	0.107876114	-0.665950862	-0.178859726	1.082258588	0.444212374	-1.582799565	-0.831969915	0.288985893	-4.167936363	0.310522926	1.704992848	0.261677891	0.726610496	0.143341747	-3.176161043	-0.195712922	-0.764299869	-2.557479563	-0.410929928	0.199449156	-3.119562682	-0.784790262	1.240491313	-2.476261605	0.373010049	-0.618895127	0.630511569	-0.47165554	-1.195360658	0.26028736	0.103150248	-1.590718176	-2.397463424	-1.893216422	-2.542606771	-0.8665514	-1.397708748	-0.7571853	0.036329087	1.061699971	1.361984512	-0.075289494	-0.21261573	-0.43148332	-0.593016645	2.690228168	1.549173068	-0.748148765	-1.356256151	-1.780791386	-3.130925394	-3.350164339	1.315856918	1.705689966	-1.223074114	-0.136233485	-0.150971244	1.158892138	-0.489510873	2.313066926	0.325028531	0.028108567	0.598814073	0.9276137	1.895896369	-1.271456546	0.643140159	-0.282990237	0.972846949	0.806255524	0.875907877	-2.345580429	2.096086679	1.063610879	0.824457164	-1.068379278	-3.5663872	-0.843005538	1.652048631	1.579786861	0.294224494	-2.674172147	0.275956943	1.146756526	0.136359512	0.646315027	-0.472244846	1.475485865	0.530498383	-0.444528658	0.577874415	-0.380775306	0.217458691	0.330797937	0.857652898	1.914948156	1.352157649	0.621574372	0.494095231	-0.186224875	0.587711252	0.4854517	-5.649533221	-5.984289098	1.681179383	1.083370655	1.834513217	1.609360427	0.843920358	0.902953313	0.594793537	0.702282807	0.421731436	0.79160862	-0.17294946	-0.122648465	0.566023908	0.522399896	2.098000714	0.167596718	0.112505176	1.075778095	-0.628188264	0.086357595	-1.504430063	-1.691774623	-0.728614523	-0.497658872	0.092376876	-0.03596796	0.343910494	0.755431269	1.0806312	0.431999595	1.063759091	1.456997198	0.529874408	-0.213981495	-3.353871523	0.726143111	-5.22075009	-1.938655275	0.289086462	0.036923964	0.555256873	0.934421148	0.369349409	-0.319018643	-0.667717921	-0.107322183	-0.340061622	0.140167581	0.002415717	-0.528246837	-0.125546932	-1.158142236	-0.328934677	0.966926935	-1.973070824	-2.372718852	0.451354871	0.233526231	-0.170876348	0.810377305	0.623136339	-3.273802491	-3.962695067	-1.665051713	0.256268804	0.019468559	1.037065517	2.158319932	-0.325852558	-0.177279932	0.842010305	0.592684293	0.610502547	0.808642736	0.815105127	-0.079806868	0.543403072	1.459213342	3.998774868	0.142467119	0.310823452	0.218006819	1.046083171	0.50605393	0.143235783	0.123066642	0.373638739	0.537845374	-0.069689366
Ethidium_bromide-B [B]	0.13270121	-0.369856425	0.888590856	1.473078524	-1.894592501	-0.288284586	0.020186107	0.714857267	-0.608952227	-0.103049865	1.444589077	1.286349956	-0.361592889	0.163914045	-0.58087734	-1.054179977	0.612847067	-1.783694661	1.55958868	0.489481077	0.700584256	-0.538160359	-0.350652739	0.020817451	0.409877314	-2.181047738	2.043971962	-1.776103502	-3.998238922	1.146425472	-1.113523543	-1.326587639	-2.058493411	0.952679022	-2.243368294	-4.853958038	-1.471530635	-0.73758173	0.663768025	0.393991949	-2.607913423	-1.820752285	-0.131985741	-0.529621472	-4.589146763	2.305786874	-0.521909047	2.748215933	-0.953370574	1.21834938	1.005405305	0.908691332	-0.90999724	-0.665398312	0.361343026	2.822896525	0.21515477	1.195555835	0.960359843	1.011671512	1.252070018	0.76797938	0.595994457	-9.203433467	-3.133122165	-2.338432409	-0.746493391	1.492453884	-0.506612711	-0.702170656	-1.271213496	-0.923654677	1.032484393	-0.716272702	-3.179806418	-1.188311621	-2.3782839	0.638703454	-0.297098672	0.455795323	-0.213263205	2.787866567	0.137852511	-0.337402496	-0.700079507	-1.487670487	-1.851368604	-0.121467318	1.752580574	1.413001733	2.047536309	0.592748884	1.613571543	2.17053299	2.423563641	-0.693866039	0.54435167	-0.938074627	-1.413564417	0.520790321	-0.338702342	0.265866099	-0.174994358	1.05300586	0.98804006	0.608309763	-0.193026438	-0.359640947	-0.762244767	-0.395740336	0.71200868	0.3952652	-1.619175702	-1.033134588	-1.719425608	-4.822163522	0.088007896	1.878758743	0.036594715	1.043807324	-0.447310222	-3.073699255	-0.526382362	-0.478402919	-2.631320948	-0.718420006	0.09231718	-3.406884803	-3.009636615	-0.311215663	-3.701077258	-0.168857333	-0.816174321	-0.235825388	-0.481463352	-0.91988829	0.649427789	-0.625736006	-2.319859703	-1.671616722	-2.590549721	-3.682028256	-1.384289168	-0.750475442	-0.619956595	-0.015338118	1.000641362	1.050288461	-0.998632763	-0.520125771	-1.845565884	0.69383036	2.94369809	2.027687223	-0.816363794	-1.315384125	-1.868333401	-3.190804207	-3.041858387	1.507907578	1.140810374	-1.249621802	-0.259625128	0.219639997	0.53069776	-0.100658612	1.362943709	0.193196542	-0.132862281	0.049722328	1.396266408	1.757095882	-0.50843809	1.034377557	-0.336284449	-0.097198295	0.229955363	0.904734292	-1.938142663	2.00845585	0.20768641	1.518327879	-1.952535533	-2.504016779	-1.270547187	1.11135723	0.980471815	-0.303189755	-2.553432821	-0.299163093	0.520697788	0.432087873	0.850011094	-0.426197594	0.873883173	0.283350219	-1.119112054	-0.090790489	-1.559306548	-1.38235802	-0.107938151	0.394008497	1.887878117	1.935454601	0.210005228	0.495907959	-0.166330999	0.160831751	-0.287943194	-5.656737068	-5.618441325	1.95681552	0.14467279	1.488052221	0.780179134	1.021132607	0.309312668	0.262277411	0.358682672	-1.602405772	1.254647391	-0.062088011	0.199190233	0.492516663	0.401291679	2.09431319	-0.18214279	0.252638206	-0.097048866	-0.490873022	-0.088863231	-2.159344897	-2.221729963	-0.607652335	-0.42455312	-0.34246977	-0.014374945	0.745724548	0.285556322	1.243611455	0.816115319	1.980778725	1.86236551	-0.230151501	-1.185382774	-4.51809728	0.213131459	-7.891145542	-1.301788646	-0.448351511	-0.624874513	-0.235234142	0.205178112	0.305319326	-0.003618539	-0.39614015	0.538015046	-0.027321983	-0.819619653	-0.077750518	-0.615064814	-0.061516296	-0.502315088	0.053613644	1.688131608	-1.698761663	-2.183854778	0.083358761	0.355729857	-0.454496544	0.934791901	0.830290628	-2.482052071	-4.093957234	-0.875124842	-0.760138652	-0.006786507	0.535020035	1.169767813	-0.682146532	-0.174701203	1.465396589	1.396876141	1.526823558	0.793341147	1.267898073	-0.345522858	1.083035178	1.655763746	4.167608697	0.223886272	0.767733192	-0.258199553	0.986018393	1.373545421	0.613022445	-0.648511241	-0.469496004	0.344187718	0.469730097
Ethidium_bromide-C [C]	0.024100539	-0.297766461	0.910262784	1.013450676	-1.268491379	-0.159007378	0.246742417	0.599672458	-0.19627227	0.203877945	1.155332443	1.153069536	-0.061965121	0.497062262	-1.5541109	-0.241838367	0.31140549	-1.831048436	0.993471856	-0.029398771	0.818885423	-0.567924664	-0.439133999	0.109993452	-0.027123133	-1.467493784	1.239602976	-2.228126355	-2.669447734	0.229461878	-1.681850692	-1.74903217	-0.731236544	0.757227861	-0.810076277	-4.010865287	-1.024809516	-0.515590377	0.397394049	0.428747501	-1.76601896	-1.361654912	-0.085405422	-0.388813992	-2.746096379	2.938164337	0.24395926	2.534046007	-1.193585536	0.768597765	0.825251611	0.968102972	-1.185681782	-0.721054852	0.461811726	2.27460867	0.282015588	1.140537341	1.236800868	0.453419689	0.865730516	1.113343428	1.530177022	-8.520012238	-3.594412169	-2.1446639	-0.453260584	1.374414102	-0.501071181	-0.990766965	-0.734315461	-1.186573797	0.752851822	-0.061565574	-2.679647897	-0.136971583	-1.716308353	0.834852107	0.092389711	0.690958408	0.108849953	2.517988627	-0.12982082	-0.666954369	-1.022110371	-1.831918098	-1.807044445	0.115276215	1.405950191	0.757094859	1.782052184	1.312699994	2.085606264	1.608970875	2.048791824	-1.415492903	0.158832939	-0.142946522	-1.053305606	0.196216231	-0.233687746	0.534372875	-0.155494216	1.121025502	1.344782845	0.236641805	-0.216146944	-0.592479632	-0.471544804	-0.360779437	0.589985293	0.310028427	-1.50241165	-0.47924085	-1.457479322	-4.794998768	-0.196405793	1.805677779	0.534172495	1.250082089	0.020464168	-2.717994987	0.117812742	-0.312033322	-2.720396879	0.216822689	-0.236920886	-1.263953284	-3.093422879	-0.818269496	-3.093777659	-0.227185938	-0.374232208	-0.211524107	-1.196137919	-1.21004267	0.690009917	-0.185138007	-2.342612998	-3.547926208	-3.133313215	-3.155764622	-1.115624317	-0.621705251	-0.880039296	0.094613788	0.487686027	0.800894197	-0.426565204	0.301077509	-1.290268367	1.258298697	1.780629108	1.520146097	-0.811847313	-0.983669021	-1.780240229	-2.999310634	-2.256709849	0.58812363	0.732202895	-0.678844291	-0.310347681	0.216369633	0.435409649	0.19567385	1.314893601	-0.430402592	-0.150480183	0.149275225	0.503323374	1.24390917	-0.454273958	0.962334015	-0.991132126	-0.287874457	0.353214718	1.13075099	-1.638046557	1.864544939	0.170820241	1.142183309	-1.232136405	-3.670715234	-1.255951497	-0.280202256	1.015331239	-0.366500489	-1.868987798	-0.081623335	0.304564907	0.46175764	0.885295868	-0.167137342	0.665656168	0.231589254	-0.833800551	-0.139900274	-1.186720185	-1.94475371	-0.152729229	0.527879309	2.133596057	1.284926775	0.443258764	0.292290793	-0.144983362	0.094494481	-0.426414664	-5.424901285	-3.458001721	1.705312397	-0.069922296	1.365698002	0.455432132	0.553787113	0.051220887	0.248060232	0.198822092	-1.799278099	1.154442878	0.017435605	0.26293339	0.596512464	0.531283485	1.493702462	-0.023972863	0.40522485	-0.092422042	-0.934791839	0.241953091	-1.851023712	-1.40231939	-0.168059025	-0.359697108	-0.240298292	-0.197184473	0.433048484	-0.000350901	0.853303449	0.826825472	1.073756204	1.469304821	-0.112944323	0.29417374	-3.711241685	0.304253767	-4.06493007	-1.439368462	-0.63318337	-0.73673899	-1.130841174	-0.247581946	0.451888131	0.299636788	-0.393377747	-0.177464212	-0.343941306	0.101658865	-0.140869667	-0.511468971	-0.05754715	-0.964857236	0.360507214	1.527189244	-1.803480779	-1.80730289	-0.017353111	0.206715103	-0.23409915	0.431756809	0.966739238	-1.826706063	-2.76459633	-1.234483004	-0.458441695	-0.142987148	0.189476822	1.229814832	-0.334081489	0.007006015	1.106383216	0.989910174	1.059354739	1.115048469	1.402397966	-0.284491152	0.915944843	1.007820819	3.856713771	-0.180620178	0.187495816	-0.177466288	0.9808329	0.545539577	-0.013087313	-0.348242211	-0.326020349	-0.2331489	0.244706658
Fosfomycin-A [A]	-0.717735155	0.286797735	-0.679057651	-0.478847041	2.17235515	-0.330632052	-0.05576786	0.459547313	-0.44481084	-0.172881381	0.129287853	-0.134889503	0.139818756	1.184327271	-1.288429526	-0.477262447	0.03022156	-4.423411123	-1.262187801	0.615907225	-0.185149071	0.964086573	-0.084070401	-0.797893443	-0.245199793	-1.806680056	3.881068876	-2.167848911	-1.141209627	-0.849719966	-1.398131774	1.867548438	0.951267338	-0.834890531	-2.932937449	-3.685619989	-0.417149616	-0.551128361	-0.097534027	-0.027246518	-1.042443464	2.963186553	0.476678074	-2.179093899	-0.878226632	-0.422122336	3.882179156	-0.2843999	2.351471268	-1.467357742	-0.576517758	-2.772536779	1.830099446	0.182792935	0.258161063	-1.059953663	-0.408446165	0.743691242	0.485639597	-2.361454724	-0.240641594	-1.146377847	-5.008180497	-5.268884609	-5.651909773	-1.231676794	-1.693808302	0.080445959	0.578791202	-0.634295696	-1.608369361	-0.397015374	-0.079973337	0.38513866	6.133451248	-0.289463965	-1.328889257	-0.721608249	-0.494282762	-0.879157017	-0.348261148	-1.150016027	-0.494226325	-0.232114446	0.326773374	-0.013458714	0.843609189	0.961443055	-0.024565743	-0.286602824	-0.51873631	-0.551939533	0.068129613	-1.419625303	-0.823967185	-0.465931391	-0.156437726	-0.537930375	-0.597269789	-0.274620971	-0.557928249	-1.392158817	-0.345952325	-0.674361655	0.906270702	2.06137933	-0.085950283	-1.506588184	1.961537185	0.017995822	4.954780806	-0.061696568	-1.277679601	1.578629025	-2.20476582	2.214749895	0.251243113	-1.533258036	-0.317873501	-0.321800553	-1.121076799	-1.306737782	-0.271629064	-2.304953342	1.368875703	0.024327667	0.776047898	-1.932556661	-0.843093643	-0.208252695	0.072456764	2.17770716	3.926556033	3.389355267	4.754082354	5.094495821	3.550238759	2.821602588	-5.344781821	3.490809935	1.757249301	-3.365102453	-0.928666555	0.948370042	0.002836817	0.639459929	0.262530215	-0.621854727	-0.298624328	-0.768752226	-2.056583536	-0.82273918	-0.674511877	0.633756484	-1.886219213	-1.567443248	-0.902449079	-4.046671944	-1.549115616	0.674859984	-1.431622131	0.490912502	-0.467255785	-0.546297411	-3.213014239	-0.828670664	-2.038955268	0.282581534	-0.487436369	0.672885677	1.252452222	0.769816436	-0.291875867	-1.69836161	0.805961382	1.187608346	-1.402810328	-1.006947391	-1.96800854	-0.654579066	-0.88980212	-0.025297568	0.032092475	-2.269770727	0.86831475	1.037117834	0.113508894	0.218965832	2.242923391	-0.87671016	-0.267715824	0.099266065	0.470700882	0.836431834	-0.766688279	0.275784707	1.681489203	-1.230521059	1.064985931	0.143954594	-0.695130104	1.562646635	0.675474954	0.944538567	0.064965362	0.756407509	-1.185968796	0.202617717	-4.03192207	-6.997811967	-8.388668351	-1.876673782	-0.228359412	-0.202271716	-0.215805799	-1.371442342	-0.291993688	0.252757768	-0.448549709	-5.800003962	-2.211271639	-1.022015797	-0.600251683	-1.290853157	0.922556901	-1.210673268	0.039478271	-0.71499119	-1.345841661	-1.012549504	-0.310119008	0.804941094	0.689422501	-0.436530883	-1.072490368	2.389909625	-1.193638622	0.108413569	-0.681391886	1.212941921	0.450367194	2.28849171	1.16240809	0.825458237	-2.011754405	5.910927621	-0.071687262	3.106285891	3.56370543	0.066618525	1.536533662	1.71545342	1.09057508	-1.48958693	-0.497423312	0.577119002	-1.46105938	-1.623227895	-0.532200846	-0.252921009	0.001043375	0.643553296	2.339897001	0.263321532	-0.328194872	0.079794713	0.192570155	-0.771208885	0.170154038	-0.888117928	-0.17333738	-1.036426929	-0.347649513	-0.570663537	1.019611768	-1.058257795	-0.304821881	-0.183937156	0.933888683	-0.252534006	0.520260487	3.108060306	3.501726177	4.042780222	2.295017703	5.273762059	0.696959398	0.778171754	0.324910288	-2.4721586	-0.028379614	0.08177428	-0.659701425	2.268834721	-0.700751661	0.653171055	0.215759616	-1.276791335	2.160956252	0.439611251
Fosfomycin-B [B]	-0.381703643	0.903359776	-0.71788574	0.65247903	2.859142435	-0.269529918	-0.437522447	0.619207069	-0.384583585	-0.944557405	0.178816356	-0.45143983	-0.099248279	1.657671377	-0.625209279	-0.317373121	0.41777538	-3.636402823	0.005755435	0.344805876	-0.247028254	0.150106818	0.346229562	-0.691886779	-1.344374703	-1.449931817	0.431341535	-1.56993307	-0.692590229	0.072397365	-0.145724284	0.123931978	1.900855896	-1.402917992	-3.195350819	-4.647940638	-1.318117481	0.322543369	-0.208965563	-1.739788569	-0.0742801	3.950983602	0.341884679	-1.919642687	-1.843914243	-0.20103033	5.110120256	0.143637985	2.724644809	-1.104602947	-0.058199915	-0.690669235	3.558596474	0.701338923	1.363812339	0.510564306	-0.076999142	0.826210132	1.540794166	-1.642162629	-0.104666058	-0.165625317	-0.432384088	-8.841222718	-7.440065075	-1.10086146	-1.585397921	0.131474833	-0.318110955	-0.438682802	-2.313529321	-0.158645866	-0.287602547	0.516275948	6.483405269	0.916570634	0.099317803	-0.853461293	-1.099725391	-1.056039058	-0.278506202	0.351887594	-0.567374602	-0.018994834	0.095212683	0.456573699	1.227884579	-0.711518307	-0.169005378	-0.082367008	-0.721950036	-0.653187084	0.201314274	-1.581639811	-1.60934061	-0.792325359	-0.704592842	-0.365065002	-1.066396979	-0.777669307	0.279536565	-0.958173739	1.384918605	-0.782565801	0.923688094	3.122380208	0.533185382	-1.943951818	3.160756968	1.137787006	6.207501056	1.14493777	-1.371641464	1.232025463	-2.563298772	2.698049558	-0.126604898	-1.567499383	-1.242280397	-0.302987233	-0.546663773	-2.06925775	-0.056706972	-2.111091318	1.265785651	-0.182090335	0.380808715	-1.046605768	1.656759533	0.324629506	2.123952244	2.159025485	3.477201015	3.250067747	4.384868079	5.709111296	3.028008635	2.892662471	-3.784475548	0.914394507	-1.687362904	-0.261602085	-1.28713584	0.509998493	-0.587078975	0.110692286	-0.558734291	-0.32424528	-0.870015129	-0.323058814	-2.795483066	-1.486829012	-0.228817129	-0.155393757	-1.061253627	-0.488191475	-0.626890542	-4.811679758	-1.558652121	0.104427145	-0.656379616	1.745518237	-0.021607378	-1.479853922	-2.35381491	-0.25095916	-2.402648636	0.378943866	-0.42734991	-0.006274069	0.635468656	-1.009984652	0.32893456	0.061005753	0.271846893	1.402685023	-0.632468498	-0.917706366	-1.833171696	-0.784266949	-0.48348845	0.891153965	0.474898325	0.487266798	1.465811059	-0.150186543	-0.027498559	0.624300961	3.635630881	-0.453783259	-0.728797311	-0.364694108	-0.235043695	-0.339824083	0.697230769	1.055078879	2.320243003	-1.759363238	0.964089761	-1.864501206	-0.112395147	0.851765346	-0.8228258	0.390380824	-0.108192333	1.76666041	-1.521900135	-0.193576038	-3.921677619	-6.58911298	-6.036408708	-0.105703944	-1.875705645	0.816601427	-0.172117307	-1.155713702	-0.965826997	0.516614733	-0.863880884	-2.509111106	-2.060579431	-1.105753038	0.837665463	-0.749830591	1.343207904	-0.64040741	0.494761554	-0.976462505	-1.498228508	-0.516425212	1.049005558	0.280895921	1.358174796	-1.5135813	0.06030405	2.337977441	-0.562282426	-0.247176319	0.068258793	1.05610192	0.393388915	1.680665704	2.458561462	0.696667993	0.194159173	4.294476141	0.088580579	1.38996897	2.350718498	-1.273390906	0.204714665	2.579774347	1.004951247	-1.664302923	-0.192378363	-0.586420648	-1.100182235	0.088923528	-0.490705106	0.084175557	-0.12246497	-0.180650069	2.446544601	1.025576761	-1.225699063	-0.689956496	0.114803176	-0.750667156	-0.429083926	-0.765655187	-0.1090502	-0.887060801	-1.078818165	-0.55237375	1.230859024	0.435055518	-0.540524592	-0.712387382	-0.346063206	-0.168086008	-0.093649749	2.134277552	4.186010978	3.808803827	1.90820662	4.092534973	-0.220762686	2.207872761	0.319200935	-0.855798304	-0.795337084	0.656150826	-0.659028744	1.335452805	2.765315557	0.189555711	-0.719960209	-0.023178117	1.951565321	-0.074574552
Fosfomycin-C [C]	-0.603343661	-0.41667728	-0.647199498	-0.261830335	2.148125853	-1.001838846	-0.566521209	0.505998317	-0.67524161	-0.548965859	-1.388681795	-1.114405304	0.57706547	1.995579638	-1.563840786	-0.67934815	0.181519363	-6.297639141	-2.40708781	0.440233819	-0.664349777	-0.807075267	-0.290788527	-1.139626415	-1.426306871	-3.331978454	0.28852343	-3.708649163	-1.083553244	-0.334879282	-1.525271605	0.492626484	2.376984777	-2.314966482	-3.87508127	-4.743374792	-0.647448146	0.433447493	0.031946233	-0.584353937	-0.722002208	6.692785549	-0.271091104	-0.51097172	-0.149263001	-1.454116382	8.23364965	-0.565554037	3.561349744	-2.882816184	-0.499623231	-2.117997696	2.059657904	0.841550591	-0.005397567	0.015257612	-0.662135545	1.81901697	1.136624773	-2.828993125	0.468245372	-1.639629782	-5.103444527	-10.30310811	-11.0907145	-2.665107257	-1.210811884	0.529003563	0.318388756	-0.982565358	-3.955652312	-0.30364891	-1.069751928	0.17491214	8.240181495	1.264013867	-1.867180088	-0.910238178	-1.161758343	-0.86651654	-0.326545608	-2.077199265	-0.760760091	-1.019884455	-0.454659907	0.498737752	1.222112426	-0.025292665	0.113240813	-0.335738109	-1.644189519	-0.051739013	-1.5137819	-2.289810851	-1.90038964	-2.005143412	-0.518321757	-0.364188219	-0.081199432	0.008695799	0.916555565	-1.491917404	-1.057932085	-2.029453586	0.497248417	3.77831337	-0.037249835	-4.140966658	4.025298708	0.491763125	7.52012569	-0.647490552	-0.898092591	1.696438025	-3.029141527	0.958962768	-0.850113329	-2.413718324	-0.585079499	-1.483670978	-1.234574275	-3.450858748	-0.482384235	-3.261891502	0.984583358	0.652474178	0.156531903	-2.275588787	0.392190787	0.529606668	1.406807799	2.855997287	5.298050884	6.459066925	6.539045004	7.918112876	6.329161818	3.175278081	-4.056660764	1.543562931	-1.237341112	-3.976631315	-2.314805302	0.619023054	-0.88892776	-0.269214688	-1.006240032	0.579940665	-0.513897215	0.775283908	-3.97065339	-1.583461202	-2.755739534	-1.345005997	-4.431606158	-2.4732457	-0.044603036	-0.185383195	-1.664475392	0.312534135	-0.978549255	2.696656179	-0.978444155	-1.558163094	-4.423356407	0.288327641	-0.944855276	0.844279641	-0.854179563	0.760009531	0.175822904	-1.014454414	-0.248979321	-0.251640793	1.60569375	1.641480188	-0.979065508	-1.531519627	-1.144273744	-2.867969688	-0.757391427	0.905701734	0.518531776	-1.972736407	1.241074522	1.032794243	-0.306418899	1.046261112	2.406917127	-0.451405935	1.021869915	0.182390055	0.941267816	-0.580273915	-0.198409158	0.039254148	2.613519873	-0.268749496	0.796036696	2.299169773	0.385199973	1.856940379	-1.752925629	-0.222925931	0.222093089	1.561795011	-1.857689905	-0.631345179	-7.563416929	-9.266765929	-5.560900074	-2.279157779	-0.497370456	2.537948028	0.697394328	-0.659901312	2.054024242	2.30731544	-0.185145557	-5.491598945	-0.563563104	-0.199251667	0.059350154	1.135236751	3.385279635	0.287173642	0.265438446	-0.076107367	-0.42226913	-1.355334998	-0.136896144	1.63525457	2.087808792	-1.101948647	-0.84550623	3.852999915	-0.393951165	0.031469302	-0.81056229	2.103897956	1.769073863	2.929418019	2.771128503	-0.511481029	-2.233108024	8.007691157	0.674976211	1.089539101	2.083941623	-1.057825613	2.390213603	3.005155756	0.543626485	-1.390164134	-0.735373804	-0.591469332	-2.448735553	-1.164257707	-0.215146613	-0.603250129	-1.401242386	-0.296430767	1.018715153	-1.188060168	-1.083111919	-0.321189992	-0.980842011	-0.625662223	-0.319758248	-1.24921011	-0.304435415	-1.162152105	-1.113689126	-0.578068267	1.151449018	-1.37322386	-0.202000886	-1.381781676	0.255694367	-1.183395173	-0.789101774	3.226323637	4.358583037	4.301867115	2.860257468	5.420451049	-0.895782812	2.124947108	0.298554608	-2.500178795	-0.645394577	0.306986169	-0.755976718	3.805620316	-0.097225597	0.035025835	-0.641508708	-1.384526535	2.993332771	-0.107926926
Fosfomycin-D [D]	-0.744051462	1.667006497	-0.317416756	2.415664571	2.26177923	-0.703304076	-1.019359852	0.435400067	-0.142130795	-0.300538418	-1.291048677	-0.688456887	1.320737603	2.503553962	-1.729281808	-0.277349362	-0.250754343	-3.938763832	-0.521774742	1.574279891	-0.428663489	-0.221997087	-0.260006787	-0.904708398	-2.331920506	-1.918423214	0.58809975	-3.308502326	-0.661908323	0.779152178	-0.758924309	-1.602707478	2.259600491	-1.989061806	-4.161944007	-5.362095074	-0.215758065	0.701090667	0.485581975	0.04776898	-0.680804446	7.051790862	0.621537108	-0.087663582	-1.324151145	-0.881553284	9.23222573	0.288788849	2.200269681	-2.541016004	-1.539908872	0.504073427	2.272924307	0.211378081	1.212625728	0.742923683	-0.383110977	1.852919199	1.604022451	-2.248925981	0.176079361	-0.382099145	0.232305864	-12.70133573	-8.716743294	-5.032276841	-3.545261858	-1.548898849	-0.275027113	-1.120837285	-4.061630524	-0.157241019	0.152030403	-0.036247857	8.246713565	2.950903967	-2.341929641	-0.717348823	-0.311938202	0.174679342	-0.023815849	-0.920769895	-0.71244257	-1.00843088	-0.207129413	1.856736326	1.962572707	0.164947214	0.098218581	0.02049917	0.223131986	-0.486267612	-1.102035795	0.025028519	-0.408922686	-1.001020857	-0.243884755	0.385209234	-0.327580898	-0.544995367	0.952958464	-0.576344884	-0.970902265	-1.029266145	1.012249969	4.201028689	-0.37928482	-3.108637158	4.809284244	0.491112361	7.68731705	0.020845307	-1.324266673	2.283320471	-2.553029225	1.158938352	-0.658149573	-0.993433448	-0.946309535	-1.59038634	-1.101940067	-3.288871994	0.483450735	-3.510686695	0.20849548	1.113007425	-0.059419048	-0.817460089	1.407485782	1.234023993	2.86949279	3.196688597	5.809220067	5.743304242	5.626719712	7.557484509	5.262111419	3.546213812	-2.181071422	-1.356099797	-2.427964455	-2.238293486	-2.206695534	0.366767682	-0.672827355	0.30948845	-1.189189575	0.331284502	-3.040596028	0.240064785	-4.029209553	-1.670001683	-1.738536028	-0.551810394	-3.842433224	-1.887971229	-0.044921789	1.087782743	-1.49718126	0.432712245	-0.795295286	3.724841971	-0.037805858	-0.355985198	-1.835076107	0.638996585	-0.023618924	0.913432926	-0.767357665	-0.126184666	0.484457319	-0.674682143	-0.350342103	2.346880678	1.554246774	0.488234175	-0.666916728	-1.437338147	-1.301632331	-2.888769507	-0.777176172	1.230630583	0.373787356	0.022520271	1.127608036	-0.536639426	0.342966981	1.16583991	2.646731815	-0.651611698	-0.760880289	0.319479478	0.5066813	-2.294115297	-0.172031305	-0.301132163	2.551972978	-2.376953155	-0.498624699	0.286196782	0.260889499	-0.730948809	-0.859360715	0.067691997	-0.606719753	0.902478253	-2.755956763	-0.815015041	-6.970069081	-10.3240743	-3.255463629	-1.153201236	-1.780952864	1.643844389	-0.541914378	-2.090776549	-2.022483673	-0.609856954	-1.389470775	-4.550747761	-1.611265042	-0.757024814	1.054738399	-0.594573845	2.759077594	-0.557713625	0.097965702	-0.119480159	-1.825305313	-1.164367562	0.49247905	1.692566179	2.448840787	-1.195522785	0.176024964	3.837827718	-1.220085863	0.324867104	-0.546405235	1.43150809	0.820678684	2.642171572	3.674236377	-0.428729817	-0.684325832	5.165793912	0.496989006	1.304879922	1.877058888	-1.752610188	0.687549834	3.048912705	0.007123617	-1.828051024	-1.053257435	-0.161258923	-1.878717708	-1.200304366	-0.995324466	-0.224815174	-0.676139317	-0.267445095	0.722283483	0.081894828	-0.195879945	-0.319988915	-0.511747781	-0.055444247	-0.136342755	-0.782931668	0.424501637	0.077162231	-1.434506309	-0.607019084	1.377691081	-0.906219185	-0.746927143	-1.557382166	-0.303375426	-0.717655491	-1.010367055	2.499117777	4.409266894	4.238469622	2.457542743	5.3357401	-0.56211934	3.595173466	1.62083357	-1.330365329	-1.126052848	-0.235119533	-0.901868788	1.96744801	2.475516517	-0.012821111	-1.270217494	-1.464007978	3.518687055	0.051400721
Fusidic_acid-A [A]	-1.850518303	-0.832613469	-2.051392434	0.602934031	0.136313515	0.24875128	-1.160901741	-0.81533457	-0.657799529	-0.844701409	-0.216390032	0.230313935	0.216136195	-1.671533735	-1.020521808	-0.054895165	-0.627067179	-1.006387937	0.712953112	-0.410193044	-0.517282997	-1.029938118	-0.390095951	0.364615674	2.151082126	-3.895590719	0.833350635	0.319073446	0.017820504	1.319577688	0.174497294	1.60136251	-1.05213346	1.415000611	0.645436953	0.590018113	1.524307804	2.762395446	1.002336109	0.301282009	2.187199067	4.765198791	1.468278935	3.100753172	4.374302158	2.381068883	1.47837257	1.048768638	1.396068612	0.305097007	-0.033948708	1.00880707	-0.700669184	-0.646272211	0.428255865	0.979312856	-0.119465999	0.463711591	-0.715995084	3.061205427	0.031969307	-1.868639151	-7.477996991	0.588055518	1.880728129	1.829618387	1.627944618	0.451109542	0.434701036	0.084150701	1.282243265	0.692318642	1.703408522	-0.76252496	-1.868327447	-0.397888194	-0.750241451	-1.118531259	-0.739184021	-0.713258833	-0.77017159	2.637554636	-1.331640472	-1.19031489	0.999890135	0.342303828	2.285217396	-1.110942942	2.316096017	0.182502093	0.1732175	-0.854419678	1.512955231	0.481175566	-0.114551154	0.877252653	-0.374509614	-0.752588091	0.621077221	0.138798315	1.039340823	-0.934809749	0.523409058	-0.039989281	-0.900882662	1.515185374	2.330961668	0.00326681	2.069379856	-0.549003057	0.788674819	-0.432799841	3.079984486	-0.074316221	1.841350884	-2.313868287	-0.023049239	2.18416768	0.963205234	0.826248904	1.96803394	-1.178074155	-1.229345782	0.452122226	0.599990137	-0.379304909	0.118432992	1.932615926	1.193692113	-1.845218098	0.897274661	-0.079709627	-0.172657802	0.71631854	-0.541409116	-0.023974742	-1.601987724	-0.426166005	-0.788944298	-0.643539587	0.434195292	3.398228517	-0.588897282	-1.657665423	-0.05282073	-0.00408901	-1.258646866	-1.313333454	3.018167994	-0.435568665	0.762214954	2.354911463	-0.272432209	0.05196942	1.145036422	-0.415159861	1.957545789	0.003186695	1.405417461	-1.692063843	-0.551367508	-0.284934459	-0.090677555	-0.691564839	-0.956264904	0.759288236	1.806087309	1.038353711	-0.213947181	0.948300937	-1.167311843	1.682725823	0.406012107	-0.682726798	-1.008532208	-0.273570798	-1.345271662	-0.570823419	1.037158988	0.481543776	1.717622476	0.108267099	-1.478016881	0.425007511	-0.822391523	-0.020176296	0.546692466	1.295562833	-0.301072171	0.047626681	0.196910504	-1.340046807	2.188160608	3.277235373	0.139503037	-2.261102921	-0.265402797	1.179467447	-0.72544075	2.017052895	0.864214634	2.824763327	0.867036076	-0.74004257	-1.659394702	2.293632756	-0.254517134	-0.646167718	2.824194609	-0.903512309	-1.632791833	-2.045672949	1.356830007	0.550638761	3.124441268	-0.530238827	3.283844588	0.838041798	-0.673492768	1.5918475	0.934290126	-0.553068778	-0.741939324	3.444432647	-0.973175345	0.057304606	-0.063325247	-0.475922591	-0.314278463	1.133769065	-0.428076368	-0.891382038	-2.007804038	3.364985065	-0.100570911	4.044782311	-0.768687926	1.498890576	0.299590972	0.342982687	0.636572651	0.835123176	0.763897767	0.771077796	-0.414653338	1.320844337	-0.229849572	-6.598147042	-3.002670931	0.050271149	-1.83494199	-0.43450912	0.253619932	0.632182	-1.348164326	-0.834219452	3.108572791	1.56017456	0.05851262	-0.289602862	-0.350909065	-0.014445686	-0.301430604	0.599316678	-0.6400686	-3.354731631	-2.890465523	0.052689117	-1.071535924	-0.08522749	-0.375649665	0.497568686	-0.473786758	1.146172055	1.824307534	-0.171504406	-0.751593993	-1.256643354	1.96336165	-0.161555687	-0.488954488	-1.046933149	0.152852947	-0.139271664	-0.683511216	-0.115795133	0.168797261	2.204775414	1.24804981	0.853909359	1.454456395	-0.510866326	0.666711369	1.957705367	-0.746683416	0.417504021	-0.427497338	1.436203366	-0.563881505	-0.033295668
Fusidic_acid-B [B]	-0.152990676	0.145149793	-1.604814408	0.700244302	0.60729938	-0.391796131	-0.706908383	-0.980162329	-0.032070556	-1.250639663	1.075506003	0.010294988	-0.00698505	1.855201224	-2.04469885	-0.596639406	-1.258704996	-0.816903054	0.10131931	-1.89971972	-1.107672472	0.708129625	-0.298947545	-0.186626619	1.287622202	-4.261024622	0.202328072	1.291079675	-1.049556716	-0.549946905	1.425617145	-1.919577226	-1.55658797	2.383036046	0.326572815	-0.415206235	0.93947827	1.575073273	0.458138499	0.384773295	1.599582208	5.80766897	0.171559789	1.521307518	2.29553376	2.394564129	2.438365522	0.800744205	1.531335913	1.783688867	0.381971501	1.417513237	-0.439323715	-0.340660788	0.109736886	0.305501159	0.548395414	0.255099177	-0.332205108	2.993903999	-0.707370737	-3.005058592	-3.291181517		-1.039349363	-1.210296314	-1.018356107	-0.747057132	0.16288741	1.22127796	1.887244245	-0.346954747	2.228227213	-0.763429821	0.105588826	0.133586529	-1.525721426	-1.107382933	-1.000534101	-1.577399631	-0.691134415	2.493385106	-1.164529294	-1.312842946	2.404503815	1.647304148	2.844249024	-0.30713344	1.913891957	-0.281750079	0.005782803	-1.402704112	0.951666903	2.109904421	1.389620815	1.815288761	-0.201351831	-1.860312497	1.184792624	-0.854084703	1.588906231	0.60819525	0.477471445	0.85903443	-1.249174885	1.986993153	0.786155178	0.994221983	2.060196824	-0.206896825	2.450122153	0.582180454	2.997752171	-0.307082079	-0.551739546	-2.757833033	-0.19728644	3.788910375	-0.213684869	0.501613155	2.917427354	-0.519325334	-0.716763988	0.686127163	0.301907091	-0.419391312	0.657683633	1.529595188	-2.364271881	-4.176826936	-1.668325123	-0.219186857	-0.183119135	-1.209091451	-0.362688632	0.276764019	-1.72754553	-0.325406382	-0.479692348	-4.257320873	0.709246058	2.656646221	1.229150858	-0.279095302	0.682108785	0.023373195	-0.710584032	-1.51451284	-0.206342934	-1.551482483	-1.551175637	2.070477846	2.702996514	0.123738446	0.156436572	-0.157614805	2.52024524	-2.728367467	0.926670355	-2.055316422	-1.214761201	3.518399623	-0.661396126	-0.154420507	0.968815464	2.808794114	1.098122771	1.291956528	-0.166402108	1.27560034	-1.037738633	0.14828512	-0.649033388	-0.735943347	-2.066761111	0.379883129	-3.771144609	-1.431375206	1.446055991	-0.028518475	0.679206442	-0.401590832	1.517637561	2.312941935	-0.202300132	0.314597279	-0.422630898	0.968884897	-0.529098074	-0.037306266	-0.612980267	-0.960194076	2.461544028	1.002831318	-0.530916204	-2.854285164	-2.377834253	0.004610513	-1.88114778	-1.6743899	1.454178087	2.958127969	1.018558588	-0.405494792	-1.445585451	1.332470821	-0.339651517	-0.404045055	1.174358052	-0.952106727	-1.983728028	-2.007656197	0.687767372	0.437058833	3.05807883	-0.543340471	2.685461332	-2.553876614	-1.213647064	-0.7612025	-0.527013303	-1.429036751	-1.014436539	2.512229055	-0.240149653	-0.65433839	0.675673905	-1.036981427	-2.431204117	0.829428131	-0.751429947	-1.738831266	-1.991121608	1.989242254	0.045118535	3.317461994	-0.073048836	-0.122103224	-0.072866711	0.627615159	1.719107644	2.406136008	1.795823726	0.820701609	0.239760415	-2.186642337	-0.055602058	-9.53358789	-6.534336978	-0.819011894	1.933357569	-0.387313069	0.220171238	0.629896999	-0.510515729	-0.722760559	2.262339106	1.007998543	-1.551624971	-0.221738806	-0.935666542	0.392898601	0.658681113	-0.35676089	-0.2821848	-6.45050262	-4.806480476	-0.089266572	-0.735562628	0.074058154	-0.899507634	2.771704391	-0.648027732	0.882669397	1.697676516	0.32601884	-0.664789897	-0.539724509	0.416657646	-0.462176149	-0.168330421	-0.108121575	-0.532534091	-0.306358846	-0.053511244	0.380843546	-0.138625574	3.646050607	0.298503383	2.447726443	0.521251508	-0.700336836	0.238334181	1.257305099	0.634146545	-0.067060961	0.07545095	-0.523994394	0.292924723	0.122784242
Gliotoxin-A [A]	-3.64202321	1.110897518	0.171050683	0.552798527	0.551544217	-0.709653462	0.269467545	-0.079229369	0.408548938	-0.528553461	0.777216396	-0.25707656	-0.40960194	0.994333174	-0.687049816	0.356713578	-0.465258336	-1.552904523	0.944774516	1.282465269	1.420337162	0.846421208	-0.326234612	0.326065099	0.818560643	-0.993578234	0.53267699	-2.052872355	0.250330875	-2.612084444	1.135641121	-1.730174156	0.947715159	0.787739637	-0.68871329	-1.720882853	-0.048662184	0.522847979	-0.589619526	1.663279828	0.549773314	-0.826426238	1.359667215	-0.454363956	0.605841898	1.793271311	-0.575396263	1.945673148	0.934496334	-3.659641491	1.951578599	-0.342702972	0.411270143	-1.353276503	-0.520535974	-0.302273911	0.691960916	1.419714517	0.332285424	1.723505929	0.820454554	0.603213207	-5.689309714	0.430362368	-0.674667248	1.044593315	1.221447998	0.823514823	0.906960454	0.385419203	0.577313815	1.28271147	1.014427027	-1.052072543	-2.288516969	1.615516342	0.987691434	0.825139444	0.110504553	1.201775749	0.408760593	-1.08576171	1.596903021	0.26493724	-0.610520174	0.270162983	-2.667327395	0.116109043	1.040309625	2.649950944	1.352853366	-0.005045457	3.064866396	2.297311419	2.226967248	-0.911648598	-0.330473581	1.049216423	0.583472229	0.527998922	-0.219955888	2.21276275	-0.631287093	-0.697949755	0.471934956	-0.717272631	-0.675161617	-1.693488817	-1.757872427	-0.088928208	-1.304714181	1.050795505	0.066541015	-0.49984741	0.126698446	-1.885762285	-3.885526266	0.993212974	0.786652397	0.792070816	-0.365808769	-0.327468867	0.773040818	2.000608658	-1.703683758	1.286404132	0.968777171	0.943192287	-0.417160878	-0.382156101	-1.254597029	0.076051762	1.15714396	0.869044428	0.00997661	0.913763745	0.095185691	-0.48419124	0.816781079	0.410169176	0.419255157	0.685094601	0.981625406	0.179815439	-1.369445465	0.637546006	-0.761413311	-0.308040853	0.563025299	0.455581229	1.831043884	1.105273218	-1.456574772	1.56812031	-0.087958516	-0.30794594	1.378397319	-1.279851916	-0.131603183	-0.302765331	-1.845235465	-1.120794675	0.911827178	1.855327142	-4.232456759	0.137825746	1.558810675	0.7678627	-0.396616049	0.533952353	-0.561221554	2.409032974	0.18613158	1.924951717	1.294176095	-0.188140567	2.116340832	0.143344642	0.870082216	1.237599563	-1.121601851	-3.2210245	0.339692694	-0.285561832	0.555570605	-1.002342312	0.971321054	0.148727324	-3.867594746	-0.11875391	-0.240834173	0.313071312	0.312048033	-0.112558876	-1.11005705	-0.229202317	-0.330783999	-0.788295611	-2.782760808	0.368885251	-0.28410908	-0.052659497	0.801317396	1.308395357	-0.10709449	-0.334837717	0.199883971	-0.25516429	-1.582730814	-0.95746428	-2.394486564	-0.492593019	-0.653831536	-0.392624994	0.856473428	1.088991236	0.702450885	1.050295147	1.710513445	0.847254983	0.299514838	-0.811380906	1.158782931	0.695164857	2.636966613	-0.308891676	-0.45678249	0.779787671	-1.676945264	0.363291699	-1.070368879	-2.200054448	0.514008374	-0.267052079	0.36390176	0.246183126	1.132767507	-0.216060179	0.699401778	-0.571129341	0.740419498	-1.111946645	-0.606251266	0.057594496	0.370630481	-1.395443005	-0.629507555	-1.285109567	-1.104488121	-1.476315751	1.034164803	-3.454452277	-0.453630317	0.211376764	-0.095888103	-1.124524224	-1.175600125	-5.207620037	0.159829058	0.092544933	0.238029303	-0.056076573	-4.233025836	0.823775652	1.491382677	-0.974187887	-1.560838736	0.677410849	0.504495486	-0.29818226	0.337002359	1.241802528	0.073273481	-0.588587241	-0.38575734	-1.354313218	1.443360031	-0.137129121	-3.628581517	-0.282575804	-0.543958467	-0.190282365	-0.02263875	-0.673288225	-0.409517015	-0.902335403	-1.948124181	-0.667139147	-0.910322577	0.549298727	0.579351658	0.273018854	0.109944972	1.857779686	0.943926148	0.596825473	1.28650572	-0.990229543	0.053243974	0.092784052
Gliotoxin-B [B]	-0.682195898	2.344955432	0.228364587	0.571334514	1.030299294	-0.325818896	1.341825631	0.049733841	0.137566612	-0.973332725	1.308946342	1.415147357	-0.723304433	-2.367018812	-2.054618745	0.629696218	0.178731307	-0.793170227	1.048135372	2.905179143	1.255174285	1.489336818	-0.314862569	-0.008006989	2.311631235	-0.336950315	-0.701392945	-0.301529023	0.284818259	0.671968183	-2.88344806	-5.838632108	1.083983799	1.32607051	0.207162939	-1.267083315	0.005140261	-0.672001528	-1.195923205	1.192286757	0.424452018	-0.300722241	0.07960208	-0.874325888	0.811246748	2.157778447	-1.209333266	1.37992211	1.065913983	-0.942473721	2.093000022	0.751851753	-0.053938824	0.312215462	0.947405437	2.126503323	1.171376792	0.826106975	1.069717346	1.401853348	0.241071114	-1.100593278	-5.689309714	-1.288681591	1.264603251	0.783465695	0.811723313	1.961478863	-1.325164942	1.480074027	1.380862556	1.38979851	0.425194136	-0.088717368	-3.95188318	2.058551263	1.090450747	-1.107553928	2.178081309	0.768128242	-0.793019167	-0.357652763	0.428311764	-0.260901029	-0.560621403	0.362763618	-0.849452272	0.343706959	0.55963393	1.82869827	1.208668369	0.195597638	2.507381824	1.959096057	2.494932695	-0.45854897	0.431055108	0.199568409	0.365489584	-0.570749482	0.734515772	1.41516092	0.156848956	0.34794494	1.031667657	0.058096936	-0.881118452	-1.832025875	-0.854840642	-0.709009399	-0.875216743	1.523339798	-0.097215762	-0.830908817	1.032667459	-0.149658673	-3.829336539	0.843445044	0.683090069	0.794635112	0.212939559	-0.049215975	0.909504618	1.777313991	-0.223562735	1.616821642	-0.059097328	-2.024234067	-5.040420408	-2.163795069	-1.225943164	0.058954455	1.242659865	0.143494586	0.8930969	0.608951268	0.833201785	0.56543182	0.02982663	0.043070745	-0.475314608	0.507966693	0.733148042	0.360421709	0.89762613	-0.771191939	0.579614428	0.149246374	0.145222579	0.795772065	1.279411133	-0.389898116	-0.742122786	0.859505582	1.626069438	1.436835541	1.41460373	-1.54197052	-0.002285649	0.501832114	-0.49215204	-0.257826534	0.804684262	0.948812395	-1.994548492	1.89367993	0.439296796	0.254839239	0.385988379	1.694482298	0.229811339	1.940030895	0.119559385	0.854914059	1.143979822	-0.30801253	1.331571129	-0.969515391	1.318903913	0.673696682	0.616736878	-3.330097509	-0.839602658	0.363442181	1.552725617	-0.836979509	0.282846068	0.67630561	-1.732519985	-0.183097541	1.508233434	-0.332976711	1.676521634	1.546196071	-2.140875981	0.067830113	1.761258588	0.692504419	-0.344483054	0.601276852	1.019569009	1.807398295	1.689315446	1.475504109	0.054860002	0.243150062	1.915437891	0.036199256	0.278172614	-0.318762341	-4.248966904	1.427798809	1.733981025	2.125832515	2.320371805	1.80408383	1.757800809	2.277350095	0.919521859	1.676523043	-0.13936243	-0.500714683	0.814605817	2.210014968	2.719634391	1.471283743	0.336165798	1.572633756	0.989977572	1.124948332	-1.774192923	-1.760536279	0.45697257	0.517748866	0.526086846	0.090469214	1.072017528	-0.595142493	2.209540114	-0.189106119	0.335464522	-0.445795796	-0.693194642	0.715933902	1.40292264	-0.097245421	-0.520285406	0.089264879	1.556770011	-1.449404801	0.346852194	-1.729282114	0.132011382	-0.498207858	-0.221100065	-0.951042522	-0.649871735	-5.099774381	-0.352005995	-0.461414978	1.069458011	-1.610488476	-2.084663579	1.072135075	1.503580655	0.734034884	-1.098510464	0.275886023	-0.351079196	1.107904921	0.786440797	0.620428445	0.719219879	1.463556598	0.261708396	-0.781503628	-1.130157532	0.010022889	-2.796446395	0.200667514	-0.163100897	0.216779963	-0.320186114	-0.644624912	-0.535119551	-0.916573664	-0.751826721	-1.462769614	-1.141521551	0.466904704	-0.726066189	-0.82638899	-0.953531825	1.549053237	1.486863945	-0.195707257	-0.618367595	-0.802665871	0.240792874	-0.491799669
Gliotoxin-C [C]	0.866606589	2.312698214	0.713506146	1.755609178	0.809808259	-3.22766239	2.957954888	1.083237561	0.093404885	1.138830772	2.968602806	2.090826841	0.132599653	-3.197110338	-9.809535496	-0.603469513	1.527629386	-1.028857259	2.094137118	2.715346612	-0.037469747	2.689828696	-0.022498509	0.287932395	2.912046797	-4.190600523	-1.415278948	-1.164782213	1.160653325	-1.092527783	-11.4158197	-8.273133168	-0.521399081	1.492096567	-1.071304665	-2.450011228	0.488164775	-0.389254951	-1.070626161	2.416729182	0.334800894	1.311371403	0.775489196	-1.622354942	0.45045221	3.875022216	0.025791072	-0.573414775	1.664124263	-8.217930363	1.137880173	-0.368513666	0.166962013	0.501196389	1.900057982	0.318580293	1.229124923	0.633847664	1.013922383	1.823862003	0.582827359	-2.338054634	-4.858173044	-2.547209162	-2.453815814	1.901185619	1.706812669	1.697826234	-1.82601884	1.388195199	1.089337655	0.015755716	-1.106363032	0.889972558	-8.57070231	2.46740776	0.921276947	0.88954998	0.247218377	0.308442629	2.003571038	0.171129774	0.931998943	0.761155892	1.87460858	-2.543918804	-4.42862998	0.215700373	0.229331593	0.818438591	0.526527169	0.306517831	3.892737229	2.041260901	2.488895571	-2.361331324	1.057111652	-0.289285843	2.978279245	0.945933694	2.245616971	1.827932101	0.266615222	-1.317209052	1.459509022	1.011252391	-1.259056176	-0.17204517	1.646668569	1.09334451	-0.418140859	2.154681215	-2.739602389	0.025900434	-1.319728462	0.557986956	-4.118309704	0.559953072	0.21680331	3.613787115	0.945103604	0.448664341	1.683044837	1.695284906	0.492558876	2.825140214	0.54233333	-11.56052506	-8.613460744	-5.930644485	-3.639522323	1.952907704	2.791330723	1.117623595	1.8152454	-0.416429011	1.287705446	1.74284447	-5.92011648	-1.567987215	-2.025202134	-7.220074669	-2.679827411	0.111572046	-3.920034595	0.711486289	0.425853494	0.011711496	-0.589182778	0.494299383	0.49230748	-0.788038371	0.593394473	1.818509704	1.668195938	1.252802285	0.910933311	-0.954932472	-1.444618669	1.392840945	-2.20742912	-0.399459077	2.143316856	1.005239376	-2.326888779	2.49709046	0.90319495	-1.184857243	2.285589858	1.586797067	-1.253636705	0.774399377	-1.228214456	0.136721764	0.946345497	-0.802853132	0.914435125	-1.032805599	1.72120351	0.024826891	-1.09611011	-4.531141095	-3.423851987	1.823189115	1.561007994	-1.669175912	1.106932801	1.405346515	-3.365374945	1.367927617	-0.321323288	1.154766881	2.183929361	1.439217946	-1.101339242	0.644771085	1.83231305	-0.840043056	1.943982539	0.400256489	2.075155654	0.042588374	1.779075818	0.023875969	0.221939585	0.740818067	2.108834043	-0.81848074	-2.192341858	-1.5026694	-2.336352768	2.195057633	0.187305686	1.871723892	2.204779096	0.939958905	0.992959412	-0.001068619	-0.447329467	2.832997196	3.398065122	-0.839374239	-1.446330384	1.244485337	1.227756934	1.27636383	0.172669719	0.967863471	-0.211107606	0.51956301	0.039003534	-0.492000181	3.011354308	-0.130924994	-0.525467531	3.083220074	-0.319254778	0.77700103	1.451608473	0.906331389	0.763175353	-0.311358536	-0.578656195	-0.645533622	1.893969301	-0.866856505	1.583950706	1.014800241	-0.401984553	-2.176390565	-0.912168687	-1.217065273	0.357627606	-0.410505928	0.048966112	-1.586718662	-0.075252385	-4.839558246	-0.451684445	0.706558404	0.388974802	-1.110920303	-3.150950707	2.203187864	2.239906898	-2.329102848	-1.439776089	1.493577702	1.665120495	1.092891263	2.497882046	2.467908852	-1.293942916	-0.321775052	0.663807621	-0.495651922	0.086929324	0.654551647	-2.472919714	-0.061569841	1.644679754	-0.471858146	0.752410743	-0.032558868	2.183814762	1.731881012	-0.440481274	0.03065195	-0.016364428	0.85190916	-0.587373337	-0.813429404	0.717037127	0.092438654	-0.742043672	-0.567872739	-0.946633173	-0.51405471	-0.912871574	-0.071708186
Holomycin-A [A]	1.971381001	2.144334509	-0.098980465	1.116074241	1.330903581	-1.470893013	-1.795837513	-1.659354018	2.331408663	-1.186044626	-0.318415043	-1.671693783	-1.159095714	0.189604206	-0.615414409	0.858203803	-1.481439597	-0.534360465	0.288821469	1.047516421	2.964683228	-0.186067662	-0.159482306	-1.095854688	-0.284922273	0.468635576	-1.225249603	-0.253340006	-0.619772561	0.665588205	0.571793881	0.996316857	0.852721647	1.42264353	-1.826507238	-2.141142762	1.231377015	0.301698607	-0.275562207	-0.493128608	-0.069342005	-1.192735241	-0.943701369	-1.54260822	0.26986665	2.098242997	-0.247432125	1.860247241	0.397665416	-1.551739232	1.099583945	2.613789306	-0.064771751	0.371214738	-1.045867835	0.059199929	-0.54959795	-0.508345456	-0.065623279	-0.297620476	-0.708352434	-0.420117882	-4.858173044	0.392046353	1.062347492	-1.216917887	-1.178833227	2.068727353	-1.689212849	1.387479858	2.296714302	0.948134933	1.367755018	1.884356361	-0.478798513	1.888662549	0.860515317	-1.083931887	1.505505658	2.465634074	-1.002254781	-0.431773589	0.104581974	-0.504780673	-0.773400516	-0.103082909	-1.173628391	0.110670768	0.743226882	0.339464392	1.21944127	-0.790856308	2.781343048	2.332926631	2.3325824	-0.585776451	-1.650140863	1.815192755	-0.449419721	-1.726143855	1.072028055	3.068003289	-0.973275437	0.203948205	1.501015099	-0.586931417	-1.717744703	-2.429913128	-3.353560078	-1.668909536	-1.358221821	1.513976027	0.659926501	1.291802966	3.405015657	-0.860085473	-4.954273638	2.581013364	0.939451494	1.926635135	0.918842516	-1.311978815	2.744822734	1.31669888	-2.86205148	1.573229891	-0.619921353	0.028151084	2.733191207	1.681857539	1.588222205	-0.282115076	-0.126609235	-0.234485464	-0.529623791	0.532760901	0.029462014	-1.161640476	0.626548097	-1.136150546	-0.37068777	1.306867411	-0.366671658	-0.01789662	-0.750357838	-0.960333551	0.077704677	-1.818984432	0.83219668	-0.958255265	1.337125516	0.653840299	-0.21771004	3.42765786	1.286306413	0.747209798	0.900212945	-0.339573365	0.259816979	-1.624582304	-0.631047932	-0.601914806	1.000358049	2.002827432	-2.394247016	1.1048439	1.169093774	-0.311046581	-0.908071344	0.418075384	-0.496017485	2.601250988	-1.196588737	2.486233477	-0.688217531	0.043803226	2.822597873	-2.161854976	1.16649698	1.330807281	-3.589484457	-4.495428893	-0.580465725	0.225692483	-2.114392466	0.639732091	0.323253353	-0.668390962	-1.564541884	-0.383064101	2.954895177	-0.742948187	0.989746714	1.896471169	-1.421063582	-0.416844575	1.819523205	1.68212975	2.162868253	1.915211448	-0.114008629	1.534063858	1.952316814	0.622510413	0.626651747	1.153119351	2.356298379	-0.320799841	2.928573019	-0.479653357	-1.706713283	0.116335651	1.865487516	1.266941396	2.668782915	2.22302305	2.994986189	2.190107369	0.041519782	4.820236862	1.807315993	-1.123077037	-1.362759592	2.040002342	0.193768563	1.970765388	0.091253793	1.43201269	0.539088446	-0.288101091	-1.287611891	-1.448454719	-1.377137061	2.404798717	1.064346841	-0.393311082	-1.110164419	-0.377619179	0.486595939	-1.187085799	-2.410002454	-1.64985926	-1.1162301	0.643645842	1.696217275	-2.67551104	-0.974859097	-0.863736513	0.251263835	1.880426013	1.692226736	-3.390371819	-0.25820863	0.798676295	-1.356778436	0.011297494	-0.189454246	-1.438232677	-0.352512905	-0.613236179	1.881853305	0.246835901	-3.179428333	0.564588864	1.589032683	-1.860102718	-3.165628746	-0.924363968	-1.870434911	-0.949909973	-1.293046823	1.625609778	-0.408839746	0.662880868	-2.019798885	-0.676823031	-1.205978873	-1.513909835	-1.441412547	-0.300143089	-0.915785595	-1.984238682	-3.36893462	-3.391977479	-1.505871901	-2.630414248	0.193074196	-0.439832364	1.391784303	0.839173048	-0.188588906	-1.061138319	-0.189572543	2.020570343	1.781277709	-0.93963369	-2.287815773	-2.373860954	-0.948447023	-0.447496281
Holomycin-B [B]	2.335410273	3.037600546	0.749531362	1.30122396	1.175386616	-1.957374733	-1.947542538	-1.314529507	2.095470429	0.515928628	-0.55306448	-0.54842637	-0.624814877	0.036343386	-1.524715961	1.731969764	-0.418653054	-0.023661582	-0.128171886	0.601410137	2.638320057	-0.12488889	-0.085411108	-0.903749625	-0.573052974	-0.244038503	0.208610781	0.060671688	-1.444876376	-0.182574252	-0.163255999	0.220022812	1.580394967	1.439560919	-0.486765141	-1.078401761	0.154422494	0.226802973	-0.11244916	-0.01107576	0.584284596	-0.138387349	-1.208122917	-1.771889691	1.08495595	1.711099511	-0.740125264	0.756358247	1.576749756	-1.900529748	2.413969965	3.080725778	1.077579854	0.184313908	0.256446918	0.887813326	-0.577846231	0.112314404	0.02134218	0.865473086	-0.993765181	-1.013730264	-5.689309714	0.502402416	0.353713772	-1.284375848	0.049861937	2.921819434	0.66509176	1.284162217	1.784121739	1.986605326	0.94940432	1.466603234	-2.778418479	2.214064144	0.44936328	0.561688339	1.29947646	1.721129296	0.061260781	-0.822945396	-0.967424192	0.639795638	-0.676562575	-0.14617044	-0.250833369	0.964427168	-0.020978121	0.076136739	0.972191474	-1.763223477	2.498732396	2.784638759	2.304670147	-1.046232463	0.309852286	1.696461059	0.823448624	0.255666129	0.181706737	3.058729275	0.664519732	1.121236374	2.354199813	-1.507792489	-1.691537355	-3.262427514	-1.578174434	-2.346422972	-1.343412714	1.691711745	0.308706365	1.748427461	3.284753159	0.828420467	-7.300306761	1.264676793	-0.006578459	0.736670988	1.723223423	-1.100869064	2.208154207	1.369865577	-1.011779991	1.282814589	-0.314439462	0.368946195	0.925630124	2.06433484	0.607164629	-2.759605527	0.615239695	-0.685020531	-0.529161941	-0.125050156	-0.905222272	-1.923096272	0.045235163	-1.471995358	1.563835095	0.129761111	0.538247772	1.387541906	-0.880755759	-1.564390084	-1.074092716	-1.365477562	-1.3975659	0.044009173	1.959276428	1.504075506	0.461464159	3.450383612	2.658076946	1.076686452	2.830799443	0.067633626	0.483730846	-0.756156842	-0.201052534	-0.355964991	0.319684844	1.5689906	-0.849668067	2.04006421	0.353804041	-2.113670233	-1.402858003	-0.182267368	0.425909349	2.605984893	-0.464126668	3.483075909	0.84681781	-1.369234975	2.423991424	-3.478203306	3.238975892	1.118325829	-4.511374615	-4.221448076	-1.704617181	1.397753807	-2.030430954	0.741260866	0.104761691	-0.836980577	0.144083286	-1.596985463	2.371023977	-0.367534066	2.047444764	1.98040578	-1.954809867	-0.617158732	2.007161654	2.636322786	0.823681125	1.303544573	0.511385089	2.920791965	0.346353344	0.56467849	0.79904268	1.982736919	2.845290547	0.306283074	3.262292849	-1.706641047	-1.548955933	1.114384177	1.614958428	3.062805653	4.640776603	2.775228522	3.457798866	3.364402836	0.337641705	5.122299627	1.858790998	-0.232711814	-0.573901219	2.853240844	1.733255433	3.29071477	1.292652767	2.037063639	0.481050904	-1.04440085	-1.196108536	-1.540886665	-1.18385835	1.647515999	1.900250935	-1.234108086	-0.037706838	-0.590484356	2.267032348	-1.061274637	-1.468128469	-1.652043526	-1.579656682	1.604780546	1.050758095	-3.409601206	-0.946767635	-0.047688603	0.275851	1.612035165	-0.189295721	-2.61591021	-0.373498537	1.707410517	-0.0743211	-0.990081913	2.031899979	-1.198187997	0.87242429	-1.986938394	1.775107436	1.065415781	-2.660094229	-0.012305063	2.606977448	-1.134245151	-1.729178411	-0.722850136	-0.773132411	-0.911451388	-1.391976287	2.823986467	2.724046046	0.444922103	-2.464331825	-0.442918552	-0.968631246	-1.009713081	-2.558211467	-0.426758739	-2.010390228	-2.852456833	-4.211841446	-3.224972515	-1.373283581	-2.335488178	-1.884920912	0.147004373	-0.193227558	-0.370933717	-0.423666257	-1.590743662	1.290215224	1.791659155	1.857044273	-0.834384002	-0.594398518	-2.901608122	0.163153305	-0.947077999
Holomycin-C [C]	1.627897798	2.198542523	0.048422665	2.16007095	1.617746441	-0.379373105	0.634711465	-0.514333552	1.282369685	-1.460963647	0.620186265	0.810451394	-1.425659026	0.297534819	-2.87507305	2.15764558	0.063375294	-0.584717783	-0.763536743	-0.07395325	1.862501138	0.684809949	-1.850129183	-0.037226956	0.082167091	-1.320349279	0.946236136	0.875031712	-0.121594752	0.843164742	-1.332166254	-2.800624191	0.806046806	1.028954148	-1.035915434	-2.054326523	-0.355191204	0.002303564	-1.069528368	-1.244079281	-0.182017076	-0.395266105	0.210882583	-1.935902047	1.307417039	2.960510007	-1.189286441	0.33541574	1.18974473	-2.015803658	2.995789366	3.004673393	0.057222127	-0.859484093	-1.188760498	2.332333049	2.194647655	-0.156602402	1.726707482	3.086821521	-0.244473683	-1.030624883	-5.689309714	-0.708301329	1.877913663	0.631357974	-0.495122235	2.505332045	-1.645332761	1.702174928	2.696547674	1.094140685	1.188917478	1.066784832	-2.567527567	2.763598736	1.005187652	-1.109617374	1.375684446	1.72273904	0.151809947	0.02778782	0.216466762	0.187441329	0.760268301	-0.984657625	-1.37843445	-0.309691621	0.282561306	1.168098193	1.751918703	-0.241338403	1.83062064	2.429711409	2.686237261	-1.247825634	0.107683351	3.331593857	1.183278184	1.023377223	1.95399603	3.716667748	-0.161703486	-0.675997827	1.670989163	-1.794804975	-1.103228628	-1.574896075	-0.376170022	-0.778948428	-1.041470982	1.740621124	-1.007155238	1.63488603	2.70391835	1.219907728	-7.030344462	1.959311892	0.650439323	1.056764462	1.423434429	-0.449765205	3.120590261	1.501392431	-0.591353698	1.920794637	-1.701604108	-2.510866639	-0.876502546	1.069035644	0.164588312	1.153487558	-0.304277894	-0.002797304	0.040069894	2.495181857	1.03866982	0.610964115	-1.439802251	-4.992378151	-2.325204297	1.54570515	-2.052431519	1.193167505	-3.171638634	1.033621116	-1.378774882	-1.120846448	-2.125720961	-0.462052697	-1.564608026	2.384694024	-0.236183867	3.311326066	2.880383074	1.323477909	1.504641914	-0.592504431	0.114734162	0.073324973	-1.221176349	-0.588534998	1.034976767	2.252007342	-3.467522346	2.214224967	0.887585481	-1.364853664	0.667860532	0.441315071	0.511001855	3.025201012	-0.577788017	3.511138243	-0.361870301	-2.02133796	2.470107529	-2.583399014	1.09122868	0.125399459	-2.846753739	-5.808614433	-1.779299113	0.054736984	-1.210508816	-2.052788694	1.651147996	1.355620486	0.374560972	0.977349571	0.006890716	-0.017837428	2.875530433	1.811481929	-0.862187608	-0.108519755	1.26921919	1.945092541	0.291071007	0.991909638	1.212662916	-0.033633164	1.674250444	1.602513976	0.168038401	-0.051460369	3.096711324	-0.754327151	1.338314105	-3.566338788	-3.876689418	0.660700928	1.137334349	1.864730772	3.975212586	1.075747472	2.214311687	3.14456272	-0.352774481	2.20530146	2.278539801	0.160046274	-1.249587117	2.258133927	1.360027738	1.610930741	0.135403945	0.389444398	-0.484546734	1.777726055	-1.747763175	0.095881178	-0.664773143	1.27060119	0.747333194	-0.419993757	0.262129101	0.045777963	1.177369767	-0.552383415	-1.019591439	-0.49974632	-1.041879424	0.988802673	0.750245026	-3.38548215	-1.460979711	-3.608124121	-0.401793734	-0.171821598	0.996723032	-3.174438366	0.028800429	0.63518746	-0.357360915	-2.67229469	1.352994933	-1.762959027	0.393561995	0.418104592	0.452470358	-0.848384011	-3.547660081	0.417448607	2.433873805	-3.830514524	-2.344841791	-0.369866468	0.853661301	0.687896741	0.588776784	2.937207382	2.576738451	0.123675048	-2.33496352	-1.300322687	-1.360686023	-1.399328548	-2.103257591	-0.416862195	-0.428687412	-3.0175053	-4.528103459	-4.290877997	-3.181127587	-3.543567262	-1.65831493	0.650859396	1.681768335	-0.061630286	-1.276567185	-0.488354405	0.186757367	0.747884288	2.74613663	0.00875047	-1.713464255	-2.026304925	-2.820791342	-0.663153743
Iron(II)_stress-A [A]	-1.811638157	-1.474490715	0.265832003	-2.813303327	-0.407448344	0.653829158	0.661011718	1.077374095	-1.176532572	0.003918619	0.019714884	1.381985387	0.712395317	1.252591292	0.014967002	-0.474442252	-0.952048633	0.602581299	-1.322760471	-1.118920614	0.567061129	1.035960966	-0.219396653	0.617987756	1.915469042	1.664005274	0.29569743	0.536355576	2.210758829	0.71480702	2.548321347	1.904151652	0.284563561	1.597306127	2.162327783	4.577815485	0.790954937	0.646139307	-0.972838743	-0.103047099	0.876553392	0.164812141	-1.143540408	0.639202263	1.257808688	-2.081111239	-1.968780815	-2.561052465	0.235029113	0.557367433	-0.426560273	-3.324340413	0.691098745	-1.363003998	0.881210562	-0.27801362	-0.136773148	1.169419039	-0.706187843	0.424611523	0.419308729	0.313862611	-0.7410267	8.279837351	7.356635492	1.339807047	0.521683766	0.571439114	0.479740773	0.18490671	0.576768741	-0.183110069	-0.246679268	0.719852682	-0.326642133	-3.017387091	0.109166393	-0.575456772	-0.14157092	-0.29097774	0.225290834	-4.256214071	0.862419685	0.783217648	0.846590933	0.004280174	-0.028706439	-0.844762067	0.011855626	-0.976453628	-0.016250328	0.136802094	1.598061488	0.886251645	1.947150269	0.390501872	-0.643267585	-0.722383995	2.445483644	-0.806604413	-0.628390726	0.309640094	0.226526915	0.009317096	-2.363343203	-1.303480453	0.034320126	-0.395796193	-1.184452036	0.648000726	-0.044660117	0.02693217	0.714499881	-0.324602037	0.655873427	1.195449181	-0.64751593	-2.41621647	-0.053374864	-0.581687351	-0.394225471	0.266411155	-0.587098615	-1.142723467	-1.296794666	-0.334801846	-0.571811271	0.875829002	-0.257805672	-2.417270024	0.642302447	0.115357521	0.115928504	0.537095693	0.093245657	1.029229933	0.444509077	0.587944238	0.705857927	-0.388937945	0.903913318	1.887736098	3.028490746	2.476487865	1.213417662	0.057497788	1.02667634	-0.205655644	0.965382286	1.0665056	0.585404329	-0.222389001	-1.97887188	-1.169852891	0.266924179	0.59706819	-0.579657378	3.687456454	1.385532687	0.039741765	-0.238187733	1.094439228	-0.397524063	-1.230712526	-1.196522366	-0.367772344	0.892058991	1.447430705	0.066860416	1.105418765	-0.06530354	0.331119253	0.224626272	-2.618578962	-0.27198275	-1.253830796	-0.570636083	2.527911731	-0.509594261	-1.440454587	0.040235988	-0.805884041	0.080879291	1.106542484	-0.466730022	-1.695854347	-1.405522379	-0.202802399	-0.839169868	0.51425275	1.4365207	-0.819548362	0.101523517	-0.763911222	-1.680274751	0.245672238	-0.603703976	1.40734222	0.26514621	0.03683932	1.193805546	-0.454840919	-1.925280582	0.435546021	-1.202797763	-0.831010977	-0.75267582	0.851047102	0.142342197	2.713698381	3.015717267	-0.642672174	0.373554235	-0.682723874	-0.135472711	-0.084058611	-0.310522015	0.684941279	0.960814413	0.021280472	1.941616826	0.287601168	-0.001694154	-0.985958891	-0.791274082	-0.544608084	-0.761368839	-0.348422331	1.424533788	0.916501328	0.28686568	0.144560439	0.294936832	-0.281672883	0.002184531	-0.755809231	0.040250868	1.051433411	-0.927560508	-1.424308031	-1.856616979	-2.788325967	-2.846232073	1.068339538	-0.310971307	0.448140408	-0.193762775	0.425703159	-0.56546993	-2.627155626	0.754005444	0.56676043	0.347612755	0.300977933	0.041169711	-0.359267646	-0.010111061	-0.513431275	1.161392356	0.784794672	0.409355138	-0.520297777	-1.467400578	-1.195377757	-1.410730829	0.696290431	1.158048622	-0.096723621	-0.703224592	-0.176981701	-0.121055502	-0.677193268	0.998961887	1.192619116	-0.502223699	-0.774246451	-0.560712234	2.207655352	-0.465559005	-0.1701701	0.725550481	0.240069205	1.396699644	1.3813994	-0.523839449	1.068568378	0.29691053	-0.922576053	-0.995125371	-1.401586604	1.078529745	0.027101572	0.28387096	-0.122584408	-2.389747842	-0.732547752	-0.136642773	0.512247554	-0.81423084	-0.239376287
Iron(II)_stress-B [B]	1.36391284	-0.115663911	0.795880176	-3.371454814	-0.752408258	-0.659966967	1.120516821	0.201360051	-2.11447783	-0.245333831	-0.685070753	0.37370891	-0.080718532	1.003066933	1.757839816	-1.091680516	0.360124905	-0.528120627	-2.543057487	-1.684206393	0.911101716	-0.354244705	0.157993173	0.283044106	0.552362162	0.827504055	0.227164791	0.687614007	0.462710241	0.804017381	0.840313957	0.908529188	1.394324836	0.554255835	1.096715816	3.258493134	0.928049499	0.582366337	-0.410011612	0.99399641	0.0688828	-0.659219659	-1.479345089	-0.250785693	-0.113565715	-0.858104367	-1.217746598	-1.779151775	-0.255575519	-0.327379491	0.244297235	-2.776345939	0.754166049	-0.576023527	1.534068133	0.222917321	0.601734939	0.056046789	-0.139473603	0.118484597	0.760128142	0.174256156	-2.502766653	3.856071862	5.199332746	-0.147925016	0.030175603	1.692583771	0.91133208	1.44016619	0.061905966	0.02038761	-1.601410277	-1.591872046	-0.641874547	-3.189355581	-2.538627524	0.376169379	-1.313771168	-1.26134751	-0.391615982	-4.13092905	-0.081348457	0.464471112	0.572521157	0.406611932	0.031032644	-0.025389637	0.344475561	-0.409176768	0.111946784	-0.543477337	0.558831586	1.898001773	2.10381394	0.85780678	0.314284046	-2.474849019	2.553359301	0.121425107	-1.103806322	0.167052806	-0.649045512	-0.919201363	-0.379122813	-2.058529688	-1.642266889	-0.063520046	-1.514634522	-0.668960505	-0.351273205	-1.213261633	0.768186461	-1.382193115	2.001403864	1.755648615	-0.057304611	-1.675515248	0.285459368	0.4690259	0.266824338	0.026899743	-1.672973235	-1.115506615	0.029811433	-0.431004168	-0.444427067	-1.131721022	1.95629744	-0.21175304	0.880430921	-0.079945153	-0.739117491	1.781217053	0.702505761	0.587367472	1.478506907	0.109849002	1.669332954	-0.533019141	1.215686014	2.006067276	3.127492825	1.676062939	-0.076581885	1.211569313	1.451328544	-0.457928481	0.486118923	0.616931364	-2.843094738	-1.728343224	-2.015730213	-1.620692871	-0.410126029	0.550424287	-0.020228252	3.09808199	2.519520358	-0.997461077	1.3552559	0.586968706	-3.091348315	-1.155608505	0.142347585	0.346953354	-1.281392821	0.884691105	0.149126139	-0.789763441	0.439141955	1.015354083	0.875152142	-3.88074176	0.172654005	-0.808681815	2.242986044	-0.253687963	0.570008202	-0.38202624	-0.547221526	-1.325619429	-1.818928483	1.260484228	0.5624116	-1.944599989	-0.813200724	0.65300885	1.293989331	-0.133923157	1.191022366	-0.568122749	0.657802183	-0.648118002	-2.567473294	-0.942783975	-1.298260113	2.904888314	0.553633189	-0.605377356	0.011173965	-0.006356307	-1.424803026	-0.398704678	0.188994118	-1.730295285	0.538905494	0.924914139	-0.188375319	0.564040417	0.898179316	-0.128357032	0.346937924	-0.657985822	-1.293676074	-0.523348877	-0.400445059	-0.012853083	0.708293639	-1.280602631	2.391489754	0.774947952	0.277355006	-0.14892746	0.262157256	-0.423418104	1.068320068	0.434373291	2.419591998	-0.059665704	-0.347641435	0.396639338	0.637051827	0.20825642	-1.288390414	-0.432037543	0.644696506	0.124974216	-2.134122873	-2.778885472	-2.838787349	-3.717387106	-3.452770353	0.45221481	2.893260694	2.53413208	0.441521287	1.60674299	0.832958036	-3.857185613	0.554343601	0.922620982	-0.988751356	1.430136848	0.066719768	-1.040078648	-0.827998873	-0.548424909	1.030632929	0.990705637	-1.259368468	-0.157503662	-0.737296557	-1.252732102	-0.774491878	0.759711826	0.851860951	0.398979567	-0.052764636	0.501609569	-0.655939949	-1.23128426	0.780094364	0.625656232	-0.594404224	0.553216303	0.339322678	1.08441845	-0.673658184	0.060472311	0.880474108	1.143478356	3.019834995	3.281220191	2.022817617	3.421938754	0.731606432	-1.944470929	0.646129011	-1.706953362	0.4637456	-0.045435522	1.405870074	1.010238945	-0.731223323	-0.286243778	0.276150672	0.588158903	-2.413405271	-0.771278493
Minimal_S7-50-A [A]	1.857609827	7.899851929	0.052336543	3.40385112	-4.400152656	-0.654628684	-0.982125936	-3.178466225	0.154506903	-0.524184069	-10.47446223	-10.50961589	-16.24632115	0.288067156	3.748991329	0.463788658	0.494002659	4.429507419	-3.987021522	8.599562671	-9.014422981	-8.925024616	-2.207373625	-1.334186888	-1.951870244	-4.215174272	-3.648714713	-9.313032065	-7.340173425	-0.25026604	1.303348612	1.187553113	1.16996624	1.482882098	5.146674903	14.48521686	4.298631589	3.62574406	0.621013296	-1.065525805	2.382358043	4.594946416	0.517976662	-2.742996407	-0.914711657	6.201131196	4.582627522	8.533869283	-1.352083548	-1.947288715	0.633149616	0.622848985	-0.580292299	-0.921448374	3.507783331	1.595158267	-0.298135464	-8.910880204	-6.225827197	2.347550892	-3.226005711	4.103454043	-1.595908459	10.7499662	5.720826498	8.824680441	2.498529415	0.113300201	-0.983769765	-3.238137883	-8.311926263	-1.623375004	0.733247469	-1.650438937	4.129768889	1.03358264	1.009986417	-9.44054946	-1.015113883	1.25759095	-1.022225595	3.7092786	-0.249007652	-0.583187055	2.111241534	-2.13497996	-5.193630506	-0.991874902	2.240372316	1.843462971	0.607929947	-2.203157404	0.153518501	1.651317343	2.477929831	1.549560089	-0.969964478	2.570026427	-1.864875246	-1.176139596	3.519880099	-5.6789344	-0.897869788	2.8935648	5.897125711	0.362210456	0.103703557	-1.68703429	0.58060801	-0.74472798	4.933708281	-3.125420953	-8.837185075	0.618295583	-0.074528941	3.265442897	0.70206915	3.766988644	-0.050621129	0.620199712	3.051725509	-2.322063751	-1.796257162	3.855510388	-4.695866953	-1.204637621	-0.450437908	-1.165827596	3.187478358	6.55667232	7.303682374	-0.344219264	0.266614732	-1.878439098	0.508262142	0.138442638	-0.518930888	-0.725885216	7.403060997	3.383944322	1.876199127	4.990962641	5.445692405	-5.500692032	2.316594552	-5.32075069	-2.293618202	-1.283586193	0.658683293	-1.958408508	-2.501443405	-0.686516242	3.413581443	-1.646382236	-2.647008665	-0.671114994	4.680941432	12.81053745	-10.75764747	-2.235796032	0.619959738	-4.003659818	-2.363630649	0.263392926		-3.885398044	-0.586344274	-4.587910638	-1.366192285	-4.111586223	-0.954938278	-6.366992954	0.177753981	-3.726281434	2.713615723	-0.491677199	-1.509519123	1.732110018	4.80341399	4.284839274	-0.277896819	-2.327268891	-8.06386992	-3.134591094	-5.362629413	-7.065016577	-1.936637317	0.329818259	0.40829016	-0.362112815	1.319120117	-1.62151167	1.151997316	1.329944386	-2.014810805	-0.249449696	1.803902439	2.423221413	0.318411995	3.428373072	-1.064672935	2.254289336	5.719999662	4.027764062	7.800030938	2.052589276	-4.226674622	-2.867996054	-2.313111244	5.390793187	4.866236729	1.666236924	2.033740749	1.783782292	2.373205184	2.360000907	1.855898576	2.370354263	-0.312140232	-0.57513192	0.019799829	-0.182802776	-0.054550136	1.943468238	-1.738019692	2.128966167	-2.013478865	-0.240580752	-0.566302215	1.07286035	0.106069864	7.038611921	-1.57957673	-0.625137007	0.068812934	3.123632614	-1.932131522	1.022301521	2.802995235	-5.678375657	1.802599009	-2.053858207	-6.281697351	-7.01227859	5.242078501	-2.258287823	-1.809793218	5.977912873	1.204174979	6.329585167	-0.272589163	2.158352955	-5.176847123	-2.169071266	-0.876152992	-0.297204455	-1.728024389	1.538353916	-1.605692147	0.765507967	0.589586511	0.895374972	-0.235336355	-1.320318474	-0.09751236	-2.409839363	-0.440208511	-1.76618073	-0.083173415	0.123793609	-0.302559034	3.589058888	-10.36814568	-14.46503484	3.534735207	-1.125140401	-1.510211231	-0.230694541	1.750884956	1.141290701	-0.478606444	-1.702231249	-3.659409926	0.054669198	-2.636691725	-1.693269963	-2.749934251	5.009696673	5.837956234	5.019583403	-1.28205489	-0.702879238	-2.133009821	-12.33353976	8.662815359	0.231826669	-1.144177646	-3.775204923	-2.892734699	-1.204607861
Mupirocin-A [A]	-1.588511923	-2.570410227	-0.465816082	-2.786660142	1.034136447	0.601092728	-0.808538712	0.878233907	-0.213078086	0.622127035	0.272680269	0.384067284	-0.123121494	0.89237462	1.572536548	1.411471798	-1.213564959	0.966917858	-0.210155143	1.530817785	-0.105038948	0.034165208	0.047617818	0.152387456	-0.475684502	0.259707719	1.149785332	1.165752878	1.056275515	1.189341358	3.044295595	2.400045981	-0.128868268	0.23081418	0.389442493	1.328836161	-0.040845716	0.323997859	-0.144701769	0.833301907	1.03254311	-1.816034614	0.671117706	1.295762923	1.046456849	-1.254105348	-2.152307043	-1.677064161	-0.030056088	0.703514641	-0.150495657	-2.148145854	0.231572933	-0.623618005	0.235351619	-0.468550683	-0.394761603	0.460136256	-0.399738462	0.633079141	0.137478502	0.048571365	2.536938553	5.107720256	3.470648025	-0.450897761	0.446222422	-1.348774707	0.272238406	1.17588469	1.555217173	-0.036706033	-0.326125365	-1.90526125	1.772333237	-1.159607801	1.715430813	-0.054470034	0.194872853	0.068424858	-0.004718015	-2.923153866	0.258406517	-0.066904104	0.562083524	-0.366781887	0.541600062	0.841062743	-1.571563962	-0.544685802	-1.839557038	0.337088177	-0.488303385	-2.706719775	-2.74328297	-0.553935955	0.404006118	0.066645019	0.291504945	-0.974508205	2.21484085	-3.479026589	0.425763796	0.044540071	-0.177502334	-0.840370298	0.742069131	0.413354734	-0.723463228	-0.032074225	-0.238742778	0.43402187	0.296691077	0.533510679	0.137456014	-1.236472593	-0.520018706	-2.371208023	-0.841166737	-0.828492015	-0.384600667	-0.030662728	0.864549275	-0.800347923	0.574097939	-0.557480576	-0.046042496	-0.178179564	2.818406448	1.54907184	0.965071653	-0.519321819	-0.072274078	-0.481010599	-0.35781674	-0.146620637	-1.104212732	0.039068648	1.487008756	2.6640219	0.513115277	0.738819129	1.163089606	0.672276979	1.251355646	0.055252734	0.045023692	0.350358704	0.435579703	-0.384237858	0.094502653	-0.033266802	-0.312327925	-0.24198729	0.262840362	0.325047288	0.558038067	2.727177522	0.572649007	0.109353086	-0.464339189	-0.251008062	0.583171718	0.045801944	-0.361694775	-0.905341615	0.61906078	-0.119530891	-0.104033903	-0.456500349	-0.747607863	0.163508501	1.240336292	-1.067130801	-0.111508119	0.796021343	-1.445066998	-0.365173505	0.866811754	-0.39579642	0.248126449	-0.809743572	2.385937477	0.208066932	0.778882886	-1.004845038	0.386490729	0.377770348	0.121001683	0.273886086	-0.510624635	0.20284887	-1.34499865	0.099396958	0.931827501	0.009440331	-0.597239837	-2.112272114	1.547752161	-0.723444994	0.105901892	-0.271647998	-0.427995791	-2.022722065	-1.494360602	-1.722218715	1.408739101	0.697177366	-0.228630823	1.786686388	2.249171816	-1.064513382	-1.416985344	-0.760827068	0.713759924	-1.701814506	-1.301490255	-1.330075584	-0.447384968	-0.973060156	-1.529034843	0.320761702	-0.118763265	-0.786774932	-0.891534091	-3.000838603	0.223394226	-0.276686241	-0.28132358	-0.230893008	-0.226291591	-0.530572405	-0.623234762	-0.273145522	0.106830211	-0.177776273	-0.388893591	0.276287535	-0.970522265	-0.975576252	-1.009955393	-0.717263161	-0.885443275	0.850138974	-0.631110895	1.467890488	-0.176441123	0.15808536	0.242640058	0.08374949	-1.770901675	-0.765377343	0.525243975	-0.209614579	-0.147246704	-0.026023553	0.249591265	0.209691024	-0.868941154	0.995243947	0.807348561	0.304126279	0.6229963	0.969217159	1.217523851	0.984374418	0.256548009	-0.87232727	-0.224258051	-0.379757075	-0.145272794	-0.525964032	1.548582037	2.59777476	0.107268384	0.078739586	-0.315523661	-0.376737127	-0.883793744	0.65450204	0.053854724	-1.219642911	-1.041711731	-0.38937507	-1.341221112	-0.943507687	0.226460504	-0.475282598	-0.943078011	-2.190848778	0.361026792	0.521560551	-0.223663677	-0.78284564	-3.192908979	-0.807055423	0.208466335	0.647936485	0.904683196	-0.563667114
Mupirocin-B [B]	-0.364936171	-1.534530362	0.162099958	-2.334960515	-0.358556241	0.833568889	0.325588468	0.117713436	0.599522086	0.466135288	0.462868563	1.100203506	0.509427308	0.99647469	-1.996705875	0.821842568	-0.720563416	0.933767451	0.403386529	0.784586999	0.380294272	-0.136459741	-0.154739152	-0.125080313	0.152271948	1.489465338	1.250961565	0.072596048	1.387555241	0.173663059	0.461835177	-0.093256785	-0.322292147	-0.364411493	-0.026935914	1.22872069	-1.065698881	-0.476132263	-0.298447378	0.440289619	0.38281653	-1.191868421	0.438544264	0.161409032	0.116699369	-0.596670115	-0.459321988	-0.489918775	-0.220624972	1.187413421	-0.121071542	-0.616227477	-0.675511258	0.20356724	0.061133914	-0.310116811	0.176887783	0.347192143	-0.051629306	0.465461296	0.455670308	0.61803564	1.175038232	1.735005981	1.63912234	0.85383231	0.782611753	-2.037068	1.299520001	-0.017946017	1.335575954	-0.2743036	-0.755810908	-0.444065148	-0.051783466	0.401943553	2.118005002	-0.093206588	1.269787961	0.494047262	0.285956314	-2.139825899	-0.210505933	-0.200576072	-0.402942959	-0.696374875	0.005780904	-0.164460211	-0.877091577	0.039405566	-0.92090688	0.418339902	-1.119571122	-1.326387931	-1.67204035	0.34453531	1.005210195	1.071460411	1.415345256	-0.867887082	1.276400482	-4.678722973	-0.197998525	0.253904333	0.158248927	-0.634975152	-0.21393827	-0.487184832	-0.534113897	-0.056562247	-0.209217926	1.687194226	0.453974664	0.487711267	-0.779570597	0.57337539	-0.191699795	-1.311918538	-0.799509464	-1.646718647	-1.166825703	1.62575014	1.390136071	-0.470609593	-0.188338589	0.423057984	0.270297735	-0.876151754	1.952497467	0.555068617	-0.439491062	0.560768363	0.624490348	-1.04443623	-0.414346461	-0.766243424	-0.184974763	-0.174135309	-0.858710235	1.321477587	-1.37453235	1.198976533	0.834117115	0.574914034	1.314074314	-0.001003962	-0.131160864	0.900016846	-1.065651599	0.264456434	-0.499009423	-0.721246804	-0.223506527	-0.192747954	0.281797749	0.311560965	0.694816103	1.754883617	0.08417792	-0.108439257	-0.094483452	-1.615108893	1.676439946	0.556888158	-0.318861567	0.142658157	-0.409929646	-0.38557949	0.523063745	0.135399555	-0.170684573	-0.330935263	1.065287962	-0.357477391	-1.279417691	0.746178475	-2.259424177	0.081278222	0.282376694	-0.501723022	-0.010334103	-0.203852029	2.03904941	0.30861936	0.563904494	-1.061946141	0.546330216	-0.196900158	-0.120478973	-0.009168438	-1.206330204	0.494072549	-0.789309466	-0.350949565	1.203409809	0.304865372	-1.212080057	-1.872226653	1.137809003	-1.719223053	0.175854219	-0.662691153	-0.509672707	-1.583932173	-0.34421638	-0.153026288	0.210077849	0.040492404	-1.65848058	0.772314821	0.932025845	-0.439015234	-1.263366671	-0.661816965	0.469815627	-1.354095152	-1.476476638	-1.884519532	-0.671007027	-1.825235804	-2.042547771	0.06034387	-0.513076755	-1.221930192	-0.665981073	-2.214946391	0.032181128	-0.471840379	0.081848023	0.508794999	-0.106617772	-0.260376507	-0.920631783	-0.683635196	0.29372762	-0.820955014	-0.057620051	-0.307506719	-0.142572456	-0.361427576	-0.003708789	-0.969222525	-0.535852196	1.086465749	-0.432772183	-0.176398331	-0.904087191	-0.546442426	-0.772065351	-0.927986003	-2.47997428	0.052858201	0.052701609	-0.258936253	-0.150889126	0.438081414	0.257569878	0.025869672	0.161896005	1.269784788	1.241220565	-0.460511066	0.955085756	0.177005183	0.969140024	0.583025313	-0.009726555	0.182245684	-0.079717041	0.043584245	0.058474136	-1.217549574	1.3624746	1.308637084	0.840166231	-0.091613902	0.085194138	0.206617087	-0.550410527	0.757251305	-0.102469081	-1.089937626	-1.116072575	-1.443884034	-0.296455668	-0.916424928	0.195087213	0.616122541	-1.326763466	-0.437059161	-0.458503352	0.009483173	-0.119311732	-0.935035733	-1.978373438	0.02628655	0.649891828	0.615995863	0.554414664	0.450705298
Mupirocin-C [C]	-1.648763416	-1.47302511	-0.294218219	-0.495733188	-0.713674805	0.122998194	-0.275607566	0.360815389	-0.031566664	0.749455992	0.459294826	0.612361518	-0.167214006	-0.422653989	-2.810793795	1.219845247	-0.498550842	0.572844242	0.956753723	0.445666045	0.006930648	0.364985529	-0.907701724	0.05473963	0.763374004	-0.962929129	-0.711781153	-1.011481063	0.589246939	-0.342176408	0.020334331	2.566400125	0.515341669	0.621269507	0.915240493	0.822714952	-0.278331004	0.16774027	-0.277259186	-0.007854092	0.818745041	-1.884460101	0.533585686	0.892497437	0.895284482	-0.509603048	-0.415944871	-0.289221957	0.11459047	0.36121275	0.771193324	-1.687340505	0.048335477	0.202743286	-0.24625667	-0.03215427	0.001295167	0.478476355	0.010355987	-0.455857999	-0.03696651	-0.522247118	0.433018492	1.740248184	0.509902185	0.805619119	0.68437103	-1.573223258	1.61452473	-0.72140147	-0.086135031	-0.029778798	-0.836139612	-1.149803111	-0.352766533	0.036727852	0.794854233	0.270339242	0.724760781	0.500068477	0.273293979	-1.777325384	0.541407419	0.332868533	-0.508521112	-0.784869564	-1.131159104	0.562982741	-1.178822556	-0.288241962	-1.312072701	-0.376046796	-0.939351852	-2.14488979	-2.552752111	0.669430617	0.355245273	0.478327282	1.015257717	-0.524929092	0.870629934	-3.930292092	-0.442896849	-0.057899467	0.653702683	-0.214563747	0.294823314	-1.013748337	-0.432401465	0.848527262	0.055616865	0.15968768	0.764049738	0.121936693	-0.005907168	-0.131260692	0.465514068	-0.971698632	-0.027677625	-0.447912496	-0.386318583	0.873224411	0.579189689	-0.90427006	1.118321629	-0.652227865	0.680399806	-0.205497665	2.747911194	0.835815547	-1.175862487	-0.352157129	0.084925444	-0.058144795	-1.165649697	-0.502784311	-0.301498866	-0.240648007	-0.710334921	0.386399885	-0.684077951	-1.260862856	-0.267671255	0.495492115	-0.184380919	0.250641713	0.316550908	-0.176447891	0.262722357	0.564823699	-0.134996337	-1.200533436	-1.032012571	-1.102294527	0.070965128	0.749907877	0.951446485	0.337572013	0.840830236	0.485927025	0.52319687	-1.255917018	0.742864778	0.565221952	-1.762979389	-0.338847578	0.328102258	-0.147042049	0.361282998	0.600285698	-0.436853635	0.285247524	0.650799426	-0.129630077	0.415978888	0.792506958	-0.956513444	-0.543096828	-0.41149195	0.798088977	0.459698921	0.172643883	0.279889291	-2.181073136	0.061782104	1.301619858	0.400688175	-0.022407281	-0.29142013	0.539116422	-0.687632651	1.011685319	-0.074019483	-0.167295308	0.13066638	-0.650440096	-1.159337044	-1.258254579	0.32148625	0.746686944	0.313646489	1.091000723	-0.676854293	-0.847855578	0.630104353	-0.460879433	0.187700428	0.155805583	-0.251784176	1.18756793	0.640250272	-1.080694801	-0.508888249	-1.349522155	0.178015579	-1.190548899	0.093534466	-0.330824443	0.84150098	-0.484541514	-0.807461361	0.178591867	0.164356955	0.434676754	0.485361242	-2.192345855	0.44297228	0.251676975	-0.515254865	-0.356785658	0.093680016	-0.196194603	-1.267201811	0.103552677	-0.506169576	0.530310144	-0.166402886	0.155735091	-1.734361509	-1.292212937	0.382175969	-0.319362809	-1.207939854	0.378461088	1.243966227	2.158425398	-0.672820546	-1.715693979	1.425307407	0.544758111	-1.043267511	-0.307401116	-0.456809169	0.30519377	1.354788997	0.160425745	0.026614359	0.45610986	0.34408865	0.115967837	-0.19798834	-0.488193282	0.761716139	-0.166810538	2.256779008	-0.757842198	-0.276663973	-0.079920445	0.524275865	-0.324203553	0.564262828	-1.926853088	0.911929913	0.685324424	-0.549360728	-0.272060194	-0.090477552	-0.252650737	0.13585198	0.659806409	-0.28061675	-0.242504058	0.78360723	1.160868459	-0.6988472	-0.393690417	0.697120418	-1.052464799	-0.358692897	-1.544590853	-0.317307558	-0.128879027	0.01991643	0.204139267	-1.721067932	0.864528387	0.398082401	0.969489943	0.439759552	0.728881602
Mupirocin-D [D]	-0.140607355	-0.585606904	0.267670586	-1.172464754	-0.72991988	1.028782155	0.743683707	-0.078268895	0.490343587	-0.29690877	1.378995942	0.973508563	-0.216713562	0.887851869	-1.703891208	1.334173149	-0.207557734	0.796296856	1.224757828	0.970488055	-0.022597973	0.084243245	0.236659314	0.137102069	0.747773932	-0.002652343	1.01470586	-0.89344657	0.525775404	0.404580249	0.244313544	-0.793123832	0.161322957	-0.073793975	-0.121623903	-0.448394475	-1.636671973	-0.260906515	-0.221202124	-0.464263494	0.367546615	-0.061209719	0.139323437	0.00290663	-0.611760478	-0.611028201	-0.470024415	-0.872861359	-0.727757819	1.370659622	0.931591696	-0.527485534	0.29827595	-0.353850343	0.243776335	0.435654586	0.129027922	0.579517271	0.896938902	-0.355063231	-0.164057696	-0.211847753	0.617668733	0.088888338	-0.919569626	0.564600112	0.946086326	-1.155593014	1.406509997	-0.582516592	-0.31985813	-0.269531819	-1.027196285	0.186485246	0.6064888	0.457213676	1.315587164	0.17609864	-0.011271085	0.421956451	-0.175217525	-2.161054598	0.145637084	0.37949356	0.634853041	-1.68391033	-0.080634797	0.769954303	-0.880008464	0.377930477	1.404959539	0.365863531	-0.970050913	0.033688672	-0.632273114	1.413421587	0.394201204	0.470528381	0.007984941	-0.775640819	1.111432645	-2.985338464	0.494634518	0.161440474	0.247484877	0.654274926	-0.565307702	-0.080930202	0.899451008	-0.034688219	-0.473075529	0.41806026	-0.351407346	0.26314971	-0.316619165	0.782268892	0.301287564	-0.455888154	-0.292709955	-0.699349153	0.622629108	1.527726393	0.760221831	-0.803258646	0.508106513	-1.020063519	0.251057768	0.527831628	0.785290548	0.516953317	0.437623916	0.421411822	-0.332218714	-0.598226009	-0.417919622	-0.737418092	-0.629856784	0.330596819	0.135763011	-0.844291501	-0.706557271	0.780788261	-0.225658212	-0.154876297	0.041696532	0.542394965	0.86873163	0.043702951	-0.485199297	0.206085512	-0.62637285	-1.224118934	0.130214683	0.513645175	0.07552272	0.199772968	1.163249125	-0.784823358	0.358870071	0.037514607	1.133888261	-0.138943289	1.015143097	1.274275632	-0.99048847	0.490413852	-1.237775262	-0.476286577	0.863205224	-0.122314133	0.376806419	0.779427672	0.792006908	-0.289292591	0.22491285	0.987734536	-1.253887298	0.038492146	-0.214393476	0.19829988	-0.039858573	0.77553791	1.281911662	-0.27057304	0.214520266	-0.408965881	0.063929391	0.450940761	0.161641826	0.56695693	-1.215246947	0.58140466	-0.098522872	-0.460180006	0.474912048	0.110102572	-1.069425306	-1.541981331	0.114910655	-0.79146284	0.213845512	0.260660126	-0.879978566	-0.52443106	-0.045713389	-0.069906704	-0.794302296	0.323790237	-1.768519233	-0.042549739	-0.153217568	-0.666221444	-0.965510297	-1.215647525	-0.122825446	-1.796735113	-0.640018449	-0.111200068	0.642995633	-2.104383054	-0.967578506	-1.513929601	0.733763619	-0.919406474	-0.568309308	-2.340910767	0.424420719	-1.088581232	-1.909857197	0.613793345	0.116403037	-0.408670816	-1.719447043	-0.786992694	-0.228549221	-0.139088283	0.029313132	-0.423648672	-0.274168815	-1.038392322	0.004612827	0.158876577	-0.502491272	0.649326205	0.914184615	-1.320377556	-0.278791193	0.188018678	-0.225260362	-1.335514881	-1.499739042	-0.446737132	-1.150499617	0.104329994	0.854601956	1.077506763	0.856664839	0.428702196	0.28594074	0.545552255	0.23553022	0.102778843	0.987093693	-0.166969669	2.214216442	-1.009907946	-1.395735712	0.599405671	0.526483789	0.214029232	0.295381883	-1.590749108	0.033458286	0.165534986	-0.050272381	0.136459018	0.633278713	0.70036863	0.153132264	0.664013945	0.004787386	-0.73517463	0.300639331	-0.095706897	0.133767189	0.149887791	0.765742185	0.281018037	-1.091901939	-1.305920068	-0.407398826	-0.483098457	0.80887103	-0.440706344	-0.083031433	0.334439039	0.488969652	0.857851046	0.316204527	0.175071335
Mupirocin-E [E]	-0.924664403	-2.734692752	0.066768642	-0.408550201	-0.911440019	-0.03195361	0.195527778	0.273383859	0.689035219	-0.174080909	2.022538005	0.940734665	0.534536206	0.249883336	-2.135219604	1.418763672	-0.569531518	-0.216126123	-0.192468976	-0.839261585	1.260047578	0.236902702	0.113260404	-0.08961521	0.421553896	-2.229001216	0.902668724	-0.747219493	-0.359709216	-1.303225204	2.036259464	0.856026625	-1.829888233	-0.096299243	0.174019496	0.35111643	-0.506628558	0.283229288	0.537343809	-0.89351487	0.525725652	-0.151134368	-0.290004712	0.332412361	-0.314121279	-0.212307593	0.086565712	0.122862352	-1.444097835	2.032893986	-0.270763386	-0.350806283	-2.203285812	0.570065944	0.243523171	-0.766295249	0.522631318	0.486225586	-0.307786481	-0.227717979	-0.174946448	-0.042736888	-3.59732479	0.062975876	-0.457803914	1.43911776	-0.884306863	-1.812941286	0.535410609	-0.300116007	0.037978112	0.175121423	-1.014026004	1.219144727	1.094799885	-0.632584437	1.670091651	0.635259249	0.796565388	1.734719617	0.725474388	0.175882159	0.401656328	-0.254423342	1.140443334	-1.572124173	-0.848593294	0.743297335	-0.071701075	0.711033336	-0.680476353	0.094017511	-0.419920778	-0.646514736	-0.920461095	1.309750372	-0.010944244	2.283772542	-0.013669272	-0.796741933	1.643467668	-4.564865324	0.973181524	0.199726872	0.232723607	-0.000109093	-0.125765535	-1.140601192	-0.369254853	-0.168638029	-0.206295897	0.205607394	-0.112880945	1.112440412	-0.26926457	1.015379314	1.277383809	1.427907315	0.51291529	-0.510396257	-0.024231868	1.089358782	1.394148045	-0.843964366	1.715895179	-0.899864385	0.857988131	-0.295044488	1.153808572	0.974813823	-1.125468465	-0.161469331	-1.190919533	-0.626752403	-0.891288042	-1.234921154	-0.792606863	-0.574604062	-1.332031656	0.832119721	-0.178617532	-1.162911879	-1.558942195	-0.712557294	-1.209131916	-0.483503994	0.206795613	-0.017231456	1.072842433	1.207966844	1.059434649	-0.394341245	-0.510911805	0.80454848	0.041665621	0.556267484	2.219814167	0.098501594	-0.297572142	0.10396373	0.5415639	-0.738557581	1.665988255	1.371006997	-1.060870911	0.675073932	0.111847303	-0.942083488	0.26682634	-0.182369929	-0.300274006	1.311237171	0.905580234	-0.290814743	0.497521082	1.340663094	-1.077710322	0.619720972	1.558655769	0.183316462	-0.290820226	1.046285574	1.61383378	-2.109537844	0.530157913	-1.1976386	0.085577686	0.235979484	0.360296529	0.011898779	-1.034829002	0.626826814	-0.054968418	0.492429595	0.759134696	0.974872653	-0.733907122	-0.767166495	0.001807273	0.112614601	0.061907667	0.603759315	-0.121934828	-0.457604724	1.430222961	0.336021856	-0.704295342	0.632242675	-0.32456189	0.553377581	0.69144047	-2.542963934	-0.776166767	-2.606846728	0.391685336	-2.195540497	-0.747662981	-1.310970792	-0.246988058	-1.427247177	-2.864457833	-0.099674988	-0.244244291	-0.200883081	-1.032839206	-3.18445766	-0.092821331	-1.090613448	-1.760983635	-0.269143771	0.031561101	0.697356634	-0.584908855	-0.552644851	-0.293387842	-0.295634629	0.04310329	-0.973238272	-1.34467657	-1.94749342	-0.288128599	0.210648156	-0.595149554	-0.140219408	-0.353472833	0.842957151	-0.125691947	0.173354141	1.043184927	-0.143590422	-1.00871758	-0.220207075	-0.376544621	-0.122557017	0.107476068	0.139054222	-0.150233413	0.941541412	-0.668694977	0.642545047	0.766728231	-0.055820197	2.085506943	-1.385321149	2.76561383	-1.140461945	-0.637680005	0.088689423	0.265329139	-0.397587239	-0.006163315	-2.016435363	0.300452911	-0.599559559	-1.078685848	-0.139635685	-0.078146616	1.048883319	0.268732121	0.815541511	0.37896774	0.226753524	1.096019619	0.649835247	0.90094804	1.461497774	1.120363915	0.000737102	-1.020944678	-0.888047801	-0.041516062	-0.39779681	-0.123756966	-1.482071952	-1.979759253	0.75054743	0.501213462	1.284072376	-0.309206651	1.187057171
Mupirocin-F [F]	-0.480706386	-1.124444356	0.281275731	-1.037526856	-0.490896966	-0.184467636	0.261998073	0.483569365	1.499374244	0.969072733	1.862146061	1.473945619	0.761976047	-0.724063031	-2.542048869	1.353116195	0.107101987	-0.009362838	0.161047471	-0.375643747	1.194353386	0.286882125	0.119176472	0.355756881	0.932910674	-0.17152017	0.184784023	-0.895057321	0.658208318	0.225443005	-1.053731526	-1.693053837	-0.963001683	0.741380228	0.344510228	0.260376599	-1.032398869	-0.801335067	0.322262314	-0.955869726	0.176472494	-0.61151897	-0.418192183	1.036945985	0.390909324	0.820263394	0.782316989	0.685649124	0.289239144	1.312119467	-0.192603032	1.024122572	-0.850601435	0.628361671	-0.21845742	-0.615978936	1.413739277	0.852046294	0.283748822	-0.214018682	0.570887377	0.393833766	-1.161476946	0.014990488	-2.089079865	0.813989491	-0.888472006	-0.818883257	0.350444197	-1.082914388	-0.553039266	-0.266483199	-0.532406046	-1.216060177	-1.137691604	1.379886026	0.607201268	1.168687521	1.77910773	1.228878052	0.601618755	0.16102562	0.518780386	0.019287966	0.294223824	-0.927648528	-0.11166641	0.486184938	0.312342344	0.530954663	0.727474829	0.141053741	-0.431371998	0.218796573	0.660573611	1.828160618	0.689443595	1.606600843	0.77991834	-0.72277065	1.045263635	-3.727523539	-0.258322388	-0.106576055	0.47622273	-0.217489197	-0.146119569	-1.196891893	0.130106465	-0.09765429	-0.348875229	0.613059498	0.141841692	0.924003144	-0.460312724	-0.244473995	0.767652891	2.154044904	0.511824866	0.542800047	0.93040063	0.657743854	1.331558638	0.340211732	-0.030988857	0.108012124	0.161350755	-1.387502105	-1.321069746	-1.850815305	-0.112728831	0.151125828	0.367318437	-0.112168539	-0.938289365	-0.594054864	0.09173152	-0.411428966	-1.848682072	-1.381743925	-0.846333834	0.291029057	-0.817233765	-0.794828724	-0.375173594	0.446313075	0.692876114	0.060867627	0.742498906	0.447218225	1.430129852	-1.332550548	-0.401986565	1.319693497	0.965816235	0.657681432	1.553650177	-0.97868377	0.413609616	0.246078863	0.656770763	-2.467807791	1.201861318	1.764866615	-1.611353407	0.583890752	0.746519912	-0.565650474	-0.08725473	-0.383075768	0.6245416	1.830996273	0.97158439	0.373711448	-0.289734575	2.059363041	-1.089818089	0.348387003	0.659104489	0.011702141	0.623813267	0.415225689	-0.795280763	-0.844110582	-0.136570557	-1.354192539	-0.124662476	0.335110658	-0.693989215	0.178122365	-0.605938156	0.731116963	-0.22584957	0.359294776	-0.231196415	-0.125424714	0.296971722	-1.818775722	0.576559993	-0.805897916	-0.093341474	0.877381371	0.610035907	-0.292804398	-0.057142381	0.72167914	0.039583186	0.056241708	-1.274098925	-0.086089391	-0.020144617	-0.61107272	-0.023501245	-0.943301259	0.355074539	-1.150110933	-0.404167355	-0.058369461	0.278940123	-0.863427444	-0.59747196	-1.180567206	0.328960926	0.300690513	-0.460378915	-1.436184999	0.348972125	-0.957760624	-1.329546805	0.164090644	1.067215676	0.049881947	-1.225320733	-0.549268486	0.474677064	0.067363761	0.114365169	-0.132924702	-0.615474848	-2.241766159	-1.451257106	-1.101965182	-1.270847321	0.775594305	-0.886532083	-0.960373148	-0.946664322	-1.679303851	-0.320253873	-3.186959675	-1.966684871	-1.066696754	-0.531021463	0.110430814	0.55086561	0.903298071	0.95975264	0.313705689	-0.086320962	0.205788975	-0.056237225	0.350360966	1.092650927	0.173119263	2.169056742	-1.151421253	-0.529239281	0.330995572	0.473436303	0.251685106	0.882405555	-0.401003851	0.021497994	-0.369282565	-0.372373735	0.259249926	-0.379255824	0.65424471	-0.331487697	1.222253269	-0.166446259	0.121737481	0.313946443	-0.361542679	0.267675692	-0.316581833	0.950883736	-0.222158176	-0.283386591	-0.211722144	-0.180118566	0.228866528	0.264944062	-0.988651708	-1.074554521	0.410068342	0.312903417	0.331336242	-0.050694618	0.496562811
Mupirocin-G [G]	-0.145527887	1.358703807	-0.457958863	0.106152667	-0.536240179	-0.699840595	1.00194554	0.013796422	0.874101965	-0.401404643	0.407822644	0.996610528	0.642333266	0.564186647	-1.015573547	1.573643561	0.315415316	-0.461213977	0.819990665	0.487920438	1.92773483	-0.763750693	-0.255742569	0.091117567	-0.292482146	-1.259475711	-0.535764504	0.260001363	0.073810421	-0.589554844	1.735681317	-0.984639286	0.377579569	0.004671105	-0.276721308	-2.411719671	-2.943016252	-0.187214238	-0.131380984	-1.256791538	0.143357179	-0.367150066	-1.289001029	0.321347134	-0.945035654	0.657049867	1.262942672	0.825956916	-0.925522959	0.960910439	0.522808498	2.288963688	-0.11766346	0.563952663	1.468400382	0.266847474	0.583056717	0.91595491	1.578321498	1.399519828	-0.413483763	0.497180389	0.683173115	-3.238979031	-2.464145276	0.899178939	-1.230469727	-0.497161811	-1.062643279	-1.218071673	-0.686718562	-0.967747747	-1.561783211	0.240665041	0.139433882	-0.178657826	1.29105379	1.319954421	0.739977106	0.808615593	0.27598073	-0.372912508	0.478157113	0.305142904	0.963934731	-1.040758267	-0.176700457	1.279949177	0.178277072	0.669142556	0.392900119	0.03143009	-0.665195109	1.299230504	0.282739862	1.386958154	1.045677719	0.549763194	0.500342787	-0.430899825	1.561515487	-3.902644957	0.404616952	-0.221889897	0.015305003	0.689894783	-0.652087607	0.121707599	0.374494207	0.537642714	-0.040803813	0.530836662	-0.358388845	1.530942941	-1.162314638	1.107459279	0.701060552	2.686191599	0.431638803	-0.181833622	1.591269897	0.566521464	0.72555812	1.423014928	0.294254178	-0.516644914	0.563007635	0.134710994	0.225560993	-0.833280302	0.366302754	-0.258882102	-0.464662173	-0.983941976	-0.937285227	-0.932447084	-0.938545153	-0.32426218	-0.164265506	-1.55345722	-0.517141357	0.112926533	-0.69925877	-0.697490896	-0.474265816	0.423454486	0.663425727	0.038235568	-0.140110858	0.261257616	0.095408321	-1.508763342	1.368143101	1.270694934	0.400617427	0.748517489	1.507065137	-1.399422796	-0.551693006	-0.779631317	0.684649882	-0.627382724	1.727967038	1.455566499	-1.218494506	1.754731367	0.183677639	-1.086326312	0.325918677	-0.378036126	1.654225145	0.95001028	0.300266479	0.595146711	-0.282163799	1.912863493	-0.875725747	0.47609831	1.373954705	-0.040274023	-0.280381502	1.344054924	-0.512733584	-0.164517015	-0.630669624	0.300488253	-0.882214859	0.038249751	-0.221681071	0.039474071	-0.793596118	0.717204025	0.425751718	0.587882032	0.800524817	0.208218281	0.159932643	-1.027554723	0.397062089	-2.460281802	0.658893321	1.852354815	0.576207496	-0.537152519	-0.176346425	1.563726034	-1.182557006	0.399897445	-1.34555421	-0.582131804	-0.70983427	-0.241155998	-0.126713741	-1.6680283	0.63679013	-0.142974178	0.319549095	-0.162298836	1.557304759	-1.340847318	-0.844447836	-1.191130033	0.698649648	1.009780534	-0.020045466	-0.681519187	1.303725043	-1.03373722	-1.867993958	-0.489577825	1.403454825	-0.144830622	-1.360501018	-0.500997673	0.340461621	-0.128185166	-0.219928862	-0.853431602	0.816804542	-2.558222155	-0.844039986	-1.004285774	-0.656610031	0.992448118	-0.062782081	-1.777303568	-0.102898735	-0.235198571	0.149456913	-2.011293869	-1.365863471	0.783889312	-0.756968438	0.398707296	0.951578487	0.528640614	1.403640042	0.989386195	-1.397830471	0.298380799	0.60941782	0.309933275	3.946159764	0.166851151	2.561811023	-0.870644743	-1.479476426	0.361397133	0.56087667	0.594617328	0.412003576	-1.933028646	-0.450404072	-0.317262359	0.01717811	0.64065605	0.410107323	0.613044351	0.475954976	-0.289432136	0.381643045	1.071455936	0.329170754	0.477910961	0.474416529	0.775988741	0.38896794	0.61714849	0.015333922	1.186417146	-0.40370941	0.685364452	-0.217802797	0.435448773	0.41098935	0.596934919	0.704916158	-0.285465344	0.658861803	0.715063419
Nalidixic_acid-A [A]	-2.806892912	-2.029556554	-1.505455423	0.372742493	-0.474806476	0.735896884	-0.982979242	0.016195988	2.553840016	-0.632381345	0.768112749	1.088685169	-0.087068827	-4.509667942	-1.029314463	1.67079354	-0.296029142	-0.984087244	-1.65735351	-1.117392239	-2.258526855	-1.492193824	-1.295339022	-0.487819444	-0.383808737	-2.152020049	-4.084962028	-0.756356429	-1.924660249	-2.128528389	-0.749385209	-2.462824199	-1.798705569	-2.374941706	-1.515635634	-2.137849651	-0.453062495	-2.100693767	-3.242704397	-1.272012182	0.709559966	3.048150705	-3.665330791	-3.94537254	-2.762733871	-2.286990058	1.963704702	1.795220153	-0.849615986	2.564047125	3.35243167	-0.330954544	-2.041089217	-1.382038135	-0.303258581	0.981611866	-0.903972199	0.074690568	-0.258735583	-0.214942757	0.439852166	-0.091796601	1.646278892	-4.304945388	-5.078285579	0.223830382	0.47955126	2.831929644	2.012709734	0.384449641	0.298360943	1.003549449	3.158321887	-0.621042293	1.254623948	-0.197658031	-0.312949163	-0.212776654	2.304628579	2.232926628	0.13551014	1.919491627	-0.451551292	-0.299672596	1.326290215	-1.319319947	-0.70514253	-1.422946863	0.791507511	-0.041457467	0.708160481	0.299506806	0.579037989	0.772801624	-0.17599938	0.271512325	-0.551646847	2.436834986	-2.20838794	0.416158563	1.314086887	2.815759036	-0.139683654	1.114718821	1.702080114	0.470540929	0.241868964	0.041441527	-0.457830415	0.363630289	-0.011982455	0.044139368	0.413506053	2.060529385	3.791499346	-2.570951839	0.019161612	0.644886453	0.162296525	-0.001363821	0.234383008	-0.232115558	0.9507491	1.99863427	-1.509841788	0.42354175	0.344665652	-1.395633825	-0.100321906	-0.501058095	-0.737046172	-0.50906466	-1.153182754	-0.173542134	-0.563560979	-0.879271742	-0.247832967	-0.246954999	-1.876418637	-2.305563406	-1.720970827	-2.155909717	-4.076338246	-2.965228426	-2.346342808	-1.056695389	-0.589632184	-0.104468167	-1.173117114	-0.839294205	-2.839041451	2.871492679	-0.933247456	-0.684702911	-0.598100991	-1.12290625	-0.285995902	-3.991135129	0.124837238	0.560121155	0.883131541	-2.938304706	1.383604387	-0.094441688	-0.057281009	-1.485730947	-2.530296223	0.250341432	0.227497299	1.775860536	-2.010602899	-4.21050999	-0.593209133	1.028151099	-0.522045443	-0.168182864	0.211876691	0.368051642	-1.939372374	-0.457384626	-0.245852876	0.923986687	-1.276247379	-2.664558528	-1.275836921	-1.430643698	0.747011867	0.498281094	-1.736223307	0.264605729	2.044158825	-0.330408237	2.477474476	3.040460924	-1.585681777	-1.18824433	3.578981902	0.873212272	1.922056768	3.478319372	0.555242193	3.076142509	-0.032316367	-0.190065436	-1.203629033	2.976499671	-1.488322216	-0.676658928	3.232306313	1.900144734	3.391807993	0.436899317	3.621767299	4.094741167	2.640330769	2.89277592	2.629132065	5.095974157	1.040602669	3.889241803	4.351223947	-0.308913751	-0.382745286	5.015662133	2.873028785	3.919570822	1.321705499	2.482918729	1.171276039	-0.662059873	0.072232251	-1.874267696	-2.518290232	2.041020742	0.537352027	1.294729098	-0.593510187	0.459983415	2.611889201	-0.299004984	-1.356967088	-1.614350612	-1.144711067	-1.119791194	-2.422013831	0.912455648	-0.188421238	-3.362609013	-0.959973972	-1.891285671	-2.993593241	-2.53525551	-0.406742888	2.371119362	-0.744317678	0.324922552	-0.378453391	-0.215441068	-0.311149916	-0.740626311	0.882772129	1.488913829	0.747170439	-1.487657142	0.394779424	-1.98023637	-3.154290223	-0.050614782	-0.737210526	-0.582831839	-0.536928669	2.42024178	-3.369325899	-2.856747098	-1.419109913	-0.81819809	-0.58856161	-0.483874301	-0.395437124	-1.741181448	-0.698473969	-1.100891594	-0.905660458	-1.096266636	-0.993488187	-0.463739674	-0.844598729	-1.433879722	-1.535366882	-0.836848695	0.285725239	0.234561873	0.48831249	3.744121512	-1.112063292	0.195130364	-1.859845594	-0.586810815	-0.335990037	-0.196584324
Novobiocin-A [A]	2.219560233	-3.057314711	0.280964453	-0.457957984	1.388559484	0.104276408	-0.818218551	-0.538664025	0.154333413	0.94238627	-0.545311536	-0.052626377	-0.671483503	1.754312659	1.236376197	0.353187049	-0.220411833	0.464753097	-0.858917301	-0.819513806	0.029380369	-0.608283041	-0.66652888	0.506839532	-0.125401912	2.78015274	3.894718614	2.391346975	2.210586722	3.631985234	0.010701756	1.605133341	1.246580113	-0.385471752	-1.403023193	0.855458297	-1.062812864	0.153008139	-0.028597669	-0.368602914	0.950436612	-0.31848468	0.462124374	0.076239334	0.580890406	-1.462872898	-2.981129358	-1.427923291	-0.016092701	1.666555886	-0.235609883	-1.710061852	0.750145921	-0.351942167	0.835966107	1.170286747	-0.593921455	0.732697746	-0.825182269	1.976006885	0.455632497	0.291712128	2.488677944	4.028083912	4.274981129	-0.203088141	0.245794653	-1.200063242	1.601047884	-0.214524624	0.809063409	0.491054722	-0.512160622	0.235638637	0.632395512	-1.321212352	0.300633832	0.403564167	0.720968468	-0.097103153	0.326398476	-3.583614181	-0.174722855	-0.615208907	-0.128172065	-0.588529514	-1.650040008	0.137466794	-2.719037788	-2.371019075	-3.187237862	0.143525577	-2.709198961	-3.769927918	-3.722891864	-1.323299931	0.526754327	0.141516764	0.480508792	0.196769586	1.112228627	1.034128439	0.155292192	-0.410305219	-4.549835902	-0.585091139	1.359502295	1.407420556	-0.550964977	0.031613722	-0.818729052	0.185866011	1.184003738	-0.376756369	-0.509388059	0.064637529	-0.448581897	-2.379215581	-1.027131268	-2.238849044	-2.468646477	-0.178221404	-0.771455177	-0.749020668	0.825674391	-0.150686368	0.121546507	2.085173983	1.73044729	-1.536171087	2.641097149	-0.239926999	0.533947644	-0.146388991	-0.844664309	-0.422066996	0.0169847	0.138068812	1.923782261	1.930586159	3.545028768	2.881792023	1.35523094	0.985148304	3.025909946	-0.185785634	-0.818959665	-0.775559135	-0.045003251	0.127912855	0.571132647	0.353662066	-1.863475496	-2.03065222	-2.00082211	-1.478818425	1.419628261	2.357515933	0.532280218	-0.574158282	0.81579912	1.467205083	-0.066622314	0.156188965	0.107835005	-0.911622618	-0.822705481	0.131168045	0.09115544	-1.289078342	-0.935525976	1.187787037	0.235443984	-2.391605642	0.119332793	-0.710166655	-1.166907954	-0.514545614	1.31642468	-1.410756083	-0.237829388	-1.063489125	2.123440319	0.618526784	1.218215027	-0.648974041	-0.551428387	0.299390961	-0.908540882	-0.457945208	0.367105231	-0.285054993	-0.239449185	0.065385033	-0.419973997	-0.5065387	-0.581454188	-0.446005819	-1.688423404	0.527536367	0.1397623	1.111750734	-2.061703919	-1.256878761	-1.023187492	-0.088629973	0.265487244	-0.773311445	0.171030768	2.845857731	3.226483203	-1.701041027	-0.437438833	-1.430823755	0.143961204	-2.04433706	-0.136130656	-1.261343522	-0.297859309	3.602601355	0.597628785	1.004500865	-0.150861352	-0.491606984	-0.615305249	0.551295551	-0.575429147	0.31604841	0.55718468	-0.909762928	0.205902876	-0.522765338	0.302248285	-0.11185058	0.01876639	0.151443183	0.674587935	0.782581121	-0.447160447	1.112090075	0.130280687	0.412040413	0.941551987	0.050474254	0.318460011	2.125853486	0.601769554	-0.681997011	0.895501587	-2.643698164	0.711231498	1.938376236	-0.440430703	0.657652921	-0.569389496	-0.210433025	-2.028040412	1.403261161	-0.852021903	0.104828245	0.364359098	-0.308466232	-0.172287985	-0.273720625	-0.312223848	0.043258738	-0.188999228	-0.327397522	0.200268991	-0.757238198	-0.472777577	-0.854203889	1.197467741	2.522121333	-0.224930851	-0.744253174	-0.786448503	-0.194082212	-1.11508319	-0.69419986	-0.375523551	-0.484390631	0.236848324	-0.018690814	-0.254154487	0.050804219	0.849709164	-1.135711265	-2.133602158	-2.030294482	-0.450042608	-0.322760082	0.419086932	-0.122922609	-2.072046593	0.150913781	-0.784080724	0.195660573	-0.137371078	-0.180029194
Novobiocin-B [B]	5.077115043	-1.65329626	1.270078849	-0.893231665	0.350631528	1.011358153	-0.123049678	-1.43266953	-1.023109807	1.130205028	-0.670010184	-0.183375558	0.268765293	1.686721093	0.789461536	1.06352754	-1.089126897	-0.264257203	0.312461195	-0.707536119	1.018102632	-2.318666481	-1.082956532	-0.034203224	0.202070456	4.130567807	2.25555802	1.01705366	2.466475146	1.736621024	-1.885209096	0.718632468	1.782213701	1.03681304	-2.358681815	0.036551912	-0.602306157	-0.70599811	-0.336018541	-0.334749502	0.750351515	1.835027352	0.504689891	0.350870252	1.699596309	-0.398538512	-1.548033764	-1.288126427	-0.174193989	1.641377445	-1.312349568	-0.570654841	-0.543849166	-0.313361127	1.440070918	-0.600978008	-1.013269469	0.843261652	-0.41081197	1.507034712	0.882864493	0.599231172	0.1505481	1.92850967	2.716363259	-0.484491941	-0.420328072	-0.320931805	0.97900214	0.516018329	1.460572297	0.75279674	-0.358909952	-0.50567969	-0.867413533	-1.473945199	1.07173253	-0.216375898	0.421467771	0.416157242	0.639561549	-2.598257339	-0.456700147	-0.975906948	0.842611626	-2.057399689	-2.405071828	0.691201952	-3.301513627	-3.388560854	-2.513289667	-0.05209016	-3.651849129	-4.421239853	-4.138880487	-1.358384113	-0.764172093	0.795450326	-1.227678375	-0.680697576	1.506681267	0.360763811	-0.102094215	0.436945847	-3.525559672	-1.283331532	0.335336621	0.220167053	-0.874790618	-0.000241129	-0.505496141	0.913411326	0.739817486	0.712653945	-0.077475944	-0.137919341	-0.297664822	-3.309877915	-1.128748733	-1.993640351	-3.075427011	0.077018955	-0.559059773	-0.75889654	-1.521541027	0.78341731	-0.24842122	0.27079227	0.868823685	-2.483895754	0.554489714	-0.711453642	0.400744848	0.165563054	-0.422503516	-0.797058181	0.274283175	-0.788432753	0.388924107	-0.447117356	0.883129824	1.090369438	2.624603413	2.04201569	1.527018338	0.176042541	-0.320822048	-0.079947804	0.394814398	-0.200015532	1.448948157	1.786100068	-2.349019049	-3.253091477	-1.722611485	-1.609601851	2.628422753	0.852916755	0.547236022	-0.497854631	-0.106939974	-0.103288325	0.231921961	-0.421262338	0.687751541	-1.735227002	-2.203552	0.193260168	0.156029078	-0.890447701	0.064072707	1.096572237	-0.032491779	-2.535437423	-1.936273645	0.216213085	0.30920409	0.870569076	1.446361657	-1.43291185	-0.709685806	-1.562945776	1.265626703	0.655348133	0.203021571	-1.337625055	0.053754035	-0.052580847	-0.774366146	-0.431255035	0.267044652	-0.904101956	0.421525524	0.853809277	-1.532852395	-0.225431617	-1.482378851	-0.572622155	-1.208050654	0.08401296	0.587987775	1.471044786	-4.212480136	-0.29518555	0.490144445	-0.498131555	0.78059171	-0.782965494	0.869020741	3.143564116	4.241721545	-2.665560141	0.108189625	-1.069398606	1.113126274	-1.195501798	0.99921049	-0.243706109	0.019692398	4.511234729	1.751403166	0.361375179	-0.472127566	1.418916267	-0.202845806	1.577706037	0.218531323	-0.061695904	1.890545336	-0.864591781	0.136189045	-1.59900315	-0.327619239	-0.718432484	-0.399632981	-0.220517245	0.046933373	0.235254387	0.030266288	-0.497569662	-1.059158727	-1.331053717	-0.819316686	0.273232678	1.03556759	-0.700703483	-0.218151836	-0.020109313	-0.886660046	-5.301592869	-2.298365691	0.817308149	-0.105141121	0.131271872	-0.091113247	0.364177151	-1.549060838	0.349967745	0.007695047	0.088465663	1.045420433	-0.527339962	-1.522577396	-0.182568234	-0.085444064	0.664948021	-0.208630398	-0.524579943	-0.745658925	-0.442501744	0.216071645	-0.622013207	2.460602003	3.392731135	0.238133298	-0.361289577	-0.510177611	-0.064846877	-0.732883747	-0.597308304	-1.094994788	-0.696421399	-1.400160336	-1.981376106	-0.394479253	-0.435302799	0.414290173	-1.439106103	-1.838909805	-0.382823578	-0.261581372	0.302348257	-0.079552695	0.196184399	-0.456640738	-0.335707856	0.004243334	-1.264868876	-1.014832099	-0.497504702
Novobiocin-C [C]	3.920203981	-3.743729573	0.453242582	-2.817929271	1.523957966	-0.117560554	-0.86311024	-0.013931324	-0.444904575	1.829270663	-1.350127444	-0.415677061	1.01303936	0.846911541	1.594348969	1.279361203	-0.516576816	-0.483917359	0.080306315	-1.902794191	0.664455995	-3.268681943	-1.255480483	-0.486145128	-0.607893178	1.582619996	0.565084676	1.654379663	2.676865013	1.159875856	-0.214555748	2.774468894	1.139814702	0.15289556	-1.73817001	-1.127324808	0.527294362	-1.168447188	-0.458289704	-0.336157888	0.470338354	0.490409082	-0.378394335	-0.236362874	1.761665827	-0.982478088	-1.695882698	-0.521561034	0.031762171	1.337224964	0.432786248	-2.903684279	-1.120523154	-0.723996625	1.833911765	-0.996473528	0.20279837	-0.079529549	-0.680752225	0.250682835	-0.086628838	0.879165806	-1.20066763	1.847256474	1.743948312	-0.306632682	-0.227745298	1.276930549	0.04479963	0.447146828	2.181772463	1.796546131	0.064049921	-0.056394265	2.00843404	-1.827910642	1.48094268	-0.598350047	0.404261169	0.537727977	0.961797108	-1.410430059	0.250405792	0.216684443	1.083473995	-2.800338782	-2.275943579	-0.048626846	-3.281871216	-4.136153908	-4.700913619	0.690739409	-3.376424221	-5.764895151	-5.12058792	-3.235366456	-0.995430681	0.993653036	-0.85482138	-0.929469313	2.274735045	-0.366074628	-1.180208366	0.540634566	-1.202803176	-2.020905003	-0.39146161	0.46610841	-2.194856991	-0.354288522	-1.251861481	-0.291046538	0.217602502	1.161345157	2.284508959	-3.004966032	-0.372299252	-3.562343722	-1.574160478	-2.512043777	-3.652960482	-0.011245475	-0.887600897	-0.880204298	-1.139563414	0.693864636	-0.212860421	1.193487119	4.323254368	-2.419145759	-0.950273968	-0.107242937	0.55215904	-0.050521759	0.738709788	-0.792625222	-0.25975046	-0.044439903	0.789821856	-0.51450411	-0.769701298	0.225883914	1.19149716	1.332200785	0.782128559	-1.560947153	-0.878387608	-0.985805846	1.43416031	-0.545185107	0.783846426	1.154957245	-4.010164566	-4.572075373	-3.528369743	-4.075812941	2.593821069	0.796464108	0.694338477	-0.620865898	1.082475948	-0.454830202	-0.01603858	-0.922857868	1.364572686	-0.722125817	-0.697420887	0.149307362	0.148332846	1.524666512	-1.388998651	-0.196104158	-0.214263197	-4.080050033	-1.626290962	0.674734201	1.19580135	0.911129971	1.626647104	-0.637412443	-0.682528557	-1.458287952	-0.077639512	-1.907757857	0.056414743	-0.840186096	-0.410838005	0.128448828	-2.541245505	-0.566844884	2.865763709	-0.603823026	2.616108247	2.753194558	-0.511977636	-0.01243444	-0.082724104	2.152935028	1.14729478	3.53920845	1.534982577	4.483702433	-3.853860797	-0.290439316	0.26473769	2.221581765	0.441455867	-0.748122354	3.112478714	1.357594154	3.680973691	-3.321743706	2.725760093	0.816561004	3.769030928	-0.619311695	2.954879506	-0.149485179	0.430384593	7.091192044	0.957242967	1.064562723	0.31080482	3.32093356	1.506719118	2.941918147	0.350915482	1.28729804	2.792844501	-1.436174129	-1.018107109	-0.692048855	-0.250494867	0.99640421	-0.202582689	0.232466192	-0.862434565	-1.212929963	-0.061348545	-1.330786747	-1.298420366	-2.92138352	-2.507124748	0.274540297	3.289986663	1.202900869	-0.972045613	-0.842551393	0.393070558	-0.567186564	0.736885607	2.109541622	-0.218117967	-0.25012576	0.158150924	-0.748542194	-3.105071354	0.371794849	0.109940737	-0.765475225	0.00109899	-0.287496117	-1.735530737	-0.685658857	-0.418059512	0.282978887	0.408688994	-1.318730188	-1.171319785	-0.124525301	-0.557430402	-1.617139467	2.122161035	2.610928973	-1.102464405	-0.585773665	-0.822516724	-0.946205719	-0.064244295	-0.786045186	-0.590321253	-0.823285359	-2.055654247	-2.387967491	-0.674353158	-1.733718378	-0.422002181	-3.941190305	-1.60741393	-2.024022999	-0.666407799	-0.676486422	-1.396289205	0.766990469	-3.179881165	-0.214442482	-0.860158296	-1.128295508	-1.402173832	-0.468887102
PAC-holo-A [A]	-3.408734676	-1.164049623	0.944293778	-0.582802042	-0.285874049	0.946033583	0.663762089	0.414384601	-0.218779273	1.814501059	0.624363427	2.090476668	1.383432225	0.396369712	-1.136918501	-0.485130751	-0.961308779	1.209038154	-0.132946232	-1.652454219	-0.438261292	0.061014491	0.764243926	0.909269774	1.624360716	-0.256062579	0.30383544	-0.058564483	1.977295208	0.186452514	0.189565177	-1.410786617	-0.347650114	-0.121959819	0.427665968	1.76195008	1.073761883	0.21540424	0.192817332	0.657827161	0.334850836	0.915049506	1.197269279	1.500366368	2.810810833	-0.538149266	-0.130627453	-0.044589412	-0.165358343	0.605201497	-0.489345687	-0.763384937	0.441054921	-0.172155872	-0.786043358	-0.595197418	0.675487634	0.734373185	-0.760122752	0.312565783	1.519171849	-0.356529207	-5.689309714	1.2874494	1.068445269	2.100450158	2.429788269	-1.175996098	1.226822133	-1.385977747	-0.948185885	0.818728734	0.447563358	0.267053029	-0.803100682	0.913417473	0.736534303	0.730253971	1.108710857	-0.050091586	2.020223372	-0.886514586	1.665870131	1.627030731	0.18395996	0.122970628	0.033864166	1.055676534	1.098667558	0.607864165	0.443647187	1.81825083	0.197815917	-0.424702165	-0.015317524	-0.158471751	0.399829744	0.159627379	1.952767521	0.891458891	-0.562930684	-4.13416758	0.341678797	-1.414895785	-2.30245909	-0.045832865	1.066333257	-0.723637692	-0.169136499	1.180055899	-1.458461082	-0.076004145	1.610420987	-0.787161523	-1.512949674	-0.401432929	0.533724268	-0.914588984	1.308102598	-0.691334962	-0.81599308	0.731266629	-0.183394344	-0.519842142	-1.441876346	-0.63537348	1.297666472	-0.286437977	-3.407300366	-1.283335552	-1.770232601	0.520374491	1.028047605	0.816842611	-0.7945667	0.846486411	-0.389348467	0.662227203	0.388933464	-0.544755212	-0.691992224	-0.087021518	2.365320115	1.892227978	2.542182019	1.598069928	0.647491024	0.842661909	1.420012917	1.594050906	1.540945881	0.647552635	-3.412336467	-1.400991346	0.237248148	-0.310784463	0.004326567	1.308894011	0.900801175	0.165700453	-0.654133223	-0.545030688	-0.004922422	0.274960519	-1.76321381	-1.065557875	0.619757856	0.470211911	0.806496663	1.16243561	-0.338317087	0.175746254	1.208204098	0.529704561	-0.117866704	0.685739336	-0.383513988	1.338285746	-1.314411979	-0.658429648	0.550914046	0.040250643	0.447538563	-0.843743118	0.883146571	-0.726553353	0.902433964	1.059483189	-1.573380792	1.454429648	-0.766843674	-0.290629237	-2.155027973	-2.079860701	-0.193272438	0.433684966	-1.838547743	-0.761843341	-3.102159857	0.138945049	1.143923163	-1.133826657	-0.85192493	-1.291023763	-1.960767735	-1.249861714	0.824483817	0.516683726	-1.324436617	1.985164041	1.63550848	-0.936252121	-0.323615724	-3.23524451	-0.786451174	-0.876270142	-2.066546196	-0.674439022	0.436946586	-0.945227193	-1.093022117	-0.548389159	1.343157289	-1.501059194	-1.143541384	-1.795276447	0.316945363	-1.821964662	-0.808567751	1.120028372	0.422562134	-0.290107316	0.442042588	-2.250949639	0.239005472	1.178562382	0.904608612	0.742677103	0.896017456	-0.713858734	-0.973897044	-2.182844404	-1.815662737	0.329353558	-1.007596955	-0.499846151	-0.098264946	-1.630299727	-1.316409422	-0.18964533	0.410891673	-0.734687511	-0.334727123	0.393012193	0.889554799	0.680861036	-0.353996494	-0.424235613	0.568512726	0.527670641	-0.343057195	0.373759274	-1.381729336	-0.264132637	-0.108469246	0.67180721	0.123119644	0.819520318	0.109837692	0.403739082	-0.186139322	-1.619793339	2.869242759	1.118998032	0.89781622	1.089841289	1.194120219	0.914393482	0.454295446	1.060039968	0.054270785	-1.084574024	-1.185679676	-2.089622856	-0.500632894	-0.811389866	1.265569475	-1.639357841	-0.013446716	-0.117887635	1.050778668	0.533946741	1.248716116	-0.078824709	-1.544985651	1.214252002	0.966787598	0.545625239	0.085853534	0.212292866
PAC-holo-B [B]	-0.868735106	-1.438494611	2.82521926	-0.863380642	-1.244493729	1.701451427	2.347916592	1.108563363	0.590317276	2.972001326	-0.233715422	1.60286234	2.971716203	-4.397733925	-6.214778166	-0.311351202	0.243030768	3.918068043	-0.376126878	-3.365628027	0.532719338	2.082565859	1.128303189	1.907947849	3.002933709	-4.740779604	-3.691073255	-2.727106372	3.182277936	-0.260492962	-5.960208749	-5.174806226	-7.193333366	0.636410109	1.662557137	-3.267139712	0.354814509	-0.279208224	0.388431899	3.117912343	1.121861631	0.701940302	0.321779286	1.175042638	2.846856102	-1.605865387	-0.164190496	-0.050381067	1.098743454	-0.773843393	-0.522628847	0.122708477	0.662184648	1.244434397	-0.401286998	-3.708244871	1.19513227	2.22984165	0.091608094	0.437186924	1.358084652	-0.980129518	-5.378840066	-0.069425215	-3.445789383	3.01270762	4.258406501	-3.047612209	2.041738279	-1.284393335	-0.974325737	2.145578468	-0.726429578	-1.126756535	-3.144860077	2.254435307	0.930413439	2.747261337	2.48252457	-0.336930228	3.21898404	-1.070948519	3.152086464	1.312230393	0.863626437	-4.980565362	0.906046666	1.762825856	-0.132904439	0.999015365	-0.432308527	3.68882851	-0.001963248	-0.305894649	1.020016899	-0.244887327	0.628842925	-1.127393136	4.40237719	2.233352622	-1.461837478	-6.306202447	2.906871151	-1.279901731	-2.546257809	1.340865876	1.059670169	0.678613404	0.653447669	2.110523808	-1.067091419	0.466133159	1.132402152	-0.804417362	-4.150443241	-2.652253468	1.912293567	-1.340447168	1.655809839	-0.270696966	-1.194949856	0.260016536	0.025462036	-1.151400199	-1.151417788	-0.031262811	2.639807537	-9.199817922	-4.891662512	-3.613855655	-6.870301634	2.091263522	2.847746954	1.685198132	0.029827081	-0.884394266	0.452828288	1.70778583	-6.674743407	-6.332203492	-4.932655836	-4.582062242	-1.670951901	-0.149502529	0.879567753	1.629623608	2.528059981	2.632438322	1.201138767	2.481809778	-0.432466974	-1.488029361	-2.110051647	-1.38911547	-0.181302715	0.990431104	-1.649892398	-3.023043864	0.452039853	2.811040084	-1.089803613	-2.755894462	-0.729119067	-1.155802918	-0.022780999	1.862734357	-1.625379866	0.65564399	1.074955728	2.075244981	0.416329626	-0.890703803	2.402469518	-2.225381077	0.889452788	0.906474768	-1.71998072	2.016554238	-0.731469854	-1.3024328	0.643826533	-0.00394623	-0.245377186	-5.351190572	1.885332775	0.977249211	1.025610945	3.033332205	-2.581866371	2.526214174	-2.147611111	0.890817829	-2.224331908	-1.459635868	0.154454315	-0.022605828	-1.500253414	-2.971049784	-4.536105431	-2.450218547	2.436724726	-1.43828262	-1.619266564	0.235261163	-4.111506047	-3.102670396	2.736536058	1.314265698	-3.126290406	-0.707512072	0.542128327	-3.029337282	-2.988448198	-2.29231063	-0.663452824	-3.489668642	-1.506317927	-6.049424208	1.781395597	-3.177509506	-2.398222732	1.612783877	1.554552636	-1.653142421	1.353615615	-4.18399791	1.948009182	-0.461552342	-1.317033141	0.936711052	1.776889646	0.4954229	2.05261299	-2.700451693	-0.332223245	2.717483325	2.225327664	0.941248971	-0.541410117	-0.930620447	2.33593039	-2.348083108	-2.033794258	0.751687521	1.547729924	-3.395274031	1.762336941	-1.666631593	-1.806038468	-2.446755491	-2.469491219	0.505427141	-0.114378049	2.718657043	2.140504988	1.853193135	-1.436055061	0.605353736	0.192136388	1.187168906	-2.001510736	1.992701374	-1.179878641	-0.44860387	0.504126951	0.047980427	-1.383071144	2.972400397	1.355081498	1.904622319	2.325848972	-2.328908775	1.501997922	-0.263728466	0.772278912	3.443440288	1.863426562	2.680400355	1.902048103	0.812218696	0.718460871	0.06063146	-1.114950259	-2.078188882	1.190395929	0.080160532	3.139377701	-1.427162371	-0.189417151	-0.827584429	1.900529522	0.762662305	2.674986464	-0.456857184	-2.846267495	2.081156507	1.743552815	1.429752527	0.570104204	1.538683808
Phenazine_monosulfate-A [A]	-3.783106396	-1.424078781	0.289010884	-2.660625993	0.162216182	0.826822038	0.353437555	0.745856081	-0.518012382	-0.285099875	1.236347386	-0.459220725	-0.488566592	0.755743448	2.226968488	0.571146679	-0.722042467	0.743797252	-1.476551604	-1.563138484	-0.419045204	0.581108243	-0.218795994	0.21113437	-0.186680192	1.463789962	0.986558338	0.967771338	0.810034947	1.72884588	2.283025668	1.607944361	1.150389877	-0.00897637	0.637868099	2.679902077	1.677628102	0.449594454	-0.656662877	0.341554064	0.723091061	-1.150742046	0.000227237	1.131132502	1.402740591	-1.775369659	-2.865956383	-1.945358037	0.021869113	0.413434892	0.180085644	-1.893813186	-0.742727794	-0.142818606	-2.373509037	1.200514626	0.088794893	0.325162712	-0.008769001	0.39936316	0.253353371	-0.516340392	3.458079351	5.1571683	3.869292959	0.669746515	1.49540451	-0.565416824	0.037154128	1.049134122	0.390991016	0.448631283	0.115169432	0.236568274	1.035358381	-0.626669768	-0.220672908	0.187929372	0.055665759	0.707142441	0.13397112	2.977949085	-0.084281422	0.27495586	-0.132310357	1.214111838	-0.127238067	-0.420876068	-0.873438775	-0.889197901	-1.769670663	0.368533279	-0.137214377	-1.850937151	-1.294911791	-1.030663674	0.624955141	0.65761462	0.498358294	-0.395156491	-0.037171786	0.958589295	0.04043242	-0.679651519	-1.298780537	-1.611878635	0.645720585	-0.02034807	-1.953758718	-0.093150674	-1.975821779	0.456397766	0.36010666	0.098471738	-1.190915252	-1.522503057	-0.832537361	-2.269067391	-0.621879631	-1.05784634	-1.594928462	1.471573201	1.069253909	0.143427296	0.599131695	0.239226633	-0.165336861	1.126029149	1.453801774	0.253243462	0.265849906	-0.266717422	-0.361804203	-0.217986367	-0.264951933	-0.265257114	-0.821193255	-0.207728462	0.885547287	0.99992362	0.311613551	1.79333082	1.980939498	1.164512558	0.739334813	0.053904065	0.445708957	0.181236133	0.430254627	0.385759102	0.166750617	0.173335762	-0.465946463	-0.014157482	-0.230778338	-0.360950274	-0.552182332	3.1095674	0.424903007	0.163749095	-0.277252429	0.330267916	0.513015434	-0.207317973	-0.791789984	-0.011861088	0.502102023	0.319805466	0.366557934	-0.209467681	-0.66911146	0.387862307	0.092292734	-0.376430361	-0.216816	-0.262229942	-1.195665539	-0.455785459	-0.631187242	-0.419028371	-1.756578575	-5.413774059	1.202740519	0.406872753	-0.294468262	-0.223759765	0.555143476	-0.636049724	0.097761692	0.197717758	-0.544787927	-0.039639044	-0.351982302	-1.249218139	0.443992493	0.024272179	-0.19972177	-1.485565749	-0.306003638	1.394673698	0.195521941	-0.842470267	-0.973743665	-0.972472016	-0.663692961	-1.726939888	-0.133953997	0.601578705	0.162944114	1.025251948	0.619585594	0.752817328	-1.715957094	-0.805447493	-1.024732123	-1.094220815	-0.655582591	-1.494568738	0.638716867	-0.524271449	-0.40456622	0.342039333	-0.096410445	-1.565174915	-0.480790798	-2.322234282	-0.197946241	-0.402036082	-0.197713018	-0.001829296	-0.88543626	-0.557722647	-0.579143542	2.352946722	0.505372541	-0.55006717	0.171133331	-0.136016353	-1.095638972	0.386027501	0.279097853	0.899129986	-0.287762133	0.257941773	-3.002578105	-0.715274312	0.80012569	-0.2811966	0.198437265	0.868313363	0.963866334	-1.106561619	0.044822737	0.421762708	-0.051645815	0.263364454	-0.073865636	0.000269718	-0.162912539	0.080410496	0.451028013	-0.019004697	-0.90268625	-0.951060904	0.493451184	0.497405879	1.765961035	0.208825796	-0.3453998	0.360361519	-0.457382287	0.019889917	1.11413512	0.652410464	-1.63391887	-0.465249122	0.373499138	0.537663361	-0.881985373	0.198189974	-0.454948826	-0.853661815	-0.838605769	-1.2425477	-0.766088281	-1.463903843	-0.245761083	-1.531363173	-1.341671011	-1.359056963	0.362505068	-0.013112993	-0.016545023	-0.939034172	-1.639220195	-0.0738415	-0.097557327	0.892756484	-1.268259726	-0.187553104
Phenazine_monosulfate-B [B]	-2.176804701	2.085210528	-0.583351216	1.954647746	1.55311792	-1.309586413	-0.720685544	-1.446768944	0.003516388	-0.258802094	1.194084006	-2.221762487	0.160564774	1.378034345	0.035462375	0.817255792	-0.681606843	0.340183589	1.808525866	1.637381466	1.460415547	0.157402508	0.693732824	0.657411893	0.521565933	1.493795153	0.408886353	-1.249569172	0.272149266	0.234057528	-0.015417932	1.122270868	3.002725503	-2.089700743	-1.549610137	0.209493969	-0.011190386	-0.410890382	0.986587866	0.445822227	1.50060614	2.50915793	-1.38619915	0.544047773	-0.051489523	1.847857825	-1.935469337	0.134926455	0.563463763	-2.256500992	-0.78709177	2.243404785	1.996987154	1.27051574	-2.43450512	0.161923841	0.93881581	-0.657634861	1.067967488	1.480383795	0.693650864	-0.703839093	-2.128538105	4.884184623	5.255629049	0.696030083	-0.30702123	0.366504528	-2.301238597	0.388746114	1.046151955	0.160457185	0.649908039	1.648937244	-2.779454354	2.26033085	0.073358384	0.260408639	-0.506725069	-0.237130242	-0.985491707	3.150139808	1.078477183	0.167376235	-0.177996351	-3.14158869	-2.810392275	1.519343836	2.324325798	-0.669253164	-0.114878412	-0.928868234	3.219760217	1.72855895	0.9835795	2.874455947	0.297633989	-0.784108442	-1.191632514	-0.135157772	-0.796069458	1.402786368	0.408848329	-0.40695013	-0.597669634	0.099291493	0.387790667	0.503963066	0.903635269	-0.378186823	0.070409831	0.755120942	0.687355375	0.008513363	-1.258411485	-0.922649002	-1.874064962	1.520282451	0.898130335	1.007375613	1.553125983	-0.205047226	0.497938796	0.614683774	-1.028150713	-0.535529061	-0.237420866	2.164829429	1.195407332	-0.644476245	0.658104063	0.343860491	0.026042751	0.773734573	0.484818893	2.336369377	-1.138246923	0.103199814	0.77480337	-0.121722333	1.081389727	1.104792377	1.587295149	-0.296989084	0.320814052	0.649958659	0.357795739	-0.893807676	1.398153496	0.450769912	1.264645378	-1.59071055	3.914674511	3.980967587	1.692644105	1.280603463	0.861569757	0.872213551	0.126467194	-1.751366408	0.262303135	2.269664165	0.916062317	0.280709713	0.748499117	0.867461179	1.401777656	-0.041472155	-0.69265487	0.966196088	0.455090726	3.390754373	-0.733388569	2.634278022	1.341714802	-0.173994582	0.940287583	-1.13758002	1.643507703	1.682158076	-2.515510226	-5.568800075	0.672603914	1.780754959	-0.911999033	-1.111716142	-0.307888821	-0.755327797	0.72400441	-0.630117496	0.545591031	-1.06115601	-0.831788716	-2.069296093	-0.293301414	-0.122366386	-0.258804392	-0.737053342	-0.24044387	-0.324642301	-2.216209981	-1.201647745	0.60396087	0.288149298	0.591615777	-1.307354758	0.81573412	-0.341262726	-1.39956379	-0.392904563	-1.726809481	0.110441608	-1.521601163	-0.865035594	-1.778390359	-0.284893442	-1.422734089	1.039183563	0.039843299	-0.565450727	0.495676185	-0.967542385	-0.136770137	-1.792506032	-0.80567814	-1.016979934	-0.939986928	-0.86740827	-0.560508341	0.099125018	0.655881399	-0.805156106	0.187490863	1.977383447	1.303804468	0.820457354	-0.229125818	0.645954371	-0.890881181	-0.250389083	1.357886129	-0.725203916	-0.051241068	0.711604937	-3.703122178	-2.23858479	0.904490831	-0.4295626	0.093506943	0.012322005	1.897209219	-1.037911582	-0.721447257	-0.011955286	-0.693579065	0.415933232	0.667157559	-0.956949906	0.631800836	-0.258534265	0.582516966	-0.108002119	-1.047421354	0.620885093	0.561168045	1.527043795	1.668841506	0.079946592	-0.752594161	0.149396569	-1.154760016	0.761330944	0.113520784	-0.307528798	-1.005741022	0.31501727	-0.254772119	-0.516619999	-0.471142559	0.130413302	-0.398135855	0.058158667	-0.644494908	-0.691840246	-1.450675859	-1.771040222	-0.290463951	1.655438912	-1.169048598	1.233019439	0.348339465	-0.792704803	-0.092660473	0.102704078	4.136610428	-0.691540527	-0.229658926	1.302745742	-1.37953004	-0.823076225
Phenazine_monosulfate-C [C]	0.076982044	1.754225823	-1.550333416	3.576918472	2.490385911	-2.417469035	-0.299539822	-3.217405428	0.344678372	-1.760442834	0.380694247	0.280680362	-1.422758964	-0.420739684	-0.926323022	-0.185076988	0.766169484	-0.588043986	-0.026402546	4.341378319	4.773309498	-1.762571505	-0.569297064	1.27422772	-0.09957772	1.666226691	-1.279267473	0.806731409	-0.902906087	1.85689861	-1.420797718	1.267963757	2.024024995	-0.895013561	-3.74812127	-3.669597585	0.387396686	0.838189235	-0.832740171	-2.032539766	-1.910960666	1.636441948	-2.435819628	-0.961104559	1.206300788	1.23536826	0.151230742	-0.410650496	1.656965345	-3.728775632	-0.70416433	5.080019765	2.008409789	0.626260131	-1.551035029	2.018204885	-0.326571866	-2.6293517	-0.345776339	2.686040772	1.345903698	1.960184099	3.809269292		6.560150461	-2.764366833	-2.636941642	0.82160158	-2.127048123	0.260644479	0.863648181	0.772445164	3.537775769	0.272397453	-2.808405727	0.536157549	0.237553991	-0.511187257	-1.195752248	0.850476447	-1.475352282	1.367988337	-0.259000863	-0.240271465	-0.990442578	-0.379492328	-2.071097885	-0.321611538	4.615133476	0.943181795	4.914290823	-1.344366388	3.086158108	2.367565722	1.930725205	3.221497647	-1.272048552	0.700182238	-1.436593872	-0.096054814	0.05377396	2.166198342	-1.078832836	0.771087675	0.308163454	0.49881635	1.190213251	0.513097797	0.114862067	-1.343763344	-0.138795442	1.105600475	2.451409446	0.138674133	-0.700325345	-0.898326691	-0.401492925	1.679123027	2.704134492	1.507469342	0.534516648	-1.311737801	0.347446069	-1.018999677	-0.8520246	-0.358477727	-0.004888877	0.600830028	2.468796778	-0.903413009	1.17569006	-0.561724746	-0.46310958	1.741809082	-0.291690702	1.906743674	0.125957546	-1.49315173	-1.354332898	0.9368663	1.223212756	2.632101372	-1.089487852	-0.971453359	0.052638175	0.635514413	0.072425239	-0.732682887	2.26510574	-0.749316926	0.618909807	-1.386372324	3.15544519	3.192042624	4.12348639	-0.342331195	1.458544994		-0.013216566	-2.67198834	-0.208045406	0.480362804	0.33072824	0.757464427	0.434208134	0.167594491	0.004380276	2.844242933	-1.499169286	0.925209792	1.945806208	4.13180015	-0.931699735	2.484420017	0.787783025	1.853949876	1.618099879	2.006528396	0.241436404	4.466763989	3.498999374	-0.41757599	-0.362868985	-0.790728101	-3.338776867	-2.090787983	-0.618760365	-2.536992441	0.674077391	-0.889574369	1.609920195	-0.743228725	-0.596450896	-0.494101613	1.250570433	-0.393631788	2.107315664	3.115446541	3.694367403	1.190660579	-1.21201354	-1.529524186	-1.067507634	0.189896859	1.385129436	-1.079018036	1.024273757	-1.443984442	-0.442819307	1.554580465	-2.040734052	0.975836068	2.48459467	-1.2579812	-0.542360332	1.115258206	-1.534291791	2.654586222	1.506574126	5.266099665	3.430035105	-1.433047279	-1.282339998	0.228135679	-1.271988189	0.077952875	-1.265430436	-0.69953714	-0.013948943	-1.057869931	-0.877578618	0.59937997	2.07870177	1.772771517	3.639937122	-1.126641395	-0.274816064	1.592302926	-0.172321632	2.139048451	-0.744388521	0.189122254	0.628476875	-1.106844684	-2.404989042	2.0026384	2.33243369	-0.754948479	2.027283045	0.178931292	1.730134951	-0.169401117	-0.500749329	-0.279868444	-1.176755278	-0.855112026	1.260233036	-2.14674374	0.280270122	-1.292129147	0.829014588	0.413660374	-1.32326013	0.38457811	0.051501869	0.521596472	0.456451921	-0.084258994	-1.401953138	-0.757947028	-1.373889559	1.465272809	-0.751197806	-1.031804705	0.135690402	-0.402377455	-0.348558108	0.465276417	-0.844134873	-0.031964543	0.374824383	-0.103181001	-0.008882681	-0.76143201	-0.542430151	0.168961525	-2.831265021	1.690823678	-1.041568368	2.45626874	2.242663944	-0.949316221	0.77673391	2.464245293	3.77462703	-0.001298788	-1.158006711	0.864377391	-2.690239243	0.109336968
Propidium_iodide-A [A]	-0.60661807	0.363608442	0.571444009	-0.993169358	1.1776024	0.579746575	0.618930156	-0.129296134	-0.261390089	0.305522241	0.548249131	0.21657752	0.048910193	0.423799315	0.834665168	0.306454197	0.399085076	0.372191009	0.111116127	-0.730404607	-0.231736057	0.379754918	0.61176501	0.43521777	0.660790285	1.624626538	-0.197044483	-0.315446516	1.178558837	0.092487262	1.327842983	1.726932651	-0.43982879	0.898798969	1.984064985	3.241124843	0.166750786	-0.005281852	-0.81794904	-0.634949556	0.31900953	0.163831375	-1.22370363	-0.726289146	0.570214051	-1.357192611	-0.557712552	-1.287023357	-0.443065996	-0.809993269	0.01995192	-1.692079072	0.663626674	-0.348254335	-0.04875925	-0.561917013	0.354058805	-0.0342785	-0.322476334	0.15442357	0.529789908	0.094655616	2.337901537	4.482093652	4.039218609	0.97057791	1.039847055	0.078647147	-0.474274388	-0.058522475	0.306376459	0.566700397	-0.587933193	2.27289054	-0.257655845	-0.661111267	0.895560088	-0.7319775	0.59662269	-1.065484965	0.084106108	-2.576559988	0.54387589	0.788894091	0.276579038	0.068334856	0.063896417	-0.356600972	-0.688616402	-0.765255557	-0.112080165	0.146499407	-1.265612197	-0.988340398	-0.85430776	0.539275689	-0.048456129	-0.546303909	0.492787702	0.242903743	-0.624039695	1.752403192	0.954114526	-0.622095839	-0.727443374	-0.855190998	0.344924413	0.027768715	-0.294577808	0.55200437	0.14313094	0.248613292	0.192089406	0.614428952	0.081925252	-0.396834917	-0.288939753	-1.799112645	-0.14195702	-0.62429603	-0.33134674	0.016436899	-0.346726575	-0.636216754	-0.805187267	0.373235282	0.020880602	0.688773341	-0.365953818	-1.640740875	0.509555011	0.420268147	0.379157343	1.062939669	0.779354164	0.830003496	0.897834653	0.833263589	2.461938176	-0.585754968	1.004410844	1.792839022	2.620366	1.414450259	1.772863571	0.199298708	1.051857121	0.19893134	-0.13243739	0.881560394	1.393936357	-1.324132801	-1.310691058	-0.233764041	0.126686304	0.272251399	-0.645905536	2.41545264	0.708118122	0.304515777	0.304560812	1.559889672	0.355573932	0.545771741	-0.12272485	0.679790348	0.320637205	0.553251882	0.783648661	1.42235617	0.328072155	-0.27496025	0.19661484	-1.205455085	-0.113211205	-0.498833101	-1.161874827	0.581354737	-1.022510812	-0.561329509	0.537664829	-0.429585448	0.209263779	0.42707732	-0.613699738	-0.97069254	-0.673343763	-0.245736057	-0.655621495	0.902540223	0.066719408	-0.789218969	0.406503667	-0.351201812	-0.687573061	1.334928943	-0.842128191	0.995232924	0.23826325	-0.652126048	1.398563472	-0.946552063	-0.043721758	-0.366241988	0.766198177	-1.073010254	0.38100188	0.436657635	-0.707887029	1.302515944	1.009486438	0.255425382	-0.703654728	-0.665379171	0.411027987	0.711352809	-0.357346267	-0.012600968	0.444497192	0.846765614	0.995037811	0.197531026	0.833817506	0.091621913	0.271614342	2.463076583	-0.186690405	-0.795660353	2.041700841	0.881560295	-0.127845687	1.047072153	-0.381487079	-1.167657621	0.297651717	-0.216104539	-0.351458091	0.216459193	-0.635825958	0.255810504	-0.528462602	-1.308377418	-1.777314816	0.659897998	1.461947493	-0.199171522	-0.551643709	-0.236939902	-0.97685838	0.960856228	0.586192596	-0.196833624	0.177631434	0.543029789	0.572807663	0.368783522	-0.085157802	-0.729246999	1.357821534	0.132588515	0.02487754	-0.162499252	-0.91552722	0.132428229	0.033821379	1.427555351	1.698786384	-0.644662475	0.59835284	0.57352457	0.887415165	0.110926306	0.912184011	0.573024328	0.254216795	0.133024426	-0.235033034	0.399700895	-0.326475059	-0.204485407	0.281457733	-1.483167849	-1.491820051	-1.218351127	-1.61542925	-1.807439324	-0.226963147	-0.065806667	0.316991992	-0.953365872	0.426938781	0.354037932	-0.230754497	-0.190964533	-1.481468825	-0.255642224	0.580872665	-0.129395545	-0.554850554	-0.734519239
Propidium_iodide-B [B]	0.643004644	-0.098637811	0.365888526	-1.762672927	-0.034384627	0.710528711	1.279916638	-0.584652021	-0.142629934	0.600166501	-1.156786773	0.042962505	0.025953111	-0.822131361	-0.198884207	0.530450396	0.005719152	0.633501381	-1.184533639	-1.027317461	0.107721838	0.02183911	0.05508268	0.351318825	0.49546784	0.195665498	0.641078284	-0.224449128	0.891450518	0.589410759	-0.732405857	0.229831006	1.127202107	0.685132707	1.02763276	2.946173672	-1.005819893	-0.267083915	0.412070411	0.283082279	-0.567815864	0.94294767	-0.402886051	1.365306626	-0.316381046	0.184681155	0.445925987	-0.687034192	-0.52918758	0.106703325	0.391359253	-1.498124773	1.007192501	0.100571811	0.593902845	-0.542727313	-0.243577021	0.380277333	-0.834877702	0.29299607	1.576242132	0.342749565	0.312974264	3.572211738	3.744521502	0.41011275	0.472332086	-0.712160178	0.697057413	1.327328919	-0.131038313	1.092886122	-0.913373432	0.596791084	-1.541044306	-0.116309453	-0.06405515	0.703959048	0.561534328	0.177255435	0.338249542	-2.41848974	0.097913594	0.156507747	-0.314127669	0.741611239	-0.291265598	-0.317928191	-0.921288	-0.400939893	0.321504388	1.104880324	-0.308911471	-0.407271167	0.410796947	1.044818955	1.206329465	0.678050044	1.272238785	1.349020827	-1.427333664	0.162464193	-0.11909037	-0.343728366	0.482217609	-0.931210229	-0.771150361	0.721874176	-0.724849879	-0.012331765	-0.637974955	-0.685066134	1.166936554	-0.371835018	1.027472563	0.446797164	-0.4707066	-2.030820721	-0.052528988	0.108828885	-0.379657361	0.951938044	0.931358792	-0.338616103	0.261889945	0.503946592	-0.2371011	-1.803843589	-1.613528232	-1.871412236	0.628849486	0.047268627	0.128208093	1.788280053	0.279799935	0.142783446	1.461706912	-0.192023344	0.916993185	-1.329596425	1.000131399	1.514160167	1.695605619	0.434422338	-0.170061976	0.56963626	0.1486879	0.888567897	0.467669485	0.894432929	-0.620205569	0.08816464	-1.246316136	-1.132264948	-0.641827665	0.569436225	0.912417806	3.496166505	1.465842362	0.192759755	0.136982885	0.828848699	-0.023925915	0.389535193	0.175722357	0.591666428	-1.110520059	0.186461946	-0.057631315	-0.904369916	0.859517658	-0.906614973	0.299729901	-0.661711696	1.099395694	-0.729401786	0.150957355	-0.180430248	0.629014838	0.032762764	-0.049866503	-0.272680784	-0.811224533	0.770250908	0.436441072	-0.055406788	0.397464607	-0.335926372	0.483508722	0.160705848	0.661532272	0.041160541	0.100286151	0.709984898	-1.70363575	-0.378919883	-1.035089487	0.815878828	-0.407124032	-0.389182342	-0.134241479	-1.171479275	-1.087989808	0.494242728	0.729758966	-1.998518138	0.45227255	0.909791345	-0.093770882	2.371082093	2.683995257	0.227288328	0.415242974	-0.688223798	-0.713978356	-1.041346179	-0.075474687	-0.767430221	0.450816895	-0.54804412	-0.22430168	0.212621825	0.752899648	0.026956361	0.168861281	2.626912802	-1.157530629	0.781370257	1.356444375	0.074726604	-0.00310603	2.178578934	0.318433931	-1.666563451	-0.63180458	-0.071731161	0.272229215	1.069776112	-1.518339791	-0.646913221	0.020098738	-0.958651737	-0.372408034	-0.166983404	2.706169921	1.176623795	-0.253888592	0.018875337	-0.140784439	-0.820372483	-0.625357964	-0.264521711	-0.326582784	1.230920495	0.434658741	0.705620828	-0.690854042	0.203273121	1.499885438	0.246569967	-0.180325125	-0.784937096	-0.770907805	-0.489316271	1.233588655	0.135409977	0.948470756	0.203482758	0.989349817	0.379533349	-0.157939886	-1.122855773	1.32812814	-0.049802485	0.019882956	-0.648362104	-0.138933046	1.701707866	-0.842598115	0.954169224	-0.122376709	-1.112422139	-1.061035686	-1.150788661	0.168080913	-1.118570722	-0.047713394	-0.049470797	0.204590638	-0.498157317	-0.026843347	0.16530477	0.717765376	-0.418766772	-0.82114676	-0.312925627	0.283483355	-0.451439822	-1.289543697	-0.175216411
Propidium_iodide-C [C]	0.563065928	0.036965063	0.512090447	-1.819643315	0.996431313	0.571326997	0.841761445	0.911110941	0.620968999	0.463165451	-0.117103703	0.056563321	0.704094532	-0.367431349	-0.777622045	0.531028062	-0.149015102	0.926683129	0.304163753	-1.705320967	0.18910391	0.660804393	0.096356622	0.531388871	0.344537384	0.614951789	-0.974252293	-0.448190596	0.448757892	-1.191468986	-0.354666061	-0.439487091	0.567987689	0.123308359	0.563307118	0.573890203	-1.493529132	-0.574406926	-0.307295941	0.260460947	0.238698146	0.566991832	-0.456248844	0.501092347	0.052351869	0.538476858	0.384092349	-0.384001423	-0.989787905	-0.434464771	0.045241502	-1.167612355	0.294182385	0.455863112	-0.018837484	-0.862978761	0.828640897	0.305676617	0.249248715	-0.847361019	0.990705682	0.914731156	0.180792994	2.1157345	2.465517873	-0.219179197	-0.592230926	-0.226619632	0.043410847	-0.079439724	0.203804914	0.247259665	0.128744384	0.666547533	-0.505049716	-0.17352225	0.656594059	0.740447732	0.89538697	0.567921583	0.739711337	-1.596136168	0.157915255	-0.062477	-0.443507684	0.119282302	0.220045072	0.16850148	-1.138561319	0.516680897	0.083133667	0.541479573	-0.167286533	-0.018837392	-0.043110582	0.464255479	0.183514626	0.034984361	0.484580831	0.17882111	-0.272613217	0.442938185	0.619948108	-0.319745198	-0.53664594	-0.445547734	-0.240153169	-0.219260739	-0.173405795	-0.095243374	-0.466841427	0.580606314	0.529376379	0.147774239	0.027266692	-0.097367011	0.435133582	-0.340906074	-0.11084652	-0.074718869	-0.643456748	0.488224278	0.726712074	-0.38490834	-0.165269465	0.202301118	0.188649273	-1.104275819	-1.156623224	-1.157340799	-0.815301625	0.54235836	0.36518907	0.845448174	0.633900916	0.360088057	0.334756843	-0.069461943	0.520674457	-2.322878931	0.193437382	0.781823324	0.487031505	-0.493947114	-0.019720768	0.291336208	-0.093795315	0.227281839	-0.141877528	0.120054157	0.3332484	-0.76737713	-0.85944932	-0.613053834	1.169971588	0.941283209	-0.468680104	1.462224002	-0.167097928	0.312177843	-0.056473138	0.091327891	0.232346606	-0.379265939	1.036455205	0.020915	0.337942807	-1.722827238	0.149106747	0.877675892	0.618232496	-0.648983271	0.481128214	0.523306605	0.323181479	-0.20277051	-0.421772877	0.690775956	-0.023778727	0.416552732	0.34929974	-0.28773118	0.005917706	-0.187054817	0.762311406	-0.589175895	0.007303608	-0.247971181	-0.226331835	0.384687107	-1.081276426	0.776701922	-0.984265918	0.085946092	-0.199314233	0.399954233	-0.729958189	-0.048817246	-1.042395045	-0.633221517	0.534095658	-0.385261044	-0.55767008	1.008240424	0.492788445	-1.032713239	-0.000552378	0.755997456	-1.446816603	1.085890657	1.349027965	-1.111130472	-0.907155134	-1.258342506	-0.260996629	-0.516796747	-0.932062346	-0.717059358	-0.445270991	-2.213581852	-0.877527823	1.247533088	0.285545228	-0.922491083	-0.211081548	1.49417968	0.736769012	-0.860986745	2.316426808	0.794137474	0.649505232	0.397613394	0.320802795	-1.401133053	0.342581999	1.34615413	0.818418406	0.467806968	-0.790748444	-0.812704331	-0.547303251	-1.073429245	-1.179840882	0.979015774	2.420026087	-0.402003744	0.529530564	-0.537291262	-0.275013282	0.021205631	0.762303971	-0.546216285	-0.224516036	0.661182446	0.346311824	-0.151712418	0.128250436	0.580836298	0.690967983	-0.093716362	-0.340370904	-0.14586483	-0.217319825	0.574364409	-0.569828217	0.221779116	0.103984318	0.503588976	0.422162106	0.274440282	-0.124469132	-0.431151519	-0.039239724	1.02793334	0.118473961	0.329762782	0.766546286	1.186602466	0.169137103	0.484910877	-0.014333631	-0.622104767	-1.154467138	-1.400186006	-0.307090774	-0.402535054	0.568258591	-0.152051343	0.518208186	1.095140031	-0.178650311	-0.477506629	0.264421598	-0.630562698	-1.155953595	0.051640374	0.595120729	0.44964838	-0.096829073	0.587813306
Puromycin-A [A]	-0.81177823	-0.864886727	0.302343274	-2.325859676	-0.088082628	0.523012869	0.686164913	0.86142598	0.070508555	0.376483914	-0.470971978	-0.422712867	0.729739363	-0.090480766	-0.537302935	-0.080507522	-0.346825617	0.664695392	-1.614909964	-2.219907876	0.097900654	0.285799926	0.368031161	0.297054893	0.053050238	0.504666199	-1.082202939	-0.93061075	1.142178878	-0.184513476	1.579554558	0.819545005	-1.108704235	0.05527328	0.933030617	1.567543425	-2.322398019	-0.85397085	-1.033297165	0.200085236	-0.755622673	1.344635332	-1.53625426	0.003325852	-0.4685668	-2.149174723	-0.958066278	-0.712242425	0.058271402	0.714547365	-0.461295875	-1.43420978	0.031017349	0.517803518	-0.862563637	-1.580819171	-0.270359384	0.126705838	-0.489925536	0.448791734	0.370965903	0.504547406	0.72859721	2.668789394	2.949767479	0.224568719	1.45157263	0.016880909	-0.212868954	0.830245266	0.335497951	0.677860063	-0.47448876	0.967118148	-1.412927504	0.408560575	-0.856364559	0.483069531	0.537931058	-0.509191018	0.335550816	0.047592576	1.07912512	0.76595586	-0.144377819	0.23654987	-0.553882069	-0.338557953	0.227815518	0.661712787	0.756323116	0.181947923	0.541523487	0.583608373	0.671606614	0.28607713	0.204608657	-0.125359805	1.001755421	0.610156654	-1.377585214	0.48134717	1.162428684	-1.450165516	-1.909579383	-0.953277929	0.242062373	-0.531920798	-0.524289195	0.657367967	-0.229862007	-0.01588771	0.3017036	-0.145210292	0.526323767	0.085664673	-0.293766158	-2.021674669	-0.137496327	-0.277982711	-0.377645223	-0.087771536	0.173783961	-0.108922835	-1.079008462	-0.195503947	-0.174485284	1.804921261	-3.444468221	-2.675373489	-0.019703208	0.688462934	0.318664166	0.532032727	-0.005213734	0.723162379	0.557007536	0.645895752	1.066619072	1.771723988	1.942378346	1.40361543	1.21138542	0.504343467	1.781125151	0.090467287	0.396442456	0.282871224	-0.198723633	0.611204309	0.187243031	-0.188287537	-0.465942703	-0.404302223	-0.963146859	-0.449853104	-1.139914883	1.186699926	0.058475948	0.596146377	0.137675275	0.465069897	0.243141495	-0.173897065	0.630228315	0.599824231	-1.268346269	1.820514354	0.648856088	0.635815703	1.464582267	-0.032091575	-0.102352638	0.313183795	0.100469045	-0.813899418	-1.394391468	0.586852875	-1.601129155	-0.067845704	0.08492192	0.230721826	-0.341204559	0.029063151	-0.570165083	-0.958116726	-0.752633493	-0.424429485	-0.303202982	0.63935399	0.388532815	0.00807517	-0.103782384	0.197884449	-0.747610405	-0.045318819	-0.934647149	0.702952246	-1.171344482	-0.691691028	0.975227959	-0.376440206	-0.548079954	1.289564438	-1.638862706	0.073096805	0.525918253	0.853782984	1.027157524	1.501888661	2.293567732	-0.142587682	0.643828726	0.624962816	0.874393661	0.128772295	0.635239504	0.216010977	0.712234686	0.776483128	1.17214548	0.944069229	0.806783119	-0.084968231	-0.640552463	-0.64737484	0.220072608	-0.306903048	-0.760957118	0.202870529	-0.516926243	0.402754478	-0.058875202	0.541351106	0.607107721	-0.147644427	-0.234721578	0.253022999	-0.391474172	0.392157763	0.538787288	-0.48015742	-0.341912608	0.775976737	-0.25572467	-0.365016048	-0.216625083	0.307274337	-1.386492818	-3.658902608	-1.157813115	0.471948141	-0.319357005	0.247542663	0.376463197	0.297065339	0.454631065	-0.184171943	0.878766793	0.451772278	0.113564904	0.076116948	-1.051376374	-1.609922709	-0.670954641	0.561357348	1.413333167	0.631782497	0.418047362	0.10977631	0.397278594	-0.183679015	0.011950674	0.193581851	-0.148450348	0.192097395	0.345004145	1.093687139	0.112805193	0.150358494	0.304868202	-0.62362562	-0.930713697	-1.728637019	-0.882621526	-1.250873149	0.20837656	-0.136555777	-1.257788255	-0.706187431	0.260465313	-0.345272504	0.657583156	0.607439314	-2.435642763	-0.34901527	0.193111244	-0.431968749	-0.748942784	-0.017853243
Puromycin-B [B]	0.437060536	0.933928111	0.07915713	-0.060539965	-1.008572607	0.547163881	0.326275594	-0.132325221	-0.45692739	-0.208659424	-1.648293236	-0.303543088	0.303538803	-1.341408499	-0.40681958	-0.591403301	0.334998179	-0.64060827	0.40855602	-1.088748228	-0.185788212	0.572845333	-0.133735721	0.584290053	0.681431953	-1.061949243	-0.816595071	-0.893064585	0.593683229	-0.041952294	0.601749373	-0.001037682	0.377560412	0.541413932	0.283029999	-0.279769844	-3.478780709	-1.284598379	0.123013233	-0.049954736	-1.166361755	1.386880601	-1.331004489	0.319937907	-0.726537167	0.859792707	0.674703263	-0.418308044	-0.679872039	0.609875417	0.123144283	-0.359778753	0.88049038	0.311543598	-0.791585726	-1.045885295	0.011019957	-0.473911413	-0.061940317	0.912877367	0.204272923	-0.604005509	-2.476514623	-0.5191939	1.247316484	-0.139922696	-0.114656908	0.499850439	-0.910411347	1.144451721	0.558606666	1.710314197	-0.471118743	-0.398481243	-2.210596423	0.607920483	-1.44721976	1.676282145	-0.072083248	-1.121366783	0.162952496	1.062830225	-0.452848886	-0.187669552	-1.220152505	0.80684132	0.828403542	0.26562087	0.116390575	0.919299745	1.183848624	-0.334956895	1.87121203	1.554769747	1.454566545	0.520448556	0.626116646	-0.043037637	1.340532107	2.455715251	-2.063410489	0.890015514	-0.677005273	-0.715295885	-0.356015135	-0.447422713	-0.391286805	0.28981084	-0.721675932	-0.526504948	-0.846180707	-0.744253036	0.567818668	-1.96471308	1.367876553	-0.294445233	-0.383329404	-1.05280592	1.194069072	-0.263472343	0.089476066	0.127920759	-0.402380282	1.0470334	-0.545058108	0.262150031	-0.790984149	-0.576948591	-5.185333653	-1.286568701	-0.617807788	-0.140408355	0.142923342	1.101828158	0.071524959	0.93736843	1.311917993	0.263552679	-0.822246113	-0.563273178	-0.534589026	0.548173096	0.357214055	-0.001080175	-0.307036693	0.774606003	0.585060935	0.016123014	-0.271777211	0.273304815	0.101957958	-0.625519337	0.200699804	-0.956740604	0.042860005	-0.167520172	-1.524742842	-0.060049762	0.388113657	0.019269551	0.033003224	0.891876572	-1.12718684	-0.363546497	0.906553819	2.002953757	-0.455255332	1.132748568	-0.409379789	-0.135779433	1.393447237	0.650496123	0.185388312	0.085574854	1.094715755	-1.152885734	-0.560172279	0.009950498	-1.280963627	1.05671596	-0.197766062	0.014765477	-1.427825782	0.120375527	-0.399119292	-0.257699328	-0.931783604	-1.047685268	0.917387613	-0.307956784	0.631604811	0.729813739	0.798666597	-0.293015657	-1.62809297	-0.570063671	-0.892800092	0.681810644	-0.271996503	-0.550343895	-0.23895351	0.787961635	0.503248723	0.225183434	-0.211896941	-0.811730613	-0.310825149	1.536527173	-0.399076613	0.643437746	1.093054574	1.174025739	-0.330243928	0.895247946	0.867492699	0.759587915	1.384034872	-0.387511318	0.439385921	1.062457891	1.695869311	1.956531394	0.900716035	1.012964746	-0.458680043	-0.184713594	0.786409933	0.829781336	0.724910199	-0.448759756	0.806533329	0.954699106	0.561840688	0.259161436	0.367972597	-0.372899909	0.638722295	0.837652807	-0.99258824	1.286686055	1.196015266	0.21504166	1.537487856	-0.682669603	1.129513364	0.78299926	-0.145188014	0.163169876	0.257654684	-4.085517236	-1.299965374	0.961654504	-0.500562342	0.534719793	0.661409477	-0.044873462	1.062764437	1.078308235	1.197980329	0.619700218	0.803292229	-0.59709385	-0.37620899	-1.295762757	-0.179056794	0.004914416	-0.62449214	0.919690031	0.761448632	0.21748582	0.279336555	1.122918222	-0.353430597	1.156998581	-0.655695028	0.246732308	1.158200589	1.524672414	0.204058971	0.264408424	-0.205161411	-0.210199025	-0.4468314	-0.892653472	0.157473352	-0.328529416	-0.584787726	0.350400446	0.145476132	1.549352091	-0.318534218	-0.712944448	1.155797886	1.210604741	-1.01893267	0.470598415	1.255205879	-1.392758726	-1.020765761	0.299527729
Puromycin-C [C]	-0.533604961	1.807390525	2.102754227	0.562510297	0.091652079	-0.831573294	0.917434981	0.715033782	-1.031180889	0.139531992	-0.197957783	-0.526118203	-0.059406631	-1.149131002	-0.444471386	-0.815580191	0.726067847	-1.836088904	1.641002956	-0.10316029	-0.227497403	1.306771988	0.600025977	0.512457962	0.404571453	-1.44371646	-1.132146443	-1.110082275	0.633140206	-0.852713452	1.391400785	0.415406521	-0.762296453	-0.583228742	-0.880941103	-3.039150708	-1.972768464	-0.822719313	0.052863217	0.22656445	-1.562126744	1.890962886	-0.590154923	-1.30579901	0.446039471	1.468002853	1.860867751	-1.287378671	-0.591374522	-1.654080946	0.11727954	0.915489905	0.561868551	-0.060112218	0.759785349	-1.352118032	0.383309564	-0.476554128	1.122026736	1.699912844	0.815552784	0.099771621	-2.548206369	-1.570870424	-1.665887069	-0.93925814	-1.248830831	0.811199778	-0.861450313	-0.700056407	0.09570312	-0.72558891	0.359356063	0.280006324	-0.488126742	0.384023153	-0.555337532	-0.385232268	-1.903000222	-1.277300433	0.710752966	1.144270911	0.407335993	0.215437102	-0.865802788	-0.924360107	-0.367295807	0.508003264	0.906078707	2.146631903	1.061053398	0.146521983	2.02203262	3.161615272	2.028473008	1.187014637	0.88077532	-0.739799235	-0.016742437	1.020746154	-1.958286044	0.616577391	0.602191666	-1.586906539	-1.698256286	1.053123572	0.502360956	-0.505162409	1.054443001	0.665288615	1.126449886	-0.407619582	-2.011760873	-0.559675392	-0.752619208	0.165073914	1.774537445	2.722116117	1.043353262	1.691810987	0.192417536	0.010568115	0.187104125	1.192177615	0.635562067	-0.802785956	1.461851391	-1.605966896	-3.267472158	-1.316868809	-1.065851519	0.921670288	0.436525672	0.201917774	0.145952529	0.724664982	0.139681232	0.841661192	-1.094925105	-0.781538471	-0.778090449	0.387401752	-1.444878851	-0.627214287	-0.83620807	-0.06390575	-0.111644509	-0.492643477	-1.561338143	0.015409734	-0.940618781	-0.174274785	1.478370866	1.224338209	0.61864461	-0.571280094	-1.206249466	-3.012774558	-1.415561791	0.457301277	-0.612209636	0.085859783	0.510552451	-0.279038507	3.534739528	1.182562711	-0.721696168	-0.663478778	0.787614547	0.567242494	1.31516266	-0.419992091	0.477180071	2.880773647	0.080991173	-0.095275189	0.444571817	0.66921707	-1.033992585	1.370283065	0.562652324	-0.621557971	-0.782501279	0.278973502	-0.290421455	-0.55781223	0.38821722	-0.226986497	0.951586013	0.931485977	-0.725083113	0.335413289	-0.4439281	0.114226062	-0.483377556	0.415840031	0.066722461	-0.176524158	-0.680933128	-2.641295605	0.128721513	1.000281957	1.016602129	0.458262246	-0.370559161	-0.168916321	-0.757981108	0.50429632	-0.962574128	-1.923934407	-0.33712708	0.382937571	-1.197397134	0.117691163	0.285662794	0.435377424	-0.299761975	0.279544816	-0.464283421	-0.435684354	1.402821974	1.510320666	0.483667459	0.732578778	-0.226768253	-1.083105892	0.28183189	-0.254936247	-0.674727204	0.196668973	1.048783383	0.23406891	0.095565027	1.446485502	0.663944829	0.439062588	0.675574451	0.334562441	0.823755706	1.078859716	1.47745044	1.581015456	1.698068436	0.10297422	0.86962654	0.487683926	0.809481859	0.504172484	0.327221774	-2.26980164	-0.224429981	0.091731039	0.23303785	-0.271197738	0.685736673	-0.049774162	1.900326945	0.886333858	-0.133544601	-0.361736705	-1.738405784	0.596255911	0.379237394	1.347809437	-0.439251682	-0.313707888	-0.828162911	0.69248807	0.812168731	0.965123769	0.315408443	0.446783401	-2.430096502	-0.422372401	0.007773579	0.964617696	0.602467179	0.413545911	0.86121395	-0.592580066	-0.007424869	0.830658286	0.604919705	0.701047481	1.534886407	0.988892464	0.476664104	1.308354258	0.839781698	3.478920782	0.759332624	-0.392224371	1.074489669	0.558056556	0.8364347	0.931904504	-0.43535483	0.465877654	0.492951705	0.407808826
Rifampicin-A [A]	-4.845315671	-1.840367663	-0.969439136	0.071198061	0.610167799	-0.035053001	-0.949067442	0.627029172	0.505526014	0.360833441	1.224077608	1.333735659	0.804164373	0.572513911	-0.325775521	0.174997921	-0.309213043	-0.529033476	1.385662884	-0.151495566	0.683367939	0.34243736	1.172851355	0.44853193	0.983404429	-0.34516033	1.554741949	-0.26301157	0.516451	1.877229394	3.484693295	0.631329359	1.191543099	0.980598103	0.190260055	-0.53594781	0.027248815	1.010345989	-0.638112979	-0.142724454	1.238277107	-1.989553485	1.170006005	0.064108041	0.730569778	1.570873473	0.021299024	1.45873369	-0.34184816	0.328969872	1.0039437	0.169463342	0.753916432	-0.452547483	-1.91899559	-0.206906675	0.992043888	1.422634165	0.757339235	0.680276012	0.461622663	-0.608939274	-0.481838555	2.492726664	2.50791385	0.001847247	-0.545802924	0.23927623	-0.900789651	0.320767999	-0.227265452	-0.002627625	0.433852648	-0.15343998	-0.689083793	0.472704058	-0.220420099	0.728799472	-0.096533846	0.310150667	-0.60197305	1.063952444	1.184260335	0.635605878	0.123932523	1.871411432	1.352876972	0.483620285	0.365011061	-0.005495254	0.214421104	-0.73512489	0.1599162	-0.291538225	-0.617367917	0.14196677	0.150133685	-0.459066577	0.207373969	-0.065640905	-1.358881865	0.48433388	1.191924588	-0.867504212	-0.63018302	0.448545427	0.162289323	0.430574386	0.085665515	0.62090472	-1.210226051	0.582328495	1.31195645	-0.17804751	2.06658308	-0.37150975	0.465669645	-0.479554992	0.04016404	0.299056047	0.312551777	-0.137584048	0.042558683	0.088386314	1.024125312	-0.285237848	0.439349429	1.185446419	-0.77937637	-1.334283299	0.623912198	0.327180081	-0.386988912	-0.01957313	-0.706886238	-0.043062436	-0.441632043	0.499302546	0.999381637	0.402853313	1.286325239	2.649027693	1.423523388	0.200937324	0.805833081	-0.74261246	-0.931577333	-0.177353855	-1.25420126	-1.061512402	-0.627284126	0.315672956	-0.421549684	0.616172265	2.565596874	1.792849992	-0.437787622	1.340429475	0.773145523	0.745284781	-0.952560996	-0.156256301	0.40674949	-1.046119626	0.260968392	-1.470100712	0.912000371	0.142250314	0.891564983	0.739085083	-0.481722743	0.408237864	-1.168517734	0.120596157	-1.127194246	0.491372297	-0.459657156	0.519709925	-1.547587732	0.617955581	0.538584491	1.059356266	1.340925541	1.956170018	1.124979902	1.525980192	0.990966507	1.35933957	0.515777295	0.770826919	0.572644623	0.778855265	1.384737704	1.585210287	1.575150533	-1.495258098	0.412137116	-0.5558343	1.132213599	2.795694458	1.243324577	1.409339483	0.592022075	0.32096797	-2.068676504	1.340551212	-0.994684052	-0.785621537	1.649527704	5.189454018	6.024291208	1.459163922	0.245108801	1.189492492	0.986435335	-0.408208387	-0.268946491	2.526048484	-0.41730937	1.650276504	0.627058896	-0.281432098	0.345206284	1.135685771	0.057578856	-0.373023375	1.029047535	0.839487089	-0.492614944	1.470108812	-0.986628324	-1.846811451	-3.121799771	1.300757939	-0.29239864	-1.673160429	0.191363048	0.164123413	0.779153705	-1.400464396	-2.036545493	-0.702363854	-0.532767281	0.668065905	-1.143271565	0.690118253	0.938642902	-0.050037236	2.464874111	-1.201075588	-0.517720902	-1.29063091	0.904002229	0.584656271	0.226569688	-0.834261892	-0.045576758	-0.869717005	-0.417222189	0.264569404	0.50322087	0.280395683	0.222388272	0.451293572	-0.698019379	-0.299260588	0.651542622	0.685708165	-0.295726175	0.538161666	1.591579152	0.562882688	1.688646972	2.866240064	0.144845913	0.627749383	0.332680774	-1.231540307	-0.269604749	0.266315516	-0.064350638	-1.89746904	-1.474728665	-1.769063384	-1.707059848	-2.00584146	0.492625477	-0.831946919	-1.161566508	0.400275513	0.60089008	-0.206808505	0.672748332	-0.485473882	-1.048731092	0.757432454	-0.804845557	1.396612223	-0.471623677	0.788625785
Rifampicin-B [B]	-2.730245602	0.328779618	-1.47875839	-0.397233724	0.769503647	-0.353589055	0.075695005	-0.430846942	0.400950436	0.32791227	0.273068623	-0.097765965	0.483810813	0.361066763	-1.412421061	-0.260309944	-0.55172788	0.565021551	0.960028542	0.033102701	0.866549214	-0.065936519	0.746601812	0.432014618	0.506749037	0.114740034	-0.025881105	0.348634405	0.077579207	0.196996369	2.086674353	-0.295262895	0.471821637	1.37151812	-0.561247786	-0.11075187	-0.248984664	-0.317651298	0.342462258	-0.622174914	-0.496856823	-0.866285098	-0.514756736	0.117224324	0.21924293	0.318586213	0.437341995	0.817810994	0.167528574	0.103804503	0.916894929	1.020104466	0.431612287	-0.071323596	-0.76615561	0.653961419	1.032326292	-0.151489459	0.888779352	0.922290964	0.173130946	-0.300189598	-0.095360685	1.331524998	0.006593163	-0.425946409	-0.944013932	-0.264864131	-1.020032651	-0.117149866	-0.489249452	0.096565901	0.416263071	0.703918859	1.3067542	1.04394541	0.27739574	0.580335709	0.428065221	-0.148117344	-0.412117139	0.08811876	0.773197281	0.607195732	-0.099951313	0.099268184	0.281860884	0.302008101	0.51039991	0.253288123	0.389893162	0.405005988	0.391190417	0.408876967	0.538555327	-0.209963204	-0.068270875	0.035816618	0.136597567	0.093203614	-0.976116779	0.933992149	0.687063697	0.104602886	-0.581468361	0.729495208	-0.86275895	0.331464293	0.586573134	0.272438728	-0.919219337	0.498588922	0.947979435	-0.523445395	1.738989456	-0.143331436	0.065188006	0.09657793	0.246333029	0.889540407	0.380714269	-0.58650792	0.168142983	-0.037031324	0.093807776	0.124120519	0.171454808	0.855997547	0.084530358	-1.571150796	-0.65948959	-0.356117025	0.103311354	0.235560384	-0.104839923	-0.162033109	0.100756768	0.165655181	0.88203084	-1.245711691	-0.306513225	1.682832836	1.117126686	0.485859196	0.485260674	-0.100217714	0.090941662	-0.37616966	-1.158029229	-0.837057547	-1.062742131	0.261734122	0.315755916	0.045588633	1.776355792	2.179416536	-0.031231806	-0.506289128	0.832904654	-0.303672937	-0.043007443	0.400498165	0.020979253	-1.519219961	0.169576067	-0.985722675	-0.153641633	-0.454502818	0.198142084	0.379482134	0.339328193	-0.136593521	-1.605702682	0.384668385	-1.023717304	0.461231841	0.079146333	0.236730982	-0.16439001	0.122412267	-0.139816825	-0.177001813	1.426624095	0.72084638	0.309338961	1.213853929	0.940262209	-0.1325646	-0.348657882	0.209767752	0.346909845	0.380823448	0.524556713	1.774094536	0.825429278	-1.375382304	0.321820277	0.495609978	0.62689988	1.310941959	0.323490448	1.07608026	-0.330773138	0.25741797	-1.43302542	1.491593042	-0.167147942	0.116891033	1.010275361	4.505262831	4.994801589	2.227700247	0.222235589	0.561750724	0.940782792	-1.094159972	-0.333649691	0.512203906	-0.651923451	1.470099865	0.487853051	-0.254733144	0.215565401	0.686025762	0.739887821	0.508753907	0.671579992	0.328161333	-0.835003898	0.857051238	0.619462324	-1.42535871	-2.502535725	0.206832833	-0.042153811	-1.036422015	0.344797612	-0.513229009	0.528086876	-0.933899956	-1.150017015	-1.061995907	-1.016265343	0.176101918	-0.676753968	-0.351696153	0.915498433	-0.041655116	0.951353775	-2.267246239	-0.553790538	-0.225875134	0.006288524	0.969040827	0.272920329	-0.500212018	-0.536325066	0.338848094	-0.781318993	-0.274065737	0.175253283	-0.025746296	0.365157357	1.210237295	-0.000311788	0.375456694	1.220792881	0.446041986	-0.40843259	0.456566635	0.348250437	0.803460227	2.002660271	1.760273424	-0.275940076	1.008371599	-0.0107286	-0.539245615	-0.506203358	1.011679529	-0.080891625	-1.161165038	-1.193169112	-1.017662041	-0.972415001	-1.159001451	-0.178690748	-0.664097578	-1.104476407	0.23062777	0.384688457	0.175983354	0.113783405	-1.356085864	-1.136615473	-0.007364211	-0.394349917	-0.298704652	-0.380953851	0.444613921
SDS-A [A]	1.510129955	-2.219959149	-0.550140744	-3.482033353	0.233231407	0.187693702	-1.699571252	-1.391783246	-1.292961283	0.444551192	1.797541636	-0.472120838	-0.405926719	5.40409828	2.107657713	-0.006908152	-0.106267699	-0.574263376	-0.034299019	0.481792862	-0.493572979	-0.268771643	-0.357197532	-0.279623041	1.219183721	2.864643352	2.344599636	1.676543091	1.391095281	2.136224863	2.37403283	2.571117991	3.355103562	0.534384792	0.634246896	2.352961575	1.789533244	-0.214448087	-0.701655522	-0.364974954	-0.260260592	-0.171069208	-0.601789147	0.775988932	1.494773209	-0.935698616	-1.334870902	-2.55144966	-1.18626812	0.824600323	-0.924891834	-1.925800208	0.985444538	-0.373033564	0.549966984	1.543712089	0.395755663	-0.823756871	-1.263752519	0.201447501	0.08227607	0.984417913	2.866606669	7.519934445	5.086002496	0.792879374	1.068134184	-1.720307863	-0.188013794	-0.278101998	0.291313526	-1.157592226	-1.266272026	-0.893306067	4.997329996	-1.485519571	-0.381752711	-1.093343463	0.028363471	0.215958503	-0.117706069	-2.25314583	-0.237551129	-0.243947851	-0.091477125	1.364658928	-0.098988294	-0.520410302	-0.879135547	-1.182181804	-1.811075713	-0.857238128	-1.454149018	-2.226468331	-1.948881905	-1.307029574	-0.413233721	-0.09896944	-0.409615808	-1.982176434	1.168523129	-1.729565123	0.280473472	-0.444379983	-2.483216813	-2.021209435	0.557556569	0.593630382	-0.933557552	-0.626596027	-0.53141234	0.413935826	0.943187198	0.30261747	-1.212804169	1.344606757	-0.803458916	-1.402731107	-0.783860836	-1.550374078	-0.788896778	0.954077507	-0.890295659	-1.377654243	-0.249819665	0.125427771	0.031831379	1.904839605	6.560925092	7.736943909	5.769779148	-0.690123216	-1.104100133	-0.54483645	-0.306069753	-2.952076977	-0.576038337	-0.303735288	3.568555012	3.117414835	3.435087318	5.402811921	3.433445264	2.707925826	6.457434925	-1.750562892	1.861260906	-0.327344693	0.188570918	-0.611779677	0.633919871	0.213669897	2.953137329	-0.266465211	0.009993768	0.919219185	1.916052254	3.282718466	1.025063831	-1.015705263	0.402869731	2.110423153	-0.115550765	-1.363377331	-1.030083962	-2.592203082	0.638827376	0.403814191	-0.497218865	-0.706285784	-0.14157984	-0.270320492	-0.88432254	-1.023981578	-1.777524453	2.990958329	-0.68828038	-0.107478996	1.561469751	-0.85222543	0.675927823	-0.34733991	3.707839571	1.865851299	0.412909137	-0.662770889	-1.388798209	-0.274418946	0.894513585	-0.315022187	-0.826371963	-1.020190003	-1.765406051	-1.704783758	0.231447339	-0.474226293	-0.630149608	-0.217852004	-0.717404628	0.516473955	-0.088102374	-1.832997094	-2.090397383	-3.335111183	0.124456672	-0.729568421	-0.088935537	-0.970054877	1.904294907	3.077128647	3.837891591	-0.629849554	-2.068146714	-0.275785134	-0.637242193	-0.389965921	-0.7484772	-1.7174749	0.017395457	-0.523392639	-1.031478975	-0.760281024	-0.37033999	-1.438578989	-1.475494826	-1.197697739	0.452781666	-1.072503744	0.353502589	1.277652874	-1.022790427	0.506209317	1.583584872	-2.940611512	0.692683412	-0.75982286	-0.919771371	0.423323887	-1.343637908	-1.093764986	-1.602432438	-1.186518488	-1.526360836	0.597519792	-0.858367568	0.357827616	0.414352061	1.05186543	-0.348278016	4.159370419	3.586872644	0.127429391	2.013972279	-1.299447726	-0.617421435	0.015166994	-0.798672235	-0.920044273	0.561822855	-0.417427961	-0.143374235	-0.045552171	-0.272170685	0.622729913	-0.380585153	4.236984434	1.194766133	-1.127848656	-0.776442454	-0.192053172	-1.350306916	-1.772386995	2.666641026	3.259995667	0.677107799	-0.385956835	-0.254280463	1.725629745	-1.239904422	-0.277406381	0.15305166	-1.114992092	-1.036960924	-0.834871697	-1.306451989	-1.4164136	0.618868068	-0.131271558	-0.274031557	-0.707998046	0.722029443	-0.186322199	-1.871340452	-1.167951379	-3.127250848	-0.624224204	-0.769900521	1.02968909	1.038102899	-0.117817584
SDS-B [B]	1.270509797	-0.529204807	-0.706206355	-1.814308724	0.056676442	1.012999239	0.872635818	-0.363816685	-0.321299011	0.619658626	0.204628405	1.759097888	-0.776552068	3.102157718	-1.506584993	0.875763302	0.230780793	-0.342415174	0.76222925	0.861521985	-1.014936067	-0.505557196	-0.313705558	0.155708599	0.04931185	3.000519038	3.154248828	1.584595956	2.068339448	3.66667045	-1.884873221	-0.015334718	2.505488243	0.363090158	0.206965088	1.627921529	1.353327541	-0.67306433	-0.293583958	-0.862620899	0.204011326	1.331367799	0.527131255	-0.505548081	0.451211851	0.582577945	0.044176229	-2.664453681	-0.374224101	1.563172465	0.099047891	-1.029291641	1.998249904	-0.277714748	3.092267146	1.168372117	0.698340225	-0.712174837	-0.791612372	0.49242845	-0.236266752	-0.490299071	3.525843495	6.991073429	5.247984634	-0.723377119	0.804277021	0.892448617	1.295394507	0.911880208	0.657421798	-0.132164882	-0.913343987	0.423426862	-1.224170752	-1.211954588	0.257015451	-0.700347273	0.782907484	0.505700684	-0.232837329	-2.003242513	-0.09043507	-0.084001734	-0.122329652	0.894539231	0.725299661	-0.074928331	-0.940422353	-1.653431322	-1.798333642	-0.943665577	-1.224759843	-1.176970968	-0.572308164	-0.923371877	-0.090888766	0.073645258	-0.000896824	0.290798403	1.68338971	-0.663530575	0.05148112	-0.430239915	-1.668352787	-1.443760529	0.316520332	1.541257047	-0.232956974	-0.31199275	-0.059084674	0.172554825	1.082701979	0.255668544	-1.040792053	2.103421517	-0.689510065	-0.374917225	-1.141041289	-0.854854138	-0.419744773	1.661520159	-0.773925847	-1.294256332	0.760875631	0.855138362	-0.27706125	0.316205568	0.203829575	2.209660289	2.243541294	-1.347527788	-1.325767129	-0.74921466	-0.186685978	-0.662791581	-0.54964847	-0.353974158	0.132082316	0.701118388	1.5410022	2.16854625	1.896343057	1.616019814	-0.524201421	-0.540253374	1.458250237	0.363419606	-2.086510322	-0.544099857	-2.102685948	-0.094382385	0.724457649	0.247216854	1.013678539	1.20222847	2.766121413	4.499314269	0.750341713	0.053805962	0.983096534	1.076299537	0.745906956	-0.882777902	1.281592097	-1.050508917	-2.849999505	-0.558497182	-0.334394961	-1.094909496	2.4132419	-0.879772268	-1.573325119	-0.176799619	-1.421959114	-0.131523987	-1.682470207	-0.971441483	3.280448842	-1.359985451	-0.362214742	-0.417188539	0.548603628	2.020901575	-1.008240913	1.284146197	-1.535547062	-0.364519262	0.665074914	0.070145211	0.508062804	-0.211626676	-0.655935781	-0.929134854	-1.158049315	-0.907119349	-0.983539294	0.451493512	0.152272281	0.432629659	-0.623781377	-0.878870214	-2.929830972	0.055944173	0.223465453	-0.672052804	-0.094708137	2.387845273	1.548532516	2.316730775	4.332669934	1.17251531	-1.932441448	0.358862533	-0.407756417	0.984919813	0.811564784	-0.001735035	0.67327415	-0.577116692	0.130154596	-0.1723833	1.069637117	0.447304934	0.323185737	0.206495391	-0.121561358	-0.027657949	0.919152028	1.466780975	0.591711703	0.752414502	1.426398256	-2.473533815	-0.189307749	-1.336157633	0.372808998	-0.208580283	0.514640493	-0.44628952	-1.362473043	0.643229884	-0.549222318	-0.255434719	-0.091315031	1.011837638	0.934893278	0.013769976	1.376474868	-0.125511813	0.282715979	1.707253155	0.886034303	-1.310879021	0.199305207	0.014076188	0.123681171	-0.29699208	1.343127814	-1.199082522	0.972109281	-0.887711996	0.58230166	0.851448922	0.363134028	1.112669152	1.919110101	-1.369898319	0.080375055	-1.675942028	0.220114306	0.115327064	3.682100031	2.166977345	2.683670756	0.211108325	-0.133381379	1.132302627	-0.713452916	-0.178054297	-0.196200146	-0.660184973	0.334801653	0.567387036	-0.940895691	-0.353891289	0.039568243	-0.434403225	-1.007116568	-0.466061267	0.430778844	0.313349321	-0.854703006	-0.473315231	-0.802367811	-0.090131123	-0.27031768	0.417261379	0.691178651	-0.19666269
SDS-C [C]	0.946090916	-0.793323821	0.063470274	-2.122958079	-0.35335163	0.566698497	1.102354794	0.376066523	0.021515163	0.494282604	2.139047303	2.448857449	0.868171338	0.458552818	-1.595014235	0.07982638	-0.049676076	0.573815788	-0.128659353	0.003163077	0.27713892	0.309632715	0.497925779	0.156263456	-0.208247382	1.416410634	1.695086458	0.467090875	-0.93473741	-0.84517987	-2.250114408	-1.135222778	0.730797782	-1.536468773	1.23247899	0.163131798	1.114880666	-0.371943838	-0.499679024	0.365961563	0.455724062	0.358281447	1.301576178	0.380844725	-0.451446277	-0.377859526	0.859891062	-2.005829256	-0.871518453	0.124699036	0.140285595	-0.827826164	0.803210549	0.828932023	1.563147023	0.029618515	-0.003949429	-0.064142203	-0.660223037	0.600450419	0.791205274	-0.273419627	2.469023058	5.755902077	3.724459916	0.52879397	-1.647199534	0.211242568	0.305924945	0.789154837	-0.457643894	0.260790227	-0.345555018	-1.522265642	-0.82877864	-0.868612359	0.729273846	-0.495772495	0.955012311	0.946579932	0.870770255	-1.701968418	1.388369605	1.287298863	0.308027066	-0.494652763	-0.456940836	-0.834216809	0.113807532	0.106759101	-1.101597081	0.451971348	0.142161251	0.271398292	0.944266268	1.081766827	0.353283078	1.309835246	0.256619026	-0.525825655	-0.172458529	0.667686735	0.49057973	-0.99647725	-0.49597589	-1.33579684	-0.250407124	2.090618334	-0.393659089	0.000508687	0.684437718	0.289601426	0.418054723	0.187099977	-0.903062914	1.664196351	0.416368756	-0.32609285	0.260669154	0.903945081	0.907149323	2.775004519	-0.541352731	0.211432585	-0.449591922	0.649994183	0.153010168	-0.448645003	1.702974445	2.328954441	0.196621015	0.144089547	-0.721647743	-0.390107439	-0.94312905	-1.599665794	-0.649056019	0.298307179	-0.355352634	0.903262926	0.051189105	-1.18041567	-0.490434352	-0.718353032	-1.221454904	-0.571693356	0.22302838	1.51594512	-1.136049815	-0.006211998	-2.852758439	1.153240476	-1.086436925	0.444603535	-0.838251878	0.038842454	2.12292843	3.233696718	0.385256622	-0.065657207	0.1176187	-0.181630308	0.561739224	2.014758859	0.085642937	-0.153620631	-2.055246459	0.738199617	1.184501129	-0.440593062	0.29014099	-0.641474018	0.365404101	1.676692043	-0.23446477	-0.568833317	0.230615023	-0.159684507	1.173001741	-0.701838921	-0.162599333	0.470104657	0.865881604	-0.779102581	-0.727452797	0.071106324	-0.237387831	0.765247899	-0.818389695	1.300418802	0.352225356	0.25190393	0.055542838	-0.425494334	-0.688505809	0.265266549	-0.85309917	0.571585766	-1.219843192	0.092639797	1.649694049	-0.580054755	-2.221286522	-0.358411125	0.442231489	-1.272668122	0.941287513	1.145411297	0.623885717	2.711379043	3.672499458	-0.040394843	-0.179220414	0.02682693	1.05473478	-0.450988132	0.196590948	0.092583333	0.351997744	-1.519135945	-0.122017267	-0.098423509	-0.359718108	0.175500971	-1.303661736	0.158113816	0.911463426	0.464625651	0.50953973	-2.297296795	-0.170923264	1.051729799	1.513914806	-0.935305792	-0.557336276	0.707352137	1.554758821	0.732489999	-0.246162112	-1.030466405	-1.339658656	-0.688601275	-0.037335532	-0.76818226	-0.075035361	-1.583083835	-0.005511716	-1.824855075	-0.462520745	0.879244811	1.395284617	-0.048486891	-0.361661886	-0.737847606	0.15987933	-0.212185427	-0.569258772	-0.638974222	-0.076840602	-0.127569057	-0.029215532	-0.810162198	0.092220943	-1.064912038	0.993282004	-0.705742927	-0.517017246	1.454845404	0.16462915	-1.16087593	0.104001086	-0.708213913	1.345710161	0.604371537	1.054044263	0.038195118	0.974064581	0.668742797	0.299491221	0.277110657	-0.099598064	-0.298820527	0.265782443	0.516385949	-0.035717153	0.856677125	-0.091118668	0.225414741	-0.238783838	-1.597891516	0.663783433	0.237277973	0.645193339	-0.586118804	-0.108739222	0.445666941	0.985693253	-0.499789167	0.099980442	-0.02630143
Sulfamonomethoxine-A [A]	-3.819112956	-0.878734407	0.870772328	-1.275630668	0.818983559	0.967230201	-0.32761342	1.067973098	-0.286997222	0.752548482	-0.240120822	0.100176819	0.633322549	2.1729354	2.603550305	0.059003609	-0.330976867	-0.063344563	-2.250529815	-1.799831556	-0.739856343	-0.919587116	-0.462891286	-0.039865067	0.538086421	1.800998677	3.009514997	1.39891104	0.047138683	3.717124875	1.99196667	1.880181238	1.895871786	-3.2391697	1.18605728	3.715765851	0.683467926	0.087048705	-1.264932646	-0.363027227	0.341566622	-0.689638242	-0.753758564	0.351491485	0.85178475	-1.263788843	-1.576819369	-1.214087545	1.248200466	1.073338838	0.053737329	-1.982386057	-0.161471589	0.185744468	-0.622376262	-0.905817006	-3.19964729	-0.794436283	-0.212784196	-6.799179464	-3.108843305	0.061087819	0.002438027	4.79298691	3.238161288	0.414888558	1.099800595	-0.680003156	-0.172146486	2.590773107	-0.329845096	-0.693800828	0.130895072	-0.618166151	1.647033109	-0.213484202	0.876431793	-1.545531006	0.359790891	-0.398446566	0.356360554	-1.739260972	0.304720779	0.356125051	0.042626572	2.082751725	1.027410744	0.039058847	-0.874086979	-0.12564932	-1.079660581	-0.016252989	-1.616835334	-0.6551604	-0.441494682	-1.375585244	0.530020009	-0.396699491	-0.187611678	0.192256776	-0.769185808	0.00835125	0.038156062	-0.612016571	-2.435685154	-0.537879641	0.188787669	1.248521329	-0.904090342	0.051969251	-1.466227587	-0.190827718	0.151644031	-0.021102806	-1.606458771	1.298825029	-0.29226473	-2.173890378	-0.533828227	-1.925120045	-1.30082291	0.697686047	-0.612621334	2.006140965	0.688891038	-0.616920676	0.077550968	-0.223940972	1.287195188	2.591427899	1.881571703	0.475425269	0.115798362	-0.463200935	-0.103151366	-0.593887035	0.273534076	0.326306263	2.245279431	1.526521708	1.513770076	2.088057894	2.883695826	0.621158691	2.596231312	0.228689224	-0.960076715	1.256172964	-0.227694585	0.955514651	-0.769634581	0.233296272	-0.263058228	-0.635848224	0.314539738	-0.685408835	0.466746437	3.151384816	0.791083206	0.702383128	1.109662731	1.551830922	0.005914909	-0.409750303	-0.357444955	-0.512437029	0.191415761	-0.143566525	0.089118858	-0.237005524	-0.998646195	-0.632778392	0.580399424	-0.041155515	0.079032516	0.832922138	-0.862022386	0.766189379	-0.008643679	-0.470232161	0.051013453	-0.305717375	2.943618549	2.197986477	0.586784716	-1.072456288	0.216261506	0.401228841	1.545146757	0.493258406	-0.050252117	0.138033548	-0.617690449	-2.216460814	1.559663916	-0.279386156	0.848253437	-0.071952359	-1.644349918	2.470329366	0.205388373	-0.758412556	0.048540384	-1.195609582	-0.527869026	-0.216015549	-0.035461462	-0.751305398	-0.170424368	0.790970039	0.915058294	0.944202615	-0.043868032	-0.933814664	-0.697662894	1.500186426	-1.255498591	0.369197297	-0.097836669	-0.578030587	-0.138331428	0.196246347	0.401907089	-1.166997997	0.029063281	-1.269181118	0.113028751	1.031980818	-0.166782848	-0.150360408	-0.813600287	0.862834127	1.075051585	-1.007400193	0.244964737	0.54786667	-0.299658563	-0.132619599	0.228701398	-0.198545371	-1.413317924	-0.173251839	0.614028934	-5.198800336	-1.621438652	-0.245093678	-0.635627284	0.434958573	-0.538066697	2.977268674	2.103605634	-0.281206703	0.28528818	-0.433315961	0.356171432	-0.898297086	-3.365158988	-0.123933549	0.297034004	0.245809254	0.821649137	-0.030784395	-0.828186389	-1.896813771	-0.661737582	3.424055165	2.741600952	-0.152157402	-0.205659991	-0.4796048	-1.545692427	-0.483579969	0.214047221	1.717493027	-0.482080404	0.196208195	0.044320203	-0.970202098	-0.497410131	0.295863708	0.998319699	0.685990474	-1.19785617	-0.770915927	-1.075486873	-1.160969075	-0.36324468	-0.365055561	-0.68382642	-1.885539698	0.724791222	0.217824155	-0.296388127	-0.983163582	-1.664393589	0.227674741	-0.475683245	0.742033851	-0.103611677	0.188010274
Sulfamonomethoxine-B [B]	-1.727352615	-0.422538734	1.593838989	-0.589151063	1.471963218	0.393663336	0.342743316	1.595117709	-0.323084815	0.201343164	1.049321663	0.826475972	0.2421256	-0.72135321	-0.257105343	-0.578570746	1.487484916	0.17386318	0.293984974	1.43200071	-0.512248691	-0.310181742	1.069791224	0.431623253	0.245024593	0.825607635	1.133412384	0.914933041	-0.382221249	1.302471368	-0.508424851	-0.33816268	1.14717955	-3.84979107	-0.213629493	2.178349773	-0.720596683	-0.111422895	-0.25560419	-0.877171562	0.743570661	0.594043271	-1.111657396	-0.578469695	-0.457604459	-0.399799182	-0.651467773	-0.668513064	1.165833698	1.448137233	1.613395182	-0.506719513	-0.229662913	0.690214871	1.279062191	-0.175628948	-3.034620432	-1.491654027	0.449261088	-4.124179774	-2.95901243	-1.40209919	-0.235621615	1.142889992	0.888124118	-0.013462575	-1.020564349	0.491444749	0.334048967	0.938544711	0.037892673	0.086396738	-0.386667994	1.310019763	-0.528731349	0.800121753	-0.133888912	-2.154595998	0.544399533	-1.122533414	0.181644552	-0.531242526	-0.056111318	-0.62400921	1.186319191	1.280524084	1.835167043	0.121045431	-0.021226456	-0.197181808	-0.453499647	-0.397418364	-0.42609997	0.246164424	-0.28762265	-1.261143508	1.410445697	-0.503551218	0.354912903	0.126787354	-0.604829276	-0.671677952	1.549300793	1.358567946	-1.239759349	0.059446335	0.506694139	1.275076254	-0.686078551	-0.318076395	-1.392521507	-0.166985686	0.16079501	-0.322800046	0.03552109	0.27782941	-0.441815591	-0.406725134	-0.680993122	-0.697452912	-0.778307343	1.292068529	0.986564945	1.409747405	1.517079363	-1.296778451	-0.396194914	-0.436910497	-1.145957816	1.60288518	1.208202234	-0.760734272	0.492794712	-0.846110508	0.015783357	0.140071477	-0.050064949	0.799407374	-0.193630917	0.993292005	0.296517127	1.295364893	0.713182155	0.574194308	0.895916353	-0.302284469	-0.368353424	0.706783502	-1.061558674	0.430634246	-1.465304386	1.605561593	-0.703867661	-0.354891754	1.187335888	1.032633708	-0.325519024	1.062435552	0.68796847	0.581714755	1.327734149	0.945374305	-0.474449313	-0.700402633	0.191623635	0.242967064	-0.029487946	-0.313981999	-0.682194493	-0.84543634	-0.86618119	-1.120531165	0.755333358	-0.103298241	0.827101593	-0.31673576	-0.530358704	-0.159341172	0.882707182	0.815619551	0.639256539	0.485663088	0.204654321	1.177099604	0.281198567	0.004912774	-0.16950148	1.580338334	1.901431387	0.837043229	0.219153507	0.924887798	0.41153656	0.069655489	0.846483129	-1.00008278	1.554661968	-0.078438633	-0.323785327	1.053938443	0.105175083	2.10421131	1.443017233	1.236203141	-0.036570266	1.032657604	0.187475447	-0.350488204	-0.128133525	-0.335532279	-0.297346307	1.020955833	-0.384465172	0.172077082	-1.546256235	1.429417291	-0.04293273	0.879028651	-0.410461483	0.016443798	0.427913514	0.906789965	0.278968494	0.505236461	0.466024738	-0.30420272	-0.095615973	0.856831648	1.909219907	-0.451545564	-0.212490873	0.794019863	1.571273496	-0.767098315	-0.264700547	1.119694204	-0.478594968	-0.322636039	0.332676668	0.146669616	0.215952416	0.006570688	1.176688743	-4.447755594	-0.588204344	0.819076163	1.222579687	0.311917844	3.002516403	1.825908648	-0.457978572	0.924560662	0.933854438	0.380506445	0.225781426	-0.106606049	-1.156865127	0.627807562	0.03874361	0.790951789	0.746018102	-0.425358228	0.004581604	0.033698685	0.830099179	1.434503112	0.180645355	0.430883751	0.924935864	0.69128781	-0.3493803	-0.237684294	-0.064189568	1.019464873	1.028505235	1.149904911	1.209943147	-0.664269067	-0.896921608	0.657565531	1.664944681	1.753676099	0.70239241	2.749106044	0.353364765	-0.470639896	0.164798715	-0.441453158	-0.088352375	0.993339539	0.405109314	0.906381117	0.321315068	-0.665260226	2.350401166	-0.663575831	-0.366094047	0.160500067	0.743848532	0.878071937
Sulfamonomethoxine-C [C]	-1.900572421	1.286163831	1.729303083	1.691922474	1.842225602	0.362436907	-0.067486419	0.445328184	0.399893277	0.049320269	0.651355594	0.073575488	0.579527579	-2.012177168	-1.939605385	0.56985275	0.60208975	-0.404270471	0.980113805	0.854651086	-1.260865249	-0.520885566	0.672302877	0.541104276	0.369803775	-0.513151217	0.402232892	-0.712597291	1.036635221	0.20599834	-1.582520128	-2.941317802	-0.607279546	-4.354666624	0.467481298	-1.948453586	-0.085206614	0.569073732	0.388929024	0.65514641	1.058922586	0.626365073	0.663134983	-0.266591622	-0.208277231	1.765536475	0.82111632	0.476958372	-0.547782975	-1.164809846	0.473563916	0.860218118	0.055151712	0.736218339	-0.78386745	-2.315898067	-5.224521534	-1.975255727	-0.534002533	-7.063574947	-5.475409767	0.67967166	1.696449737	-1.529861756	-1.551045021	-0.900715917	0.976634332	-1.228355522	-0.305451951	-0.617464558	-0.462775755	0.278103832	-0.054209574	-0.313291436	-1.9490304	0.280858653	0.459934511	-3.15993291	0.333678492	0.315087825	-1.294319119	0.232449075	0.986163695	0.842324956	-0.065796774	0.066830822	0.591687444	-0.891764954	0.195691219	0.566359693	0.013739377	0.596812033	0.625371034	0.721703587	0.389169992	0.19541137	0.163050609	0.914893227	-0.736057746	0.123207023	-0.126910676	0.263009845	0.256647958	1.001970141	-0.548507523	1.137083248	-0.715802649	0.536628297	-0.700285993	0.148252712	0.375809503	-0.320033401	0.023042022	0.096561191	-0.022299533	0.149104679	0.1546744	1.31538956	0.166553048	1.009596333	0.474836159	-0.581086449	0.477086647	0.109798605	1.153157455	0.181338336	0.214240974	-0.518714084	-2.162381836	-0.687700769	0.559026529	0.038065649	0.92870169	0.786092445	0.512364439	1.170274785	0.932644904	1.17684699	-2.311877255	0.485672133	-0.286658883	0.894344743	-1.011317864	-1.109860947	-1.797717394	-0.629271265	-0.17424235	1.020366848	0.19284859	1.269377419	-2.844342087	1.732810968	-1.748739063	2.221584136	1.574123881	0.841190738	0.765142361	-0.903242196	0.101582686	0.49097327	-0.538768459	-1.151278124	-0.184132861	-0.153715493	1.222446113	0.846054652	-1.052335958	-0.511383969	0.620326021	-0.822177225	-0.596473891	-1.399663925	0.195191957	0.509867716	0.597670133	-0.739859301	0.960321684	-0.770230349	0.400267887	0.525143925	0.127400327	0.770505485	-0.363282256	0.649091999	1.140117056	0.428698672	-0.473548802	1.100723556	0.499523456	0.095186928	-0.137544676	0.36625867	-0.256020948	-0.904321735	0.900637466	0.136489454	0.440932513	0.388440225	-1.019233471	0.611711394	-0.536012458	-0.340312911	0.357654813	-0.039583802	-0.016280801	-0.330992095	0.232313363	-0.216471486	-0.413489453	-0.368572063	0.072567485	0.276753435	0.015327028	-0.611597194	-1.151180231	1.45466757	-0.696773257	-0.183119124	-0.888627563	1.085440425	0.220685805	-0.063800268	0.602694881	-0.081935981	-0.416314246	-0.090880851	-0.274294844	-0.246554333	0.539471655	0.585532147	0.896207109	0.529531125	1.838170844	-1.354738078	0.737377693	0.636461561	-0.275238927	1.11273194	-0.36500827	0.088524964	-0.38009681	-0.565530955	-0.454899255	-7.13502618	1.597215948	-0.173555801	-0.415503731	0.389405838	1.508640783	0.999357587	-0.101784743	-1.605453103	-0.335446407	0.224626297	0.579497329	-0.394217394	0.873605379	-0.54835123	0.429551395	0.024043307	0.024077655	-0.184296921	0.440384941	0.564753676	0.529045784	-0.630638596	0.077410092	-0.02363218	0.75185085	0.786429987	1.375924818	0.916862362	-0.090271234	0.116396462	1.428285819	0.434347383	0.920942533	-0.878765273	0.200604787	-0.134393993	0.453667932	0.517888728	1.858994484	1.54926589	0.853348657	1.569432213	0.897648302	0.057187	0.870186275	0.724525157	-0.038575479	0.411147472	0.111576154	-0.773110166	2.222462653	0.259585552	-0.044713947	0.613173468	0.292815826	0.281681992
Thiolutin-A [A]	2.292032146	1.395030115	0.332449154	0.474589742	0.019118198	-1.746300446	-1.110983599	-1.66497842	1.501890065	-1.116666186	0.374760839	-1.325166975	-0.612129157	0.462169371	0.002203532	-0.359300855	-1.730822196	-0.573003813	0.139002143	1.656555035	1.497983542	0.315988255	0.062235563	-0.886478143	-0.254792402	0.616482476	2.400752556	1.660705551	-0.119982043	-2.666759495	0.810660737	0.232514343	2.84322663	0.984592532	-1.819747408	-0.602941664	1.237809696	1.589987517	-0.271650424	1.407083492	0.101505425	-0.630176189	1.452034177	-0.402711246	0.324451372	1.362044982	-1.160251337	1.177415227	0.541814487	-2.075404608	0.846903735	1.143241572	-0.83273064	-0.204571142	-0.224709222	1.415914265	-0.529651262	-0.180103475	-0.365249235	-1.218186562	-0.210641174	-0.102705489	-5.689309714	0.940580337	1.340599583	0.556993094	0.635845272	1.110844344	-1.768830383	3.240946046	0.783233047	1.182504655	0.767177812	0.703476771	-2.792369898	2.1514985	1.625135235	0.172268792	1.068268152	1.168612944	-0.008614572	0.106552647	-0.823690749	-1.31449137	-1.466812232	1.734690317	-1.176445943	0.043170762	0.165670276	1.116139658	0.74034239	-1.243895445	3.094476352	2.356361298	2.140380078	-0.5849336	-0.593414782	0.588575872	0.350945178	-0.987761133	-0.652334963	2.100442427	-1.084755748	-0.316761994	1.747939023	-1.12540921	-1.107562721	0.126847623	-1.479935507	-0.289123528	-1.136415119	0.124367039	-0.25917355	-0.665076544	1.970382752	-2.232060518	-4.610617003	1.227654381	0.426679843	1.013044954	0.903998739	-1.382147168	1.225522511	1.74942905	-1.135967105	0.80957718	-0.828995567	1.938093467	1.500307475	1.48789123	2.308330318	-0.868720363	-0.30111454	-0.437804945	-1.910592671	0.263512359	-0.654242442	-0.179739209	1.784374409	-0.426902625	1.763081181	1.515002146	0.127674945	0.634181729	-2.695977555	-0.65407407	-1.426124661	-0.659521895	0.991515436	0.051363288	1.931490423	0.579592555	0.499552461	1.995177806	0.022971306	0.496081036	1.369130513	0.009840129	-0.126863227	-1.150372053	-0.813629722	0.703009856	0.912409822	1.154329688	-2.168847667	1.122957085	1.910791437	-1.28432554	-0.341178754	-0.055040842	-1.071416967	2.099095412	0.398351306	3.229561746	0.525731619	-1.766145396	3.098271546	-0.929859257	0.806828942	0.713856922	-4.00868617	-4.847387207	0.456154019	2.739791505	-0.575171084	-1.265183268	-0.013094188	-1.337154201	0.020199598	0.083344229	0.881197947	-0.353316596	0.068950271	1.52371079	-2.234044281	0.84855599	1.599183185	0.434425023	-0.300724062	1.576697283	0.765706244	1.766451561	1.4934921	0.778096597	0.457588727	1.34460723	0.065699188	-0.217582788	2.275550569	-0.818921187	-0.478458595	0.614850581	0.858775209	1.67704474	1.243281468	1.29312608	1.08174437	2.868996436	-0.201417675	3.359684357	2.012624865	-0.453407418	-0.496315505	0.975697322	-0.339675012	0.763229215	0.024339954	0.933673642	0.879614974	-0.433028601	-1.368272731	-1.806399369	-0.946087606	2.634415337	0.134369617	-1.267066056	-0.583900499	-0.221468614	0.738525756	-1.835885828	-2.390459464	0.074907395	-0.74135952	0.336930129	-0.076677027	-1.588289482	-1.134552359	0.903051137	-0.764239925	1.414176781	1.359680648	-2.975224417	-1.170178597	-0.198489799	-1.645667148	-1.018172917	1.069024511	-0.728573095	-0.308564688	-0.471474175	0.530921064	-1.201407026	-3.574760607	-0.434524263	1.63572638	-2.776781238	-3.295555239	-0.619158322	-0.136020498	-1.470988101	-1.08340203	1.858850069	0.098726898	-0.723601585	-2.315358723	-0.476368642	-0.787790182	-1.18923076	-1.828730896	-0.462064751	-1.29521789	-0.720300305	0.058592919	0.23481603	-1.562241924	-1.883891143	-0.342506534	0.076970799	-0.139971295	1.280186311	-0.69719984	-0.576011496	-0.652226932	0.753349525	0.843350391	-0.119742151	-0.893906106	-2.613594206	-0.253781682	-0.295561268
Thiolutin-B [B]	2.142260757	2.085565441	0.260254768	0.662983123	1.629678858	-0.733850215	0.2206875	0.098816808	1.015946057	0.430983087	-0.132582048	-0.182498005	-0.680997078	-0.58457674	-1.303602793	1.681419085	0.866264001	0.85559662	0.826158348	2.379403027	2.698783295	1.212462413	2.168249132	-0.555144084	1.094030807	0.226537723	1.422233229	-0.489411117	0.532575302	0.781885752	0.431862334	-1.594809972	1.981879685	-0.535481089	-2.251466742	-0.652904011	-1.37805154	-0.313668338	-0.328727295	0.129885833	2.043865286	-0.830082844	0.384276158	-1.661392891	-1.194457411	0.643475465	-1.506164084	0.746616697	2.143334292	-2.402508872	3.117274459	1.100593409	1.017698283	0.501773879	1.376703437	0.846501608	0.671569903	0.708309052	1.300656624	1.19799801	0.660996263	-2.236399184	-5.689309714	0.350275485	1.861743783	-1.05326645	-1.412894946	2.31696706	-1.058218936	0.410412074	3.362957396	1.836702291	0.253012365	2.103184572	-0.905502791	2.766398381	0.785308823	0.414827493	0.823708855	0.618404095	-0.774892885	0.041668317	0.859224947	0.467674677	1.077040487	-0.383520956	-0.048940446	0.849110211	0.19167255	0.535027884	0.946447913	-0.311611182	0.559437055	2.303671141	0.510300615	-0.022863526	0.143878732	-0.035951158	0.171876189	-0.503402114	-2.479954243	1.342678907	0.02029186	1.405092161	1.057155017	-1.782578115	-1.298179488	-1.950394059	-2.494306719	1.165186617	-2.115139965	2.072878029	-0.193791464	1.30521066	1.908808069	-0.312103421	-3.867807774	0.899689906	-1.47556818	-0.307991836	1.100829884	2.869248167	1.802619193	1.320246253	0.962121739	0.200381611	0.03945097	1.156727803	-0.488169703	0.016694141	1.062775401	-1.148692329	-0.258349482	-0.153546478	1.33565089	0.483127261	-0.898030988	-1.134758266	-0.144312946	3.003966781	2.759709958	1.727432577	0.3514393	3.604210574	0.157224876	-1.098597419	0.319836632	-0.619526813	-1.37998385	-0.662970707	1.902293254	0.052441413	1.267423687	3.288185308	0.343855272	-0.792257797	0.268270604	-0.825017982	-0.092290633	-0.460537197	0.442023954	-0.304311192	0.175013759	0.761452604	-1.759513193	1.33339092	1.136172873	-0.696406293	-0.647764426	-0.973295301	-0.602065596	1.606449163	0.286825082	2.527499141	1.049447631	-0.770325055	1.662035187	-2.428886589	3.34258826	0.551058364	-3.18927515	-2.977607622	-2.33989527	1.977945348	-0.142973516	-1.978865859	-0.70295011	-1.237644397	2.007535296	-1.265125846	1.861860101	-0.066525665	0.347422691	1.642258825	-2.113790941	-1.340366975	1.491300933	0.438338286	0.00040489	-0.695574367	-1.016533092	2.677006549	1.087023596	1.62165485	1.323190888	2.054045358	1.438007396	-0.20921014	0.325240113	-2.2259445	0.278089842	2.29283825	0.850176047	2.377691707	-0.365990983	1.44944787	1.820850104	1.454929338	-0.568649655	2.971451011	1.320525463	-0.509800551	0.307301852	1.821363953	2.074900607	2.812394039	1.687420985	1.371158797	0.808343305	-0.751156964	-2.862715244	-0.844488705	-0.176392961	1.98731004	0.940107402	-0.604297487	0.134697238	-0.492859195	1.937505775	-2.405659341	0.582067405	0.255598329	0.290233708	-0.79003002	0.831023359	0.531036447	0.110488497	0.212613074	1.210526111	0.147818634	-0.944502531	-1.364085636	0.62358048	-0.430163067	0.236380656	-1.781448477	2.726683866	0.895269551	-1.048914478	-0.015260037	1.532829904	-0.681927944	-0.132821342	0.984557271	2.23258934	-1.099027406	-0.881475877	-0.388451407	0.081481277	-1.452591297	0.685423632	2.901433494	1.334393735	1.632744481	-1.683660568	-0.056637957	0.057361308	0.241967645	-1.088428179	-0.224912478	0.866728007	0.129583299	0.480946795	0.500569098	-2.26757071	-0.347261243	-0.097254754	0.493710858	-0.612100107	1.941144055	-1.485627707	-0.494164162	-0.80570312	1.679027659	2.380544453	-0.208263835	-0.516846314	-0.816761382	0.788578684	-0.541485589
Thiolutin-C [C]	2.248421554	1.326864203	-0.144166905	1.21507855	0.440872864	0.385035147	0.180427985	-0.338783186	2.127852815	0.72621398	-0.057342595	-0.699275106	-0.240248377	-2.135192347	-4.125076184	0.231725814	0.024888246	1.201802439	1.141365376	2.136480817	1.595901762	0.87147387	-0.14727752	-0.433648549	0.70501726	-2.554290045	1.413603502	-0.794171008	1.197331391	-1.756449026	-1.878623156	-4.971163241	0.042058083	1.354709259	0.117089524	-0.119256071	0.610552476	0.228999566	0.30632972	0.318633206	0.861077632	-0.841846034	-1.65060602	-1.946088601	0.208134253	0.837705992	-0.2809802	0.447264716	0.292302102	-0.390445508	2.78095875	1.670811244	1.107755161	-0.619604899	0.577054318	-1.622404378	1.354174983	0.180482849	3.010376113	1.000034115	-0.55453316	-0.68129601	-5.689309714	-0.559407767	-0.819994569	-2.283071921	-1.28783643	1.80562813	-1.340899346	-0.555229533	1.737511455	1.976222907	-0.57247546	1.579741661	-3.335881675	2.88758834	1.340499243	1.76983221	0.301620399	0.770327595	-0.535616351	0.839390042	1.342450259	0.457854942	-1.446613085	-3.531078464	-2.349094853	0.200986101	1.655740205	-1.219891549	1.278879425	0.01261649	2.689748996	2.929225859	2.98027561	-0.176418417	-0.079899239	1.072058733	1.14064508	1.353972573	-0.335049583	2.490263589	0.070992786	1.471514061	1.55619809	-1.301392489	-2.68024938	-2.400618222	-2.883134431	-0.586770635	-0.021422826	0.864711534	-0.116667795	0.547148096	2.146180185	-0.460652738	-3.500077135	2.491353815	1.394599333	2.654958018	1.235440922	2.074605438	1.042500216	0.841420938	0.521332534	2.338418555	1.384942675	-1.952483595	-1.829919459	-0.411973533	-0.307319283	-1.058387352	0.605709602	-0.803114313	0.090088984	-0.004319063	-0.276291898	0.345671634	-1.40896209	-0.873124111	0.345518373	-0.732016648	-1.071391877	0.944563728	-0.859292857	-0.763949225	0.751473301	-1.195389364	-0.808217284	-0.711451918	1.158164313	2.163547651	0.15951928	3.215331635	1.834316377	1.9385312	0.575426139	-0.368349363	0.213037791	0.246310392	-0.033142401	-2.611189199	0.388635841	1.005851707	-0.034332418	3.772195799	-0.186195595	-0.241046206	-0.707423964	-0.504446139	-0.024017755	1.428677905	-0.94494324	1.88356139	-0.015439814	0.196072632	1.766738485	-2.700943341	3.336787068	0.025316398	-2.437734578	-3.781241642	-2.948954852	-0.473181703	1.056219626	-1.813901591	-1.028526778	0.594191946	1.214201247	-1.094627811	-0.096042921	0.305319582	1.409349088	1.157989919	0.00292438	0.005011533	-0.500538916	1.13656345	-0.014480407	-0.319550339	0.198816468	1.595209556	0.704161005	2.270430324	0.836245246	0.772255796	1.473218042	-0.585079321	2.351758359	-3.031101333	-0.036214472	0.140934972	-0.092264452	0.34016593	2.477471601	1.727097347	2.222391838	1.496574766	-0.152208144	2.120537991	1.483041066	0.015892033	-0.820361195	1.776710035	1.551163936	1.062159213	1.626539192	0.508822959	2.235360168	0.156289379	0.418602838	0.027619665	1.331672923	1.545106146	-1.26031147	0.685649839	0.412305262	-1.275986873	1.736430071	-3.552081073	-0.205982857	-2.489968076	0.383251638	1.601450784	1.78784977	-0.980619311	0.903599381	-3.836879762	1.764014859	-0.307684698	-0.972658074	-2.063148606	0.795957153	0.804635445	-1.259985066	-1.692523701	3.283075936	1.078988731	0.535089502	-0.343659402	0.832093475	-0.002337328	-0.61839433	1.032013251	1.634139192	-2.404711331	-3.471092857	-1.428832516	-1.153632472	-0.122680996	-0.12115432	2.485814209	1.048738	0.404792148	-1.736938047	1.010275488	-0.856029972	1.108710558	-0.588102564	0.018915367	-0.927400672	0.867802514	-0.233552722	-2.319951855	-0.148497402	0.395220848	-0.559218858	-1.136399014	-0.585548374	1.231048849	-2.008788601	-0.811190161	-0.182706089	2.326943368	3.580023083	0.669884433	0.841810689	0.609943724	0.823993607	0.516276532
Triclosan-A [A]	-1.38726736	1.497547893	0.031458072	1.392449478	-3.010909416	-1.216657591	-0.196027247	-0.82499308	-0.324400497	-0.527422958	3.060381758	3.568620864	0.878128926	1.20224715	2.737757499	-0.053595057	0.375225568	-0.024431765	0.373742997	-0.290966032	-1.590261518	-2.470435128	-0.829097188	-0.045849814	-0.320129111	-1.66447242	0.550082904	2.502739303	-1.54406363	1.373663043	2.854344225	0.160874303	1.517547688	1.705082912	1.652279537	0.572055467	2.434976823	1.158118442	0.525773561	-0.22568567	2.994010945	-0.247114088	0.840620327	2.667479722	3.156369965	1.118945554	1.414454458	0.148023957	-0.60418173	2.228307389	0.151902166	-0.859011759	-0.946125656	-5.532520415	1.113894534	-0.187149644	1.121706351	0.45922085	-0.990089351	-0.136958285	0.353450328	2.538870554	1.010470928	-4.57740288	-4.463522324	1.52080008	-1.126331829	-1.820787	5.225888412	-2.103750844	-2.61746966	-2.45071012	0.039684646	1.155196305	5.791159127	-0.768059339	-1.089626936	-2.356913689	0.983649051	0.876621055	0.240526685	5.973018732	0.305773232	1.037709304	1.697486859	-0.158936345	0.89532362	0.316122657	1.090948273	0.036845143	1.180134656	-0.160570665	0.871322633	1.619937164	1.302331024	2.104069228	-0.719159481	0.61993783	-1.105450788	-2.772454255	2.166225197	0.8656612	-0.021812034	3.783441096	-0.419787678	-0.134067591	-0.695384286	2.389729135	1.565960494	0.097729928	4.421642322	0.039104706	2.83539475	-0.312850044	-1.444159578	2.171439173	0.188486546	2.291509335	0.949438177	0.599697144	0.861964451	2.907575924	-1.413740277	-0.861599641	1.599702322	-0.639572709	1.012451656	2.234338334	4.833977291	1.816200025	2.194499658	-0.097334863	-1.63229829	-1.21311163	-0.487938903	-1.118795673	-0.433049482	0.20998351	1.87463482	1.538956259	1.560042743	0.954643369	1.459045556	1.796533694	1.755229787	1.200097508	0.518231662	0.287602146	0.578753788	-0.978995537	3.003662251	3.430897864	0.577127396	-1.130746797	-2.711808555	-1.240788517	0.953740977	-2.874463126	1.952086189	0.462085913	1.94405338	-0.142804107	0.062185979	1.181598035	-1.7053342	-5.821673534	-0.346379951	-0.44595584	-0.752232174	-0.973357587	-0.582770629	-0.583902393	-0.276769279	1.47488599	-0.869858444	2.465250597	2.208176564	1.021312673	0.759375615	-1.233430963	0.740860025	-0.114970788	0.978369339	0.568678426	1.282244609	0.67333397	-1.173602799	1.550068278	-0.425745333	-0.125100562	-1.782413393	-1.329433578	-1.797838541	-2.186574696	0.344822963	-1.85922174	0.54518822	-0.57770529	-1.434984625	-2.299647343	-0.747285457	-0.908439457	0.438535538	-1.257944934	-0.702419953	-0.06810153	1.180789617	-0.609651776	0.356688504	-1.465007686	-0.655823735	0.03721513	-0.510916204	-1.421255907	-1.926623557	-0.70288643	-0.599788894	-1.622804441	0.108851591	0.46088015	-1.889356118	-1.547006069	-0.049882738	-1.928633692	0.408202636	-0.297057994	-0.529239202	-1.433915685	-1.839253747	0.268124346	0.321918748	0.359869355	1.027774463	0.774779962	-0.572268676	-0.696336263	0.289966044	-0.91935112	0.929831107	-1.976210094	-1.622220573	-0.837135193	-0.990597621	0.564938953	-2.001606921	-0.705396943	-0.512580322	1.60832143	-0.779875339	2.111510115	2.341593073	3.006004574	1.598930012	-1.023147626	-0.150767491	1.157751807	0.497818407	-0.792356455	-0.785623028	0.199470014	-1.953846512	1.36851732	0.808682276	-0.565568282	1.748686889	2.38178459	1.009252867	-1.03509395	-1.339419573	-0.086716514	0.179685182	0.985424858	0.938891895	-1.778369216	-1.759242902	-0.388328333	0.089982674	-0.45531329	1.045261921	-0.104543063	-0.738774671	0.49944021	1.608093732	1.649281711	0.010607144	1.631387059	-2.170040094	-0.887872247	0.357296165	0.19381032	-0.054846203	0.118008127	-0.194692033	0.133185214	1.103812011	0.401873996	0.783504932	0.451955628	2.088248643	0.012554589
Triclosan-B [B]	-1.465799025	2.636809166	0.049914056	2.76130895	-2.806011724	-1.874164876	0.255701619	-1.50827089	0.964907837	0.215741593	4.660810071	4.691859035	1.223115937	1.439826598	0.21303977	0.295846012	0.243884141	0.500535446	0.83474023	0.887740662	-1.835643766	-1.841667293	-1.612240906	0.455149107	-0.167847736	-2.693889729	0.249446274	3.389451629	-1.674792443	-0.075821636	0.159672067	-2.08169006	1.884523985	0.968894146	0.585858601	-0.436267783	0.980265632	-0.530670426	1.106157751	-0.735304439	1.45452768	-0.441000657	0.410022831	2.383468664	0.972659723	2.533457326	2.910097798	0.727608972	-0.125370007	3.687075425	0.643386003	0.212680302	-0.435547258	-5.052699921	1.291375113	1.635079062	1.736179952	-0.692661894	-0.57346014	1.354377925	0.757378575	1.939282781	2.223528544	-8.734574978	-7.330708202	0.565120591	-1.571022757	-1.182328632	7.519062161	-1.902480283	-2.012002016	-2.122156642	1.360276599	1.915668901	4.030114033	0.783333667	-1.609608845	-0.205849478	1.411106763	1.574822068	-0.94725596	4.856319247	0.506260436	1.451255773	2.246706862	1.114043009	1.740929876	-0.207527287	1.85112713	0.450880226	2.079267622	-0.481930599	1.31106485	2.60235158	2.736309509	3.69825055	-0.012447166	0.536261243	-0.550934798	-2.359455162	1.540869514	1.089576735	-0.054402975	5.095553583	0.243215866	-0.907720097	-0.52564295	2.450357853	2.091954743	0.035826197	4.108832563	-0.699466616	1.312975921	-0.606902716	-0.863595746	2.892760718	1.005376103	3.857400591	1.850247303	1.816424451	2.125547155	3.052510855	-1.414142408	0.546533144	1.339663422	0.136095867	0.864747094	-0.329768657	2.927161238	0.776304139	2.438991495	-0.757243763	-2.389012154	-2.732741901	-2.449433138	-1.706655097	-0.406350571	-0.395283794	1.841241758	1.120093219	2.404177364	-0.927468631	-0.606408185	0.800459938	-0.380562891	2.14694503	0.945094817	-0.199947061	-0.372969551	-0.755927194	0.682401332	3.118243212	0.275548755	-1.014935687	-3.022763121	-1.353259495	1.586405996	-3.361430559	1.155402839	-0.52860913	3.852092755	0.332685174	-0.298981353	2.042838936	-3.273900416	-5.959318456	-0.566232856	-0.839629286	-0.970581083	-1.525719723	-0.582700058	-0.378309512	-0.506548512	1.957333941	-0.681859366	1.361363008	2.705758457	0.737664348	3.819605066	-0.854121841	0.665450931	0.214473346	-2.153197347	1.882493684	0.845432024	2.191706828	-1.645386397	0.960095553	0.865977022	0.115697891	-1.367744812	-0.924917132	-0.846516137	-1.045262899	-0.435588062	-2.341925451	0.644105317	-1.516606358	-1.298065404	-2.733876985	-0.700549416	-0.710442927	1.101641324	-1.011992712	-0.986880024	-0.01148081	0.600106008	-0.246012345	-0.370830389	-1.797601476	-0.37203707	1.666232617	-0.449778075	-0.861046807	-1.55711352	-0.049951705	0.062995561	-0.924603026	0.400951802	0.390057797	-0.617504578	-1.018894388	-0.481985072	-0.560016809	1.057743792	0.264918159	-1.576253007	-1.151664627	-1.470073068	0.19696601	0.781587067	0.640027937	0.631526498	1.108844762	-0.842523961	-1.300883517	-0.211002825	-1.349043581	0.292139687	-0.548123449	-0.335944191	0.474003175	-0.151849469	-0.364868962	-2.297313165	-0.670465312	-0.663263546	1.732161779	0.658143611	1.13988341	0.684780149	4.296347409	0.762573177	-0.696154946	-0.083421613	1.293988696	1.738038818	-0.544753063	-0.745715945	0.097586232	-1.434936186	1.136477419	3.131411707	-0.196673625	2.031346176	2.716163693	1.122469978	-0.527442551	-0.652210527	0.921756797	0.789524043	2.958142069	0.031677028	-4.341190639	-1.784647241	-0.225403613	-0.498695007	0.053648947	0.417767729	0.291996279	-0.644463394	0.646912909	0.88035597	1.082091981	0.66350242	0.94876175	-3.511819954	-0.073994724	-0.539298996	0.237266137	-0.298554591	-0.146426962	-0.060476392	0.125453195	2.579425539	0.306146787	0.47367926	0.324421666	2.351148656	0.43458727
Triclosan-C [C]	-2.018766767	4.674384707	0.145020355	3.757875257	-3.456438377	-2.205537493	0.320709681	-2.381144743	2.379930113	0.031006211	4.705897934	6.225069867	1.824490463	2.550363456	-2.270391216	2.515722488	-0.313709452	-0.221059288	-0.656800736	2.029607081	-0.927499964	-2.121161056	-2.962931891	-0.301692985	-0.735520974	-3.632358665	1.323661732	4.440962704	-0.792938742	-0.635901923	-0.511553118	-2.210346501	3.059708773	0.982883267	-1.205493821	-2.20509589	-0.429639716	-2.264053333	1.839474517	-0.895366001	0.172168388	-0.26278739	-1.490624074	1.199784527	-2.385550682	3.674207049	5.649864215	0.816820125	-0.795204593	7.206120389	1.611901862	-2.106992696	-0.582688862	-4.780954545	2.384997543	3.348838343	2.061805825	-0.282966932	-0.180640634	0.99388534	0.419889041	3.147558992	1.016566293	-7.172523257	-7.076463199	-0.338515108	-4.16474484	-1.246250032	7.345709801	-1.804459351	-0.76048043	-1.51512765	1.729702775	2.253229246	1.711888591	2.599945637	-1.434713449	-0.080825355	2.549058778	3.354223528	-1.276662129	4.220117226	0.93842257	0.866958445	3.716920811	1.393589759	2.814395886	-0.114866067	3.186522049	1.517951162	4.298171073	-1.465639773	3.813150647	5.218730685	4.844121406	7.063747902	0.849594578	2.135864891	-2.107065399	-2.665629501	1.364335621	3.125640666	-1.222097758	8.740209605	-0.580180215	-0.570543398	-1.295469005	4.00262214	2.840729439	-2.171046832	4.501741338	-0.052180998	-0.754753329	0.141761946	-1.391279733	3.508174093	1.20966883	7.714039217	2.782086452	4.40737473	4.501959836	4.129943843	-1.030201113	-0.047594983	2.926409387	0.513124212	0.299015586	-1.731781908	3.6693115	1.538966215	3.336591839	-1.857548028	-2.862991834	-2.702030982	-3.192156339	-1.469799813	-0.919672499	-1.16440247	2.4955813	0.341936404	2.454567549	-2.712214899	-2.832757005	1.452295688	-1.675273267	4.328620593	0.770986108	-0.121600876	-0.28021029	-1.872810221	-0.568887065	3.919012571	-0.023000632	-1.227576331	-2.697373178	-0.720483925	1.22779528	-3.790289339	-0.884222164	-0.687534325	3.438272766	1.123463816	0.682154307	4.123497933	-4.932240272	-4.024655705	-0.970028058	-0.564753062	-1.197776308	-1.505413882	-0.423970125	-0.185345126	-1.665834994	3.446342598	-1.222038238	0.836679516	3.720175611	0.059748918	5.528116084	-0.580139516	-0.132320624	1.067001018	-3.710355141	1.719523045	-1.169332446	2.937885451	-2.138824923	0.123148334	1.321571807	-1.303778254	-1.518373782	-0.07094405	-0.843818195	-0.786209751	1.11973519	-3.645298386	1.839867085	-1.378180065	-2.171647142	-3.525753089	-2.363036672	0.635350251	1.238241756	-0.320961122	-3.381812871	0.560724925	-0.490907356	-1.010143543	-0.699370499	-2.040523333	-0.951168368	2.841127034	0.511721199	-0.451250838	-1.490841633	1.012754286	0.484047253	0.553709322	-0.630206474	1.353205313	-0.120646238	-2.873938309	-0.427031208	0.299911538	0.208230182	0.819619549	-0.587589634	0.047189461	-3.350576799	-1.211046847	1.021392693	2.93779092	1.449577213	-0.335198982	0.487549778	-0.013685775	-0.862888822	-1.841472992	1.538503119	0.110136937	-1.895219293	1.837883548	1.06798438	-1.142087689	-3.116150424	-1.728689365	-1.361840874	2.590682814	1.786618003	-1.622877898	0.011430131	4.562754156	-0.33867781	-0.166059363	0.076277484	0.394537464	2.514537301	1.363017554	-0.340224783	-1.044774885	-1.635414622	0.689612239	3.316812918	-0.558142263	3.425729718	2.821224149	1.168150539	-0.80665642	-1.155862165	0.595256455	-0.473601172	5.441911957	-3.492837657	-5.690922219	-1.153528673	0.615946526	-0.926307207	-2.098178132	0.486644804	-0.393235577	-1.592888048	-0.763803998	0.506828944	1.309537623	1.205128135	0.487038242	-4.210526808	1.079760784	0.157488799	-1.080817548	-0.821035515	-1.347062355	-0.165893668	-0.123681207	4.977328038	-0.570549227	-0.173503148	-2.078266125	4.237584443	-0.764027696
Trimethoprim-A [A]	-1.903600914	-2.543020017	-0.736051266	-4.058902015	0.247287075	0.387887185	-0.041719954	0.239455819	0.137589191	0.924631803	0.710863573	0.584167322	-0.135260102	0.925805459	0.709827931	0.754091851	0.251022725	1.139680993	-0.470710558	0.534705908	0.07730956	-0.086271852	0.15851589	0.018710599	-0.04305013	1.514150292	1.422577031	1.644224084	1.213322931	1.216812177	-0.402156248	1.532135281	0.120069556	-4.826660597	0.573090561	1.446444348	-0.610791012	0.818253458	-0.37946319	0.332657745	0.872751349	-0.250193645	0.665740513	1.493307416	0.630282357	-2.08978088	-1.393481548	-0.783868354	-0.374208636	1.140625142	-0.244338981	-1.506418149	-0.057707465	-0.174141361	-0.53894359	-0.812061404	-0.755072495	-1.556444995	-1.020256723	-2.948009405	-0.808917053	0.248177584	4.171615113	4.94071856	3.873604421	0.3377616	0.605846391	-0.495771945	0.57809311	0.698239863	-0.103621217	0.468747181	-0.093496028	-1.140264428	0.133356849	0.015646707	0.993425121	0.469197568	0.937530856	0.497145399	0.680133568	-2.719483972	-0.166790753	0.171202927	0.976748993	0.808527232	0.110569777	0.012035151	-1.219069349	-0.409250665	-1.804680366	0.041671531	-1.021971306	-2.269644866	-1.466363503	-0.748372921	-0.273949758	0.806385266	0.809456056	-0.297062987	0.754155619	1.139130395	0.236980364	0.115337559	-1.362778248	-0.871054914	1.001237104	0.825615083	-0.835438074	-0.435767593	-0.813212403	1.641276383	0.627906553	0.750490818	-0.075720679	-0.184425729	0.08249602	-1.112401713	-0.454216492	-0.616724883	-0.931297201	0.937314224	0.982201136	-0.437342519	0.101421019	0.358151203	0.662689005	-0.72592803	-0.608130676	-0.631076615	-0.697062264	-0.950075503	0.666142357	-0.399367094	-0.391429517	-0.310013118	0.289145016	-0.406385002	0.804834077	-1.029035419	0.953988212	1.486547188	1.019686951	0.724592163	0.840196423	0.793033504	-0.025283672	0.354575065	0.488723491	1.533389776	-0.177560345	0.374961517	-1.327695919	-0.322133771	0.493983598	0.220102833	0.788102583	2.719408487	0.838718347	0.12224104	-0.085017681	-0.051451308	0.708378659	1.230544728	0.007392418	-0.303276836	0.028927526	0.043682158	-0.036204752	-1.322076017	-0.183131897	-0.366737304	0.546592395	-1.090865343	-0.581527764	0.762475391	0.616604556	-0.016737697	0.12006049	-0.461418726	0.248345191	0.035784689	1.61875145	-0.151769271	0.484736028	-0.908328421	0.705086235	-0.175574074	-0.021076377	0.016270255	-0.126022849	-0.3268109	-1.210660766	-0.261333279	0.374304626	-0.537607373	-1.232038386	-1.126862535	-1.384147809	-0.656192565	0.020040564	-1.950577279	-1.42588815	-1.072956745	-0.440067362	-2.212872472	0.8223783	0.34477204	1.427732152	2.1552314	2.551377499	-1.1276901	-0.633958908	-1.594377928	-0.585067604	-1.518338587	-0.735990944	-1.681055101	-0.044904321	-1.247719188	-1.962394947	1.001871992	-0.252984119	-1.146700175	-1.256358603	-2.915855137	0.097514963	-0.358296723	-0.495931127	-0.101958362	-0.178427765	0.131126385	0.142462416	-0.570822353	0.71128769	-0.206442346	-0.31068668	-0.068518737	0.143112314	0.032943168	-0.793002468	0.100285603	0.137188824	-1.257523566	-3.027902191	-0.810488454	0.145946865	1.143701839	-0.620781466	0.541182484	-2.266115303	-0.22306211	0.422069369	0.070287636	-0.603543032	0.023403342	-0.692256854	-0.051962767	0.076315914	0.405621092	1.66578376	0.781918361	0.630185091	0.409250282	0.228786731	0.389393217	1.090528419	-0.462513302	-0.40383928	-0.394061023	-0.26470493	-0.166043481	2.155202815	2.997094851	0.196532182	0.004566994	-0.363689065	-0.096714127	-1.335063997	0.26132591	0.786427408	-0.875172115	-1.530858287	-1.01389365	-0.876230089	-1.829150833	-0.329022348	-0.883356055	-1.56497881	-0.700955953	0.519214128	0.43449515	-0.068671003	-0.645290453	-2.259890765	-0.183148057	-0.18388507	0.455476318	1.007592376	-0.271728927
Trimethoprim-B [B]	-0.549787816	-1.231002434	-0.071907194	-2.653443803	0.065311014	0.808974038	-0.466078742	0.840664249	-0.145855095	1.199040921	0.711633255	0.372359	0.377792498	0.342323366	-1.158949689	0.804987867	0.362221295	-0.082247522	-0.157167487	0.15561298	-0.064425572	-0.04773817	0.040437435	0.08365062	-0.016072663	0.941796749	0.206713309	0.652856825	1.811646345	0.185886634	-1.593091961	0.493353415	0.809998898	-6.365404342	0.974497364	1.578755534	0.110143702	0.480749515	-0.129764083	0.651773669	0.771165231	0.446665103	1.009809707	0.103733533	0.536858718	-1.005387314	-1.105340075	-0.861525039	-0.195817188	0.62559207	0.280156136	-0.704984635	0.528649944	-0.100907043	-0.052189124	-1.16126744	-1.197744484	-2.665854174	-0.557502823	-4.784118209	-1.644237676	1.176041903	2.52476646	2.020515982	1.944703701	0.743734641	0.39119747	-0.156215522	0.101413172	0.117609809	0.884110897	0.560089214	-0.388387606	-0.875230483	-0.571040478	-0.169501348	1.229470748	1.015525099	0.87745303	0.533874064	0.579174291	-2.602024355	-0.076557611	-0.110936588	0.469389138	-0.219874908	-0.016348309	-0.178830467	-1.348076441	-0.215735797	-0.392928647	0.152878181	-0.91655897	-0.900402639	-0.09246299	0.376906423	0.353100417	1.206892696	0.280815286	0.042958328	0.616094675	0.517489759	-0.608619589	0.019006357	-1.608099335	-0.598357396	-0.299078731	-0.284446876	-0.483400779	-0.44943313	-0.423843613	0.808875532	0.60733732	0.146752419	-0.294459805	0.210379371	0.314961159	-1.012978028	0.020290903	-0.399872521	-0.569989933	0.577312064	0.858907016	0.046138533	0.630583116	0.917393252	0.034028385	-2.80838277	-1.802709225	-0.477745079	-0.928067808	-0.218685611	0.492193125	0.218371231	-0.030582041	-0.639502543	0.701819565	-0.497030522	-0.411789933	-1.22172388	-0.186866078	-0.707205522	0.579063959	0.649346977	0.307341532	0.355992926	0.404613772	0.600717673	-0.104539364	0.752458123	-0.322884194	0.105997981	-1.33580756	-0.273746722	0.599082709	0.490080203	1.198215924	0.965366151	0.759283752	-0.128302063	0.271202695	-0.804451011	0.856765154	1.292793032	1.0214159	-0.017438307	-0.287801822	-0.20854614	-0.535040277	-1.095149247	-0.053406279	-0.785631067	0.283866252	-0.924551408	-0.557923812	-0.079821674	0.115638486	0.103410173	0.175912349	-1.109608335	-0.083785842	-0.01417032	0.795002439	-0.020221865	0.392409545	-0.830718016	0.917828777	-0.476593823	-0.031822464	-0.327495243	0.201076422	-0.05670236	-0.181054321	-0.221124962	0.129708903	0.535455366	-1.520366617	-0.901988009	-1.53961281	-1.333734301	-0.26312336	-1.628461876	-1.41222589	-0.867773077	0.250086488	-1.799938498	0.236248938	-0.222457212	0.46123039	1.986974385	2.542082667	-0.05778432	-0.813782302	-0.78367597	-0.312412184	-0.999614018	-0.960553075	-1.142116717	-0.028200614	-1.713708178	-1.426359126	1.246099356	0.335532518	-0.566995374	-0.245662382	-1.456990422	-0.058868352	-0.001958493	-0.937174703	-0.185901221	0.520791363	0.218497423	0.419665738	-0.896640113	0.970719236	-0.402630036	-0.053739754	0.439116019	-0.306379859	0.767823482	-0.627020237	-0.678191028	-0.828107192	-2.14073324	-2.003457712	-1.386823045	0.165423969	1.171806687	-0.188582843	0.57852787	-2.608527568	0.330278325	-0.313934552	0.420223181	0.677942536	0.167957045	-0.410005318	-0.221689322	0.605922646	0.126582308	0.749240261	-0.487733905	0.243240354	0.581110261	0.584032187	0.342301413	0.401301696	-0.481777182	0.356006459	0.250895953	-0.122014105	-0.106537918	2.005970429	1.114540496	-0.061403991	-0.224152414	-0.418356472	0.256878327	-0.597199202	-0.082278836	-0.517287562	-1.574731502	-1.018028654	-1.461793598	-0.256628404	-1.140470945	-0.409474794	-0.016456294	-1.457343211	-0.101519188	-0.731908639	-0.009938112	0.435331895	-0.64092476	-1.419181102	0.280593731	-0.211138666	0.156060201	0.631399243	-0.050517072
Trimethoprim-C [C]	-1.323059902	-2.517849377	0.176123867	-1.807284658	0.578933816	0.078013156	-0.515393553	0.719189834	0.146293318	0.477645736	-0.7661411	-0.243960383	0.12205121	-0.657468297	1.765131934	0.91348547	-0.22295209	0.215309292	0.118852499	0.420463179	-0.047582396	-0.204243475	-0.420532488	0.101458955	-0.295337692	0.929777104	0.987153772	0.495548536	1.621644219	0.539906583	1.22061634	2.423271147	-0.121541371	-7.070701037	0.908611286	2.177365107	0.689820746	1.38358332	0.210785356	0.397257755	1.557586142	-1.142433917	0.79256979	0.967861924	1.934032594	-1.311509395	-1.900032837	-1.465230799	-0.127624618	0.518925211	0.596741138	-0.922150182	-0.138189421	-0.13777096	-0.820363519	-1.745166706	-2.684410055	-4.630670045	-1.657937788	-6.499195695	-2.776279619	0.201058984	1.193301618	5.496857408	3.78229949	0.615497479	1.520349751	-0.309537027	0.923647224	0.871634045	0.645345872	0.518121549	-0.135173188	-1.033913114	-1.254804677	-0.290706156	0.73500447	0.462322113	0.298368386	0.794986206	0.448617555	-2.607093197	0.083552156	-0.597949971	-0.063911254	0.821661998	-0.272916464	-0.227322631	-0.225188029	-1.158018234	-1.327802332	0.446709532	-0.269266196	-2.152998541	-2.184334818	-0.41125863	-0.091449503	0.970096163	0.541370698	-0.807319121	0.889666658	0.332309279	-0.026976958	-0.033541469	0.925867907	-1.254226355	0.279969234	0.299628428	-1.353795865	-0.30471566	-1.463270455	0.866261214	0.655798822	0.063926097	1.36150822	-1.554621259	-0.01860668	-1.214085726	0.00790953	-0.46822258	-1.178211239	-0.039347862	1.144379257	0.04561799	0.146803436	-0.202456861	0.112602348	-0.366366564	0.560445559	-0.985149706	-1.86013778	-0.645706354	-0.012294568	-0.21208223	0.264011101	-0.489406843	0.084643486	-0.60558204	-0.030324133	1.625451755	1.646527698	0.330266509	1.227821176	1.039791813	0.848189355	-0.151506751	-0.18795778	0.425111513	1.458969432	0.352026977	1.386369915	0.43260513	-1.722913012	-1.497251258	1.478549578	0.514245847	0.808295017	3.142119516	0.523125615	0.326481036	0.028647869	-0.788071516	0.581896875	0.038621778	0.155634301	-0.346144099	1.207956869	0.280192332	-0.40467961	-0.530646839	-0.478684842	-0.873774805	0.896578035	-0.118674098	-0.441412768	-0.119771877	0.876397047	-0.28807448	0.215028364	-0.932363671	-0.156964157	0.262091447	0.39171198	-0.397703383	0.677769847	1.154150714	0.347563641	-0.587113891	-0.628755	-0.141974477	0.471398607	0.011423789	-0.499154793	-0.063246148	0.727508019	0.395199879	-0.599340924	-0.666670612	0.011010317	1.065196632	0.280430191	-0.701105393	-1.563180586	-1.41760613	1.442764251	-1.631217592	0.645297803	0.13980439	2.275540791	1.652698629	2.258032716	-1.059522979	1.058084206	-0.789204464	-0.319730021	-0.952470667	-0.403923942	-0.662183364	0.719077256	-0.697790016	-1.026717573	0.247582867	-0.222296769	-0.495851998	-0.618625687	-1.80068095	-0.103280504	-0.201215265	1.347667778	0.006039917	0.047861977	-0.459955268	-0.736549696	-0.084823766	0.448402386	-0.155304098	0.099254848	0.881663644	-0.594056438	0.625326294	-1.138067384	-0.566470107	-1.510444171	-3.613625747	-1.785262244	1.930348203	-0.221395298	-0.671856074	0.007751059	0.490813238	-1.322883039	-0.510503808	0.158567616	0.103029039	0.287031661	-0.208626146	-0.591710208	-0.496303958	0.026131635	0.477948122	0.404898133	-0.363013637	0.026276111	0.552258527	0.343055964	0.276062652	0.940903893	-0.352104295	-0.045037649	-0.377584249	-0.192029787	-0.512904977	3.204267262	2.813960419	0.598696267	-0.221476022	-0.369182112	-0.391522148	-0.283131543	0.272195404	0.477998679	-1.196428722	-1.631348916	-1.061384663	-1.488689395	-1.695296176	0.054240236	-1.595564457	-1.133724686	-0.773973743	0.333782171	0.942698968	-0.362098762	-0.966506562	-2.925674103	0.138547657	0.003053808	0.235734774	0.387002323	-0.099695136
Trimethoprim-D [D]	-0.364534618	-0.94283778	0.395908274	-0.748919513	1.391606891	0.891344311	0.266321982	-0.007092822	-0.30940899	0.727855582	-1.573764711	0.1424966	-0.38139477	0.509117367	0.647351945	0.067453889	0.306222513	0.707328166	0.978172561	0.813313912	0.398534813	-0.15805493	0.405548371	0.414212377	0.033946771	2.050895372	0.462265154	0.450450269	1.610907115	0.992709275	0.341180632	0.76755161	0.782520649	-7.266032027	-0.15149095	1.445279156	1.002287061	1.546171264	0.368852735	0.849488095	1.130994415	-1.095284099	0.635660095	0.64604034	0.984208418	-1.09329432	-0.97895496	-1.487636063	-0.320105856	0.956362518	-0.16144464	0.309444612	0.340172546	0.326898202	-1.027442091	-1.326230116	-3.182876085	-6.118961671	-2.539121982	-7.540353519	-3.181935395	0.612563854	-1.172214182	2.214467777	1.644891604	0.380498487	1.167125937	-0.806850637	1.449901558	0.055523955	-0.329988228	1.293503772	-0.584161231	1.082973234	0.331316671	0.553357453	0.734111818	0.14592538	0.593707139	0.033140218	-0.109508677	-2.784605568	0.381374149	0.322041989	0.018383088	1.73432831	0.670147871	0.35668703	-0.274360438	-0.554190653	-0.54707083	0.011880512	-0.702174032	-0.60568982	-1.216101071	0.188806194	0.186284883	0.515399159	-0.358447084	-0.683136895	0.332351323	-0.345784588	0.230093978	0.260229291	0.525015819	-0.132933304	0.538093813	0.147035207	0.180144438	-0.084868236	-0.796932742	0.310264187	1.179033219	-0.162570225	0.208862226	0.120529246	0.363958406	-1.317486569	-0.181050741	-0.803488463	-0.556983839	0.816043241	0.684469334	-0.308916264	0.294961143	-0.529425241	0.331407416	-1.075258174	2.097705117	-0.177923736	-1.002460454	-0.508661162	-0.130551876	-0.038194084	-0.23730439	-0.277718172	0.293162341	-0.56164078	0.812724403	-0.255988274	0.649732633	0.250697899	0.675359456	0.590053936	0.975709491	0.180756224	0.251149087	0.6128369	1.36657084	0.713550299	0.603056366	0.862090389	-1.278980836	-0.392112296	1.290783857	0.432420461	0.552681753	1.367227242	0.859040377	-0.512495719	0.61736463	0.676409308	0.370403313	-0.190549884	-0.205735744	-0.113236152	0.147556053	0.412043043	-0.564849887	-0.668927454	0.0230799	-1.037776767	0.806594649	-0.189470418	0.430173733	-0.486912912	0.905594259	-0.11594886	-0.162865474	-0.919709615	0.510375461	-0.073458622	1.667014618	0.19565511	0.664784578	1.440021274	0.430228541	-0.393877358	-0.466878764	-0.091444217	-0.084662775	0.031264736	-0.013752982	-0.531860002	0.855268903	0.457637007	-1.268816583	-0.459493052	-0.117901425	-0.020387444	0.053860157	-1.251816625	-1.806919903	-1.045434191	0.900991077	-1.128846775	1.383327447	-0.254042218	1.345595414	1.682641307	2.086027026	-0.154061888	0.302102632	-0.919248938	-0.891055912	-0.4077421	-0.309757423	-0.468394731	0.724481413	-1.334812308	-0.25235405	-0.524518684	0.010656008	-1.025002605	-0.449575133	-1.705237296	0.213504043	0.274254879	0.729282472	0.722379437	-0.072902409	-0.031498103	-0.263430245	-0.568004227	0.135731075	-0.457165326	0.598757637	0.707768919	-1.186608131	1.081575986	-0.016315701	-0.312645847	-0.571184998	-4.666116416	-2.049252791	0.248989251	0.765608425	0.655746873	0.660960768	0.663666832	-1.022318504	-0.004865293	-0.001920121	0.152374573	0.539883993	0.426083121	-0.627070392	0.490894968	0.364178129	0.458769353	0.430315146	0.414923084	0.878108509	1.105566281	-1.191542935	0.330929853	1.18465086	-0.653488241	-0.370312845	-0.054256408	-0.238712585	-0.60755206	2.61293734	2.92033835	0.088626819	0.361913918	0.187518625	0.295145284	-0.488452137	0.500704476	0.366814836	-0.980173616	-1.059521552	-0.847871342	-1.002724795	-0.235699111	0.25324141	-1.032916126	-1.013673553	0.32187452	0.313692713	0.536719125	-0.212296415	-0.627397905	-1.205936827	0.188142876	0.708680488	0.457028862	-0.154294896	0.315811102
Trimethoprim-E [E]	-0.458680453	-1.848879138	-0.320232326	-1.917987882	0.410198421	0.125925907	-0.037463223	0.820239392	0.296321904	0.190652345	-1.305711315	-0.362627002	-0.263838133	-0.729884815	0.552538633	0.663407605	0.576693654	-0.039200749	1.052640692	0.346606295	-0.308061223	-0.090515401	-0.110577355	0.111007933	-0.29044924	2.151058663	-0.041883932	0.661292399	0.913965672	0.472054159	1.803232379	1.390479464	0.065715107	-7.739510618	0.621133971	1.778284369	1.021782633	2.064603741	0.460773993	0.494162369	2.117198995	-1.570443172	0.756748428	0.546460597	1.764837602	-0.429406657	-0.962645427	-1.217116635	-0.105399059	0.668524822	-0.372863519	-0.665986644	-0.599706172	0.248130647	-1.682075683	-1.857790153	-4.69692583	-7.450524726	-2.898524051	-8.535803293	-4.836981479	0.09101691	-1.614417858	4.021246389	0.065227899	1.316046881	1.468129314	-0.111786763	0.146451285	0.457531064	0.099558165	0.352689177	0.728434588	-0.050130201	2.330400364	0.039535356	0.702524106	0.08306038	-0.046467314	0.206383505	0.417805729	-2.291100128	0.514248398	0.880448079	0.34022199	0.801418282	0.604235954	-0.538180133	-0.059869359	-0.789561765	-0.734764831	0.287411841	0.48462301	-0.939318586	-0.89212737	-0.973307297	-0.038894282	0.763140943	-0.433363966	-0.876157211	0.689909576	0.049356912	0.135351421	-0.043740863	0.167713491	-0.554081112	-0.48938886	0.283626166	-0.667705196	-0.400121021	-1.091258553	0.07993946	0.340951692	0.383915966	2.380298589	-1.1684189	0.804524713	-0.441565295	0.303827041	-0.249628544	0.097113559	0.111913862	0.720949405	0.467163826	-0.467734516	0.283087845	0.432134717	-1.688407677	-0.325872035	-1.523067323	-2.069022446	-0.112019697	-0.017174262	0.111749635	0.500536703	-0.378751627	0.069417632	-0.181568296	0.012066228	0.472794986	1.398486166	-0.545509779	-0.146256364	0.424991195	0.649340922	-0.072413648	-0.351503463	0.637380058	1.908924743	0.685399438	1.976010637	0.690455086	-2.067435234	-0.700466908	1.412306484	0.295889082	0.818855996	1.337647912	0.867106293	0.168640032	0.016196215	-1.069516563	-0.340662141	0.070961474	-0.638660683	0.476597109	1.39589755	0.25559415	-0.194341136	-0.182923134	-0.475242695	-1.298552759	0.4434002	-0.874512661	-0.359482185	-0.656217614	1.799626105	0.108252202	0.613929832	-0.050976243	0.354228694	0.259601267	0.016301103	-0.461715045	0.504312424	1.160606223	-0.060581532	-0.210787301	-0.78244551	0.047618773	0.3070274	-0.175545493	-0.211366298	0.554503578	0.561265233	0.535364123	0.409273202	-0.017597867	1.540655466	1.746603791	0.040520373	0.45681043	-0.888402961	-1.007668161	-0.720289934	-0.483188573	-0.148126051	-0.047131982	2.395638838	1.105338685	1.490831884	-1.386419805	1.363571447	-1.363714684	0.155566853	-0.186217049	-0.060052956	-0.527802893	0.166291616	0.440724345	-0.49361864	0.424477714	0.010802142	0.271631489	0.050290383	-0.804430252	0.006629723	0.104985911	1.043642687	0.212181892	-0.195222097	-0.53151269	0.243033508	1.012667919	0.433296876	-0.182840777	-0.372076291	0.520820787	-0.594851513	-0.229039773	-1.604061243	-1.644057028	-1.710206046	-6.214482161	-0.168607438	0.651165382	0.003718488	1.298300227	0.377618154	1.430674461	0.846492975	-0.031511399	0.026108286	0.265011168	0.102663038	-0.408047601	-0.758678806	0.064052486	0.631262495	0.437274457	0.555155787	-0.179278107	-0.414577397	1.807060149	-0.79317429	0.231730958	1.106227853	-0.493267311	-0.306813983	-0.23877039	-0.525682766	-0.736251028	2.480972695	3.029083068	0.570256478	-0.019889969	-0.090090448	-0.002850128	-0.714694634	0.147138629	0.405884758	-1.039867564	-1.799079322	-1.83392424	-1.099155829	-1.912545053	0.390350115	-2.76545063	-0.4281067	-0.801750978	0.669422053	0.393332204	-0.415268559	-0.704025381	-2.17899966	0.039275798	-0.177168019	0.346050389	0.424565382	0.007106856
Trimethoprim-F [F]	0.343991525	-1.133137558	0.082599319	-1.044531032	0.246768729	-0.333562691	-0.253107474	0.171981518	0.80377997	0.333655018	-1.241838932	-0.098509356	0.145323814	-0.660810284	0.845914383	0.748264853	0.101031193	0.195144711	0.327831918	0.278957514	-0.113716353	0.004214146	-0.233745998	0.235362543	-0.451742026	2.514783639	-0.939834766	0.810275083	0.453861443	0.036910111	-0.417879111	-1.451596606	0.116289587	-8.004752049	1.091815894	0.978953511	1.021791077	2.298214104	0.69806916	0.634935793	1.574976179	-2.333876706	0.552037787	0.93447602	0.960470623	-0.724650577	-0.243404546	-0.685376552	-0.415087353	-0.169300837	-0.697456666	0.180687656	-0.561344103	0.260610868	-1.82622926	-1.885384511	-6.345613122	-8.143250752	-4.177839672	-9.766478281	-6.368214469	0.775485269	-6.542631565	1.86508423	-1.986698143	1.399762565	1.606751363	-0.638275795	0.529586795	-0.084870114	-0.286665866	0.26955922	0.221863889	0.261023295	2.336947375	0.078316759	1.081003513	-0.417728157	0.352595732	0.485836634	0.32623094	-1.604517924	0.076663361	0.083337966	-0.026355279	0.868426194	0.819387651	-0.817337466	-0.234254456	-0.441407506	0.285490262	-0.127381242	0.087410191	-0.069436435	-0.281722511	-0.55628933	-0.709283802	1.089283554	-1.173022182	-2.509340657	0.961605557	-0.652881294	0.025133085	0.928336171	0.220014017	0.208711816	-0.3346557	0.844905248	0.310113421	-0.561838102	-0.477834418	-0.275129408	0.382683371	0.637116094	0.769473191	-0.48540626	0.70377719	-0.841573462	0.230968873	-0.239608546	-0.14753524	0.182630811	0.583495819	-0.575020443	-0.015751703	0.17478297	0.338181554	-4.161826865	1.657916275	-0.945687676	-1.412676716	-0.476093596	-0.062965534	-0.309597356	-0.128685176	-0.518511432	0.11547895	-0.767198435	0.219789705	0.290492855	0.259787876	-2.171847384	-0.817817428	-0.085430558	0.180590662	0.272095512	-0.152345188	0.564088824	1.132331821	0.305128608	1.320287929	1.865471264	-2.388087257	-0.544872639	1.364687361	0.430245101	0.617110659	1.384020293	0.510941886	0.145131215	-0.075338076	-1.403614057	-0.167231193	0.417858243	0.056921843	0.277719977	0.833640467	0.238953695	-0.593223206	-0.926567186	0.196647074	-0.877643221	0.030691781	-1.401780647	-0.568184375	-0.495939861	1.392418748	0.273422145	-0.541131597	-0.22697433	0.263635824	0.244614484	0.749004269	-0.215709347	0.063996611	1.926402443	0.361928939	0.088150481	-0.543185631	-0.197801754	0.034586583	0.041425955	-0.256846325	-0.449071134	0.923870895	0.907400965	-0.100714702	-0.46428546	1.266249555	0.633093848	0.063793284	-0.832258814	-1.549249345	-1.671488475	-0.88155287	-0.844257629	-0.058793693	0.07537796	1.514981553	1.637901127	2.842361067	-2.112260258	1.062048494	-2.531976735	-0.46561229	-0.9415877	-0.560337646	-0.772613952	0.019772089	-1.21320286	-1.570602547	0.007865724	0.035994846	-0.131549031	-0.69126984	-1.613241718	-0.315899231	-0.228905071	0.965037007	0.51269389	0.827379114	-0.297480665	0.62048942	0.746158168	0.333605919	-0.673388684	-0.227485547	0.748406289	-1.508635607	0.179369665	-0.680378096	-1.14816395	-1.570537274	-7.991840695	0.549209801	-0.494806213	0.026050204	0.958923836	-0.285561309	0.695719186	0.352389871	0.825575744	-0.794702241	-0.283374192	-0.235355053	0.191168698	-1.168230938	-0.158726345	-0.026787963	0.596227713	0.884907848	-0.311246065	0.090172178	1.048774726	-1.948192554	0.155301642	1.124304726	-0.505735971	-0.06691438	-0.479217468	-0.530761157	-0.027488242	2.019527511	1.930244051	0.459414105	0.153412574	-0.058699685	-0.319707251	-1.030748023	0.617744324	0.141418364	-0.995137913	-0.39615551	-0.743033163	-0.704836924	-0.348241138	-0.422881176	-2.920799748	-0.189172604	-0.525324786	-0.198191091	0.052702323	-0.388394833	-0.95400263	-1.174302028	-0.242085093	0.384081454	0.032319218	-0.226328039	-0.461738433
Trimethoprim-G [G]	-1.23106745	-0.522794789	-0.762627767	0.024717396	0.564094904	-0.185946676	-0.499619491	0.540172713	0.621909782	0.844710345	-0.667617844	-0.192138803	0.390981067	-1.301301818	0.141838509	1.441355346	-0.133536494	0.132108361	0.539768195	0.598424487	-0.44782666	0.632134838	0.402566521	0.300494268	-0.103081206	1.531196885	-2.003638804	0.611522052	0.944514464	-0.807622499	-0.940522012	-1.47833003	-1.668938396	-9.762094914	0.60428906	1.198603186	2.115011249	2.615749627	0.972075025	1.191636719	1.929307588	-3.597184822	1.797540798	0.427526883	0.439219714	0.044345502	0.100420608	-0.861224786	-0.031057138	-0.872855809	-0.925427038	-0.124907986	-1.320775087	0.849045316	-2.116430287	-2.218408133	-7.311507602	-10.00152506	-4.353999673	-11.23448163	-7.789053414	1.969571952	-6.552076498	0.351339817	-4.906984086	1.913643876	1.999441513	-0.7466406	0.371247317	0.415491454	0.395843554	0.049449525	1.20633323	-0.296375956	1.95661543	-1.076776304	0.899833416	0.050375903	1.039395751	0.573470375	0.822244177	-1.469242199	0.15005495	0.289910227	0.473811288	0.26213731	0.981590293	-1.062222338	-0.206402593	0.029818875	-0.323522417	-0.057085982	0.904355992	0.389413461	-0.284557586	-0.764557554	-0.737202756	1.05346872	-2.261267439	-4.59643195	1.018855853	-0.048745459	-0.016323528	1.641784509	-1.478288658	1.363917518	-1.136534783	1.167799201	0.997305537	-0.692011051	-0.254263678	-0.659513933	-0.180770958	1.214332389	1.684392937	-1.071030392	0.992615266	0.670534938	0.292040601	0.413318011	0.448559324	0.259229477	0.580990942	-1.095752087	-0.034671586	-0.121013572	0.321566283	-3.923635009	-0.854651176	-1.541554525	-2.603342996	0.11714198	-0.842604655	-0.117638295	0.082840688	-0.699583066	0.119155556	-0.419216691	-0.722301787	-0.620642565	0.189521961	-3.521469473	-1.585415232	-1.010323678	-0.55427762	0.053805007	-0.383473918	0.148888302	2.331423481	0.059667662	2.115965494	2.673012582	-2.731084923	0.842982595	1.36318829	0.095156205	0.313844099	-0.001075894	-0.25397085	-0.223724773	-0.531811896	-1.760869035	0.535036135	0.724287266	0.275574445	1.133051996	1.012218654	0.123546905	-0.444445797	0.150077495	-0.384468757	-0.402741609	-0.090872367	-1.131700229	-0.635458887	-0.235784642	2.646488426	0.938888454	1.323137096	-0.383948731	-0.181484222	0.253219744	-0.632811652	-0.802780528	0.488937683	3.504949182	0.486304054	0.337208609	-0.906700099	0.245763296	0.325586301	-0.303252285	0.13881314	1.235030346	0.030947264	0.018115475	0.90129893	0.790955229	1.672536955	1.215701388	0.328376847	0.085904954	-0.928523515	-1.999941664	-0.494616921	0.296154644	-0.006303321	0.102423815	2.536415425	1.294398466	2.749179474	-2.352422996	2.372333186	-2.670367562	-0.0320553	-0.556917223	-0.046922001	-0.216551633	-0.266120322	0.441923725	-1.949905706	0.404206162	-0.190149356	-0.249459566	-0.797025474	-1.045510713	-0.620001676	-0.68362577	1.261792367	0.993062325	0.285284313	-0.051948981	0.714024526	1.33908446	0.721970428	-0.697921689	0.210267283	1.205192881	-0.903675701	-0.179196516	-1.210140382	-1.459743193	-1.54938005	-9.042796005	0.883416065	-0.211923147	-1.109312064	-0.072893878	-0.717932318	-0.383916042	0.837108275	-0.182755955	-0.253204473	0.272107478	0.21328059	0.272867553	-0.824283866	-0.178182697	0.142884827	0.354064124	1.163220726	0.087481391	0.211766631	2.216415245	-2.730356433	0.356826928	0.857395663	0.026433288	0.259972593	-0.684434882	-0.287209703	1.148421463	1.595681756	1.656826317	1.666102447	-0.024183604	0.034077225	-0.520956231	-1.324318606	0.265953761	-0.130294452	-0.485979532	-0.062240033	-0.477185237	-0.434494852	-0.170503651	0.273735792	-3.459395339	-0.394741444	-1.286385822	-0.176472117	0.095254056	0.047030721	-1.141594313	-0.540650325	-0.016539029	0.059748662	-0.064440034	0.225123014	-0.191650421
Trimethoprim-H [H]	0.34127951	0.923576018	0.264601359	1.178548954	1.1717207	0.484201037	-0.204401127	-0.057890739	1.034027717	0.629190406	-1.311822194	-0.896398396	0.581783429	-1.92272861	0.62151405	1.522707437	-0.323809848	-0.113414047	0.365045242	0.293295269	0.318380268	0.993531617	0.535795329	0.195662212	-1.118551767	1.928743756	-2.882011769	0.916321574	-0.113314042	-1.249679824	-1.283212772	-3.841452342	-1.07080396	-7.132535811	0.355053845	-0.133395728	1.727889181	2.943726884	1.165505577	1.282132851	1.024593954	-3.744880958	1.666775123	0.255423193	-0.2083636	0.463854082	0.9303884	-0.155639844	0.06557813	-1.015378534	-1.557410589	1.630965558	-0.836133382	1.475378507	-1.522084746	-1.819574466	-7.335835057	-9.139148028	-4.192461556	-10.51749971	-7.977665427	2.140112173	-3.758363938	-3.375535056	-6.791521388	2.109155233	2.462134917	-1.121771732	-0.243866573	-0.302995262	0.236199305	-0.253723587	1.461978331	-0.153889602	3.474048181	-0.719635545	0.937736059	-0.444050846	1.100106268	0.809792122	0.176774684	0.017922983	-0.15960499	0.478772782	0.518858988	0.197196729	1.10523202	-1.288876845	0.327508576	0.221444023	0.621957882	0.116546312	1.136953113	0.857487802	0.240887366	-0.462609321	-0.641400652	1.335465551	-3.388054897	-4.662160526	0.904306649	0.093457413	-0.282552555	2.085445822	-0.572398324	1.837040523	-1.08581991	1.140799998	2.094307955	-0.580688734	0.026097114	-0.625535182	-0.346315272	1.45403261	1.103520428	-0.647420808	1.139920368	1.373871282	0.674664997	0.816240511	0.660718029	0.81043328	0.579852782	-1.784397554	-0.511754618	0.063612273	0.074006212	-3.733517305	0.965621309	-1.027958028	-1.515600197	-0.175663354	-0.525245588	-0.22708176	-0.071542511	-0.408798828	-0.07978144	-0.344939415	-0.253846068	-0.618318723	-0.403014831	-3.966371266	-2.163142033	-1.706297374	-1.616273584	-0.045162481	-0.310302813	0.161321225	2.265554092	-0.127080088	2.409256157	2.917148694	-2.429663228	1.428541568	1.349137785	0.123621162	-0.467319236	-1.414704117	-0.464587683	0.12504102	-0.671445551	-1.629919919	0.803921375	0.744570956	0.707428829	1.669206353	0.833834178	0.1388512	-0.215761677	-0.124816467	0.086774833	-0.460805871	0.019021197	-1.193273665	-0.661459919	-0.748120254	2.949058855	1.279255879	0.324395018	-0.355310424	-0.215037434	0.361864199	0.373229283	-0.494643406	0.554527102	2.927578184	0.372384114	0.467575422	-0.380766432	0.154365061	-0.277460335	-0.258093275	-0.466994599	-0.009573939	0.07963076	0.129471498	0.629964675	0.417393707	1.224317358	0.241694456	-0.033680226	-1.041250634	-0.788223614	-1.677495667	-0.596723914	-0.125124611	-0.069790606	0.2070644	1.873304385	0.715202027	2.400392508	-1.821771961	1.636156156	-2.607746433	-0.606810104	-0.631068453	-0.623722711	-0.548639735	-0.524837905	0.001771602	-1.641867235	0.300796409	-0.404663436	0.009411075	-0.577067216	-0.872840719	-0.666524047	-0.189049739	0.982985675	0.876425258	0.108357597	-0.024026	1.195674608	1.453657889	0.967543148	-1.156492816	0.339425702	0.852624654	-1.044311516	-0.915540953	-1.260936902	-1.107212847	-1.316298906	-8.851642211	1.817125126	-1.193193247	-0.886857444	0.971095205	-1.375420888	-0.250662692	1.075102535	0.219499195	-0.389859681	0.26405011	-0.584687962	0.989188169	-0.634988285	-0.089572174	-0.437032099	0.510813286	1.558647391	0.474908831	0.419477052	2.032517951	-2.933093319	0.364157428	1.128271252	0.071121567	0.048005182	-0.227083691	-0.103489565	1.646355874	0.500741498	0.990455024	2.190348759	0.223779273	-0.328458057	-0.225999213	-1.350499474	0.412356303	0.064388053	-0.739769997	-0.420054851	-0.583538301	-0.84668039	-0.115554056	0.286588138	-2.96831438	-0.378924424	0.622626835	-0.145541369	-0.152833755	0.287777459	-1.19555792	0.432964228	-0.511142912	0.57912156	-0.620785767	0.116901204	-0.136462694
Trimethoprim-I [I]	0.379099219	1.600069295	-0.286210461	2.49847734	1.7469968	-0.541276435	-0.183842781	0.204018549	1.576649056	0.168414097	-1.983995431	-1.443854561	1.104835658	-3.646267029	0.059838553	2.136062272	-0.558102719	-0.862968634	-0.47089277	-0.730232154	0.379130601	2.053733118	0.679346856	0.218590237	-1.319921888	0.81092351	-4.146165874	1.771705534	-0.447066917	-3.135666712	-0.894631499	-4.881336661	-3.338694529	-11.5452677	-0.833671367	-2.191230858	3.515167264	4.659955345	2.0547957	2.315431086	-1.210733947	-5.058634884	2.872135245	-0.643068818	-2.383736053	0.789831636	1.707953948	0.857211493	-0.046250882	-1.657072634	-2.584912647	1.544965868	-0.828263714	1.717635765	-2.113957867	-0.52935615	-8.160957225	-10.26476192	-2.444919254	-10.74891124	-9.056417871	3.442414977	-3.375268608	-6.471073441	-9.55990928	-0.716358365	1.497191177	-0.57496397	-0.903810571	0.695115448	0.519338919	0.215809339	3.365601482	-1.1004356	3.392202195	-1.629440771	0.986164932	-0.013636813	2.112730498	2.606853954	0.066035967	0.337233302	0.223739881	0.062828022	0.890450533	-0.880026702	-0.066881412	-1.406782143	1.667080251	0.133778272	1.113168698	-0.083880745	2.786953289	1.202098704	0.88452815	0.491376544	-0.62113889	3.045944551	-4.713537906	-6.390732085	1.446191678	1.049036814	-0.683123651	3.329663482	-0.153143588	3.046419416	-0.778774214	1.428523948	2.980510262	-0.652466039	-0.799773184	-0.698391896	-2.481862314	1.95700498	1.015313075	-1.218064105	1.883861893	3.47191322	1.291070281	2.449290917	1.452794852	-0.15117064	1.683390497	-2.802603793	-0.030760521	0.899744851	-0.265458265	-4.224169399	0.068344176	-1.537304656	-2.131619675	-0.231347504	-0.595611398	0.350278716	-0.197651915	-0.215946603	-0.798821452	-0.716140079	-1.127981431	-1.449230629	-0.861040359	-5.109348373	-3.221162046	-3.098166574	-3.818913629	0.771737482	-0.615098556	0.024156426	2.430751227	-1.137052452	2.403110187	4.640369019	-2.489531952	3.120705582	0.75765307	0.3282071	-1.080603482	-4.236285769	-2.546001228	-0.383650757	-1.096990558	-2.072918482	1.186938041	1.53667177	0.715935397	2.966081826	0.566781717	-0.834878248	-1.015190181	0.663372126	-0.880050236	0.799093313	-0.38963056	-0.573243222	-0.525955159	-1.078860453	4.258705926	1.447229236	1.900506011	0.583643532	-0.495824791	0.517350472	0.317376948	-0.844618668	-0.220588639	3.474487234	0.357938056	0.688986952	-0.702337046	-0.472656963	-0.283115653	-0.461859032	0.572992134	1.316442817	-0.389332964	-0.691128217	0.403993256	1.145948339	1.249319379	1.216153098	0.001724756	-0.800014622	-0.281511329	-1.535249843	-0.523913519	0.120361488	-1.443478098	-0.723401602	2.409690218	1.179043879	2.462998064	-2.125061217	2.218458101	-3.452437878	-1.097069798	-0.28223387	-0.490019865	0.506810997	-0.088029344	0.182661329	-1.293949041	0.622379273	-0.336776939	0.505097872	-0.839647244	0.253325498	-0.667706123	-0.421196208	1.207234127	0.644896279	0.453557566	0.22740562	1.07885803	2.008841111	1.659023377	-1.860389628	1.043143761	1.634177235	-1.844322507	-1.042943622	-1.814662678	-0.761304678	-0.845193909	-9.280346711	0.651886396	-0.402638458	-2.726529778	-0.259774669	-2.139392994	0.642673938	1.617270719	-0.735734925	-0.685576548	0.302596706	0.014316416	1.429837753	-0.001879638	0.307907879	0.050797941	0.216852542	2.724029966	0.509581771	1.204595352	1.390632745	-2.296898376	0.70980184	-0.157915712	0.840576085	1.241573277	-0.472304943	-0.397875101	3.460601655	-0.009793726	-0.745931592	3.889014458	-0.259982703	-0.290153767	-0.936329452	-0.830773614	0.073619318	0.740668839	-0.25316184	-0.767629024	-0.578784353	-0.776921917	-0.676473443	0.145213474	-3.075680311	-0.008153896	0.259759367	-0.405024013	0.554459473	0.95867367	-0.767759663	2.258277964	-0.182481603	0.012888613	-1.277367141	-0.856285975	-0.089895923
Trimethoprim-J [J]	1.67488874	2.977604779	0.560046168	3.475915095	2.968916183	0.94658394	-0.737634088	-0.195800652	2.155807469	-0.144883857	-1.90232169	-2.104087532	0.582659258	-3.920851623	-0.915968977	2.787847886	-0.156404265	-0.31881046	-1.232992502	-1.023571329	1.287555251	2.622331496	0.747194679	0.075497099	-1.68613212	0.892388658	-5.085112295	2.593398198	-1.791061346	-4.518059588	-2.632786334	-6.598781425	-3.168246858	-10.58049301	-2.113318746	-5.066555787	4.025125695	4.851740159	3.503539066	2.900126441	-2.898423634	-5.730224381	3.359659481	-2.531682344	-3.81797189	-0.442770653	1.9393112	1.55512548	0.272897578	-2.266505552	-2.51676357	2.924498299	-0.424629357	2.98011381	-0.909618205	0.757051442	-7.747747478	-6.975519378	-0.983654967	-7.789490387	-8.015941898	3.902506503	-1.108495851	-9.377523272	-9.565812985	-1.667909628	-0.234450367	-0.693264486	-1.349874062	0.81755486	0.889143928	0.606689986	3.639668515	-0.607463561	3.996593498	-1.487111226	1.652342575	0.273865218	3.588100938	3.698668037	-0.780264057	1.129600683	-0.697088892	-0.227265378	0.887551271	-0.866933849	-0.502279663	-1.183612539	1.545069547	-0.026662308	0.692130561	-0.161176505	2.944598929	1.462763454	1.112337205	1.603037281	-0.007951205	3.939820153	-5.413115292	-6.202294053	2.247800059	2.238323557	-0.503012732	4.406476349	0.739858209	3.656857195	-0.849538948	1.037453724	4.87410414	-1.205848947	-0.375971214	0.110884263	-3.852547998	2.537618717	1.283858249	-0.576573383	1.706430432	4.246147833	1.255926563	2.51297809	1.455712986	-1.112314187	2.093170982	-2.723014169	-1.622284027	1.971720652	-0.418184236	-5.619857391	0.823911936	-0.707155371	-2.359396916	-0.5688594	-1.380437093	0.181133332	-0.824146693	-0.316091267	-0.550178952	-0.560010536	-0.79126693	-2.310836376	-1.989805713	-4.990189291	-4.192903428	-4.301747898	-5.188255437	0.769506359	-0.837973121	0.205922461	1.724951316	-1.64717461	1.530044146	4.378765926	-1.972470955	4.472805245	0.562117772	0.348931512	-2.302520062	-6.19118671	-3.776076592	-0.116048911	-1.212692632	-1.661803163	1.81027092	2.451452176	1.566777141	4.243570892	-0.104958398	-0.949988304	-0.835884156	0.57268405	0.372449003	1.369491098	-0.192485044	0.118013625	-1.055207681	-1.434859061	4.291561221	0.466735681	0.881812951	1.097368534	-0.182639101	0.268440543	0.146295303	-1.593368815	-1.300285282	6.336916514	0.209719045	-0.039379961	-0.693110965	-0.493695401	-0.216228586	0.210125863	0.586437431	0.909860149	0.173670128	-0.467479371	-0.068131921	0.880920208	0.661278316	-0.461870001	-0.26038012	-0.630091938	-0.035136053	-0.935214395	0.359673331	0.211895899	-2.364999236	-1.201872989	1.662195529	0.997725406	3.303479031	-1.56634795	1.775505617	-3.315541236	-1.361402869	-0.377486874	-0.796206872	0.40647782	-0.604113654	-0.20613606	-1.402788895	-0.319664436	-1.120710108	0.461823634	-0.81572744	0.741871531	-1.228527733	-0.969279218	-0.069882142	-0.572666944	0.923625677	-0.209319359	0.587743899	2.118740167	2.126901529	-2.480852106	0.812571486	2.645907628	-1.631142479	-0.49111087	-1.27316964	0.278289488	0.421605871	-8.757175504	1.559453345	-2.205469484	-2.907609186	-0.174746863	-2.641968504	0.112910232	0.787709794	-1.395166849	-0.618720187	0.329524765	-1.117315655	2.514569448	0.189922427	0.169037635	-0.426783556	-0.082631414	3.275469208	1.268377116	2.472417497	1.280969683	-1.568629649	-0.490107041	-0.929572486	0.821989446	1.710379038	-0.098930489	-0.181583598	4.783602583	-1.42027162	-1.867394991	3.824541912	-0.524522857	-0.590223135	-0.638151979	-1.172317555	-0.301703659	0.487699564	0.203493384	1.043649807	0.761143652	0.080146643	1.117018789	-0.240555404	-2.314309714	0.308489098	1.258215149	-1.023161945	-0.007171035	0.893889802	0.251581042	3.932155254	-1.038200745	-0.542049163	-1.7861567	-1.465609901	0.060644148
UV-A [A]	1.382694865	1.287523918	-0.132968557	2.131979861	0.467687871	-0.077310952	0.681242901	-0.306943508	0.386956521	0.669725168	0.469728986	-1.629878585	0.618550832	-1.459941853	-1.337910268	-0.987029159	-0.488902567	0.130422427	1.501193763	0.1385027	0.264970775	0.312100695	0.692537801	0.166061884	-0.811105046	-1.151770672	-1.244393003	-0.484174439	0.185300131	-0.095771795	-1.108679896	-3.97403143	-1.145820209	0.300758976	0.817181072	0.885111705	-0.679882767	0.470078711	0.765642948	1.03301336	0.986929508	2.25217473	-0.265489531	-0.475353312	0.821444837	0.996003984	1.814679435	0.945352865	-0.755308123	-0.150736861	-1.139723104	1.100299961	0.310126178	1.094763623	1.089870266	0.700347097	0.098996967	-0.856377397	0.038341826	-0.717626903	0.043486441	-0.376138711	1.707935401	-1.601520851	-1.999568068	-0.126121075	2.150740988	0.936720981	0.805346676	-1.151931174	-0.711198314	-0.375840543	0.570980173	-0.713826974	0.237749563	1.072606938	-1.65251281	0.97586936	0.240687554	0.328524255	0.149757479	3.785071788	0.761699606	0.33416384	-1.495284335	0.67858294	1.261782588	-0.622581482	0.563815153	1.300387692	0.22358503	0.311041749	0.520574763	0.533856655	0.024310285	0.541745654	0.192254729	-0.507249709	0.380153292	0.90509248	-3.176560881	0.725819422	1.140035228	-0.386775685	0.933198697	2.04420623	-0.132461755	-0.43604217	1.591676377	0.365793892	1.941826962	0.480898246	-1.514262858	0.095027608	0.596245948	0.076809807	1.201526138	1.597704963	0.741725551	1.241693103	-0.281147524	1.006662251	-1.231130285	0.639029034	-1.013698111	-0.900321636	0.217850559	1.005455	-3.335739861	-3.351562411	-2.251700352	0.984672714	1.29401058	1.519968413	0.626030183	2.030765442	-0.094679425	1.452239748	-0.579328947	0.195046083	0.153940397	-0.977145392	-1.09533765	-1.381040375	-3.716630208	-0.477289505	0.438303866	-0.23514962	-1.245601266	-0.253453994	1.088637611	0.555561221	0.717434879	0.430345107	0.773668232	-0.625046792	-1.643911816	-0.792752374	-3.012657087	-0.020548871	-1.561723283	-0.753887576	-0.322592787	-0.173952805	1.482076885	0.562542613	1.271546416	-2.753148175	0.6569391	1.449810055	0.683911586	-0.317367349	-0.018024187	1.109254037	1.373994622	-0.806752125	0.850711073	0.609059854	-1.227907318	0.759467874	-0.152820376	0.193034988	-0.533221188	-1.080772425	0.765377942	0.979088318	0.45162953	-0.216216856	0.245102428	0.751085515	0.133616435	0.18202028	0.454428414	2.052548459	0.90690647	1.297531604	2.447179376	-0.218287293	-0.377163399	-0.509226242	0.947011604	1.25161681	0.838267225	1.265052491	-1.196291232	1.265518281	0.934619121	-0.360850269	0.019570246	-1.870337027	-1.931892354	1.906491062	0.978344774	0.982319329	0.888070244	0.751074309	-0.035649366	1.439282022	-1.194681734	0.634822556	1.235103849	-0.513314845	0.564940987	0.062635052	1.003230563	-0.458333752	-0.901308942	1.438317402	-0.298824877	0.99260671	0.185037882	0.527993256	0.502542982	1.821851043	-0.135218419	0.681669643	0.722079446	0.629177701	1.420580376	0.926862414	0.192023562	0.943357275	1.07688716	0.820176193	1.318616541	0.271332275	0.68516774	0.700389505	-1.209297543	-3.797341754	-1.230611713	-1.155206184	0.165611939	-0.30425672	0.220877485	-0.849838378	1.054791561	0.776543914	-0.291198648	-0.175673097	-0.614813697	0.209887643	1.06807724	1.482720282	-0.340957508	-0.161399702	-0.911329701	0.276106828	-0.894086152	0.299764496	0.498768182	-1.2747291	-2.531252387	-0.202537517	0.083508467	-0.073063865	0.91347575	-0.019704429	1.256899706	0.176646084	-1.119565205	-0.139245641	-0.568550748	-0.373405136	0.652717403	0.053726503	-0.126968684	-0.623643894	2.457374289	1.915465364	-0.615149307	-0.086352849	0.566929289	-0.289610588	2.510583884	0.838718043	0.769545623	0.010417779	0.710727705	0.191594305
Vancomycin-A [A]	-1.076501098	-1.336476191	-1.254185911	0.040708144	1.654499043	-1.029999589	-1.023232163	0.331397425	-1.534280983	-1.226401116	-1.192473853	-0.910011358	-0.137817198	-1.766609214	2.115422188	-1.121625325	-0.496118129	-1.598044919	1.065513689	2.075905918	-0.437827525	0.033203108	1.197240057	-0.501276619	0.535997829	-2.606019341	-0.650839669	-0.350967902	-0.655051149	0.346967956	1.438813898	-1.700390172	-1.634987864	-0.183811718	-0.75009851	-3.053105824	2.628028134	1.68420728	-1.225543332	1.75548201	-1.973058384	3.180924341	1.174232686	-0.244287425	0.323126758	0.812351472	-0.845402675	0.466923227	-1.119182403	-1.215604223	0.858146253	0.344453376	1.060058815	-0.561098298	-1.16569748	0.268338942	-0.10215267	-0.430140942	0.59682027	-1.36388378	0.262631828	-2.338963044	-5.108916672	-1.804493143	-1.237974144	-1.471710686	-10.67912198	0.95490346	-1.862177955	-0.816781669	0.635734936	-0.76462667	-0.197166775	-1.30864836	-0.132553145	-0.591555624	-2.021408131	-0.032629924	-1.655231456	-2.345246663	-0.384057189	0.467948518	0.859175985	1.891356516	-0.733369238	0.998097384	2.06538842	0.286506425	0.332004481	0.19885676	-0.297336016	-0.694722356	1.40751501	-0.133976261	-0.347328535	1.008578972	-0.119992069	-1.721385246	-0.378687759	1.913153067	-2.608516716	-3.377623147	1.335977603	-0.706883488	0.444014036	1.135570288	-0.365732817	0.429316814	0.876337192	0.933548906	0.902046216	-0.039243452	0.021297624	-0.404188908	2.657585537	-0.48567512	-0.062958417	-0.584068206	-0.345954491	0.633789805	0.735948982	-1.710136064	-1.160403849	-0.176525964	1.584081505	-1.628902805	0.315655358	1.956656678	0.839222491	2.357937531	1.308621476	1.655674401	0.372495727	0.411584962	0.543210995	0.091878127	-0.840408657	1.445479549	-1.163866612	2.828983122	0.28745899	0.979577264	-2.842499564	-0.893688339	-0.459623202	-1.633009779	-2.014335848	-0.644658549	0.048429018	-0.866562887	0.7494861	-0.5971258	3.365175166	0.723066115	1.300204231	0.609373866	-1.270680642	-1.98537113	-0.662304329	-0.714826183	-1.93033852	-0.161088081	-0.849339608	-3.275479409	-1.207207101	-0.630261105	0.376626286	0.236343584	1.362894532	3.296680383	-2.091847529	-1.221045074	-0.488029093	-0.630548175	0.382674496	0.625543711	0.368116818	-1.150768081	-2.722455314	0.083713388	0.895148493	0.177597247	-1.83148827	0.136900979	3.24732854	-0.744265707	0.397574981	0.581192551	1.994977665	0.566383718	2.49873403	-0.525089154	2.972593028	4.11402533	1.152734357	-1.024998437	3.34442529	1.766114203	0.987404104	3.127884529	2.484417634	3.84161709	0.353375793	0.334328995	-0.525960228	3.625170765	0.46230028	0.14416045	2.919061434	0.246451391	-0.248577227	-0.542964433	2.426155523	3.025925577	3.225817462	0.554647418	2.009468279	3.039164011	0.124462294	1.784185673	1.179869568	0.134211932	-0.241799434	2.909565843	1.113422266	0.960998145	1.719379241	1.691260958	1.372984526	1.141538517	-1.478215188	-0.546391072	-0.60421371	3.284806619	-0.092742019	0.674620785	-0.748382579	-0.424153039	2.846690575	-1.124047549	-1.546938441	0.160753997	-0.312573271	1.206322933	1.666505021	7.253783045	0.953317165	-0.803164658	2.409439691	-1.811073665	-0.371769141	-1.53100501	0.867558061	-0.153114575	-0.551915088	-1.675290464	-0.707305873	-0.860266099	-0.567864058	-1.219841078	-1.522653013	0.171530427	2.334747839	-1.029373054	-1.906960407	-2.245642047	-1.791768968	0.767398374	-0.742168103	0.726163738	-0.16320936	-3.588608914	-2.743868618	-2.079385308	1.969561511	-0.073224975	-0.524465349	-1.934043916	2.753875031	-1.870208302	-0.495114904	0.438646122	0.41002595	0.796607438	0.142674165	0.223811082	1.485572112	0.995709358	0.449724858	-0.231054369	-0.0842775	-0.264742668	0.298392488	-0.25209083	-0.539217584	-0.501298535	-1.692674426	1.80110729	0.767798739	-0.26990493
Vancomycin-B [B]	0.098150343	1.773525121	-0.533935626	-0.79670584	0.219183422	0.317871499	0.154387448	0.139640239	0.117806063	-0.245367602	-1.459946036	-0.979885075	-0.493605931	0.21305663	0.636195618	-1.241766877	-0.25187487	0.075302449	-0.487732775	-1.418414981	0.55998688	0.688473575	0.773310209	0.18756438	-0.297323563	-1.426848773	0.33878751	-0.017997079	-0.129834911	0.092455472	1.369300841	-0.521898568	0.19521082	1.316230512	0.281373315	0.415452854	-1.822364677	0.515082464	-0.278370205	-0.316450079	0.237077777	0.550535167	-0.114992488	0.238372969	1.148622478	-0.424773573	0.443722102	-1.340692573	0.876630366	0.29889258	0.590565329	-0.108104119	0.803829782	0.177269754	-1.725244048	-0.081222877	-0.145132204	0.575394086	0.717683317	0.073093411	0.41669885	-1.888971922	-2.769454921	1.647568048	1.480409268	0.337566253	-0.856277592	-0.219452304	-0.462498413	-1.352557968	-0.267341251	-0.058833792	-0.332986969	0.795654759	0.814781116	-0.358409998	-0.876612858	0.252548269	-0.218295674	-1.326706488	-0.691787371	-3.048335673	0.089597721	0.090561343	-0.649029228	0.63088132	1.184313906	0.380406048	-0.93768656	-0.165810411	-0.877929069	0.241492961	-1.180335037	-1.465803214	-1.381544254	-0.697951603	0.251022933	-2.161019836	0.790616642	-0.001205999	-0.763244854	-1.436059175	0.588871366	-0.4396611	-0.228327064	-0.700336167	0.59498192	-0.453888637	-0.58809256	0.562251707	-0.460823899	-0.059830822	1.178342802	-0.807711072	-1.332393832	-1.954782971	0.238306208	-2.342986946	-0.233350091	-0.54362753	-0.929712842	-0.782512215	-0.785329892	0.055676167	0.59224901	-1.164696876	0.308759185	3.815761065	0.414681014	1.259885405	-1.087541526	0.218424112	0.350816845	-0.306581729	-0.226571506	-0.269787878	-0.27680801	-0.105841829	1.120966928	0.096206525	-0.772965705	1.338898706	1.716182394	1.451788209	2.08729686	0.471010575	0.296808039	0.024969374	-0.163147836	0.092533133	0.336596245	0.113659436	-0.725495674	-0.770895689	1.541891194	1.030937686	-0.439081994	0.591916052	0.696164176	-0.088974843	-0.081472549	0.24074515	-0.640378253	-0.285253035	-0.168416199	0.34719915	0.605592379	-0.073706306	0.327608276	0.996982809	-1.217650083	0.492270598	0.237704251	-0.375826085	-0.249444783	0.438657437	-1.223794616	-0.788970607	-1.283672097	0.341696457	-0.252244136	-0.715535927	1.812720989	0.313420136	0.615601318	0.795136038	0.135771424	0.045989251	-0.100404021	0.295352864	1.053307713	0.502755705	-0.241063337	-1.120604145	0.416166242	-0.215758235	0.296782391	-1.037826027	-0.072599489	-0.422729823	0.90391962	0.454714271	-0.808227107	0.836153174	-0.665836899	-0.535082049	-0.127991163	0.171001995	-0.353655396	0.593111603	-0.252277282	-0.471850042	-1.642277808	0.378625722	0.795445854	-0.329272009	-0.36362939	0.372847676	0.547946853	-1.062428644	0.432364355	-0.112752226	-0.629642267	-1.046471663	0.461151202	-1.868676154	0.830880179	0.539692025	-1.113637699	0.893665668	-0.492043096	-1.625746848	-1.534307695	-1.068171845	-0.547525799	0.587771056	-0.148299479	-0.307611022	0.077686702	0.44842433	0.212536539	-0.985104121	-0.811543941	0.781465756	3.006992301	1.110468204	0.656179987	-0.367797123	-0.030312635	-3.158410811	-1.334903229	0.851778683	0.553822804	0.51556516	-0.439486329	0.027709916	-0.397553492	-0.111263628	0.272203344	0.220840894	-1.74578214	0.061476476	-0.233550626	0.101244373	-1.418485261	0.54541303	0.400507437	-0.105231462	-0.322625157	0.342088455	0.20933259	-0.563822487	1.893327261	2.26383635	1.40068576	0.663236283	0.126828464	0.212314469	-0.640906155	0.132033244	-0.054037491	0.015755864	-0.678180508	-0.68458937	-0.252547373	-0.351087768	0.330790172	-1.432265066	-0.522086858	-2.068853742	0.353497609	-0.304564861	-0.233890301	0.205295729	-1.350866469	-0.038773448	0.18105487	0.510245133	0.00127065	0.141998549
